{"bytes_1": 4096000000, "bytes_sram_2": 616134656, "cache_entries_2": 9830, "hitrate_2": 30.0847, "hitrate_1": 49.2563453125, "hits_total": 130909796, "accesses_total": 272000000, "cache_ratio": 0.9, "bytes_2": 2048000000, "accesses_2": 16000000, "hits_1": 126096244, "bytes_sram_1": 2017539904, "hitrate_total": 48.12860147058824, "cache_capacity_2": 1258240, "filter_ratio": 0.0625, "cache_capacity_1": 1415568, "bytes_sram_total": 2633674560, "bytes_total": 6144000000, "hits_2": 4813552, "accesses_1": 256000000, "cache_capacity_total": 12582912, "cache_entries_total": 98303, "cache_entries_1": 88473}