{"bytes_1": 4096000000, "bytes_sram_2": 219331584, "cache_entries_2": 983, "hitrate_2": 10.70955, "hitrate_1": 50.0080734375, "hits_total": 129734196, "accesses_total": 272000000, "cache_ratio": 0.99, "bytes_2": 2048000000, "accesses_2": 16000000, "hits_1": 128020668, "bytes_sram_1": 2048330688, "hitrate_total": 47.69639558823529, "cache_capacity_2": 125824, "filter_ratio": 0.0625, "cache_capacity_1": 1557120, "bytes_sram_total": 2267662272, "bytes_total": 6144000000, "hits_2": 1713528, "accesses_1": 256000000, "cache_capacity_total": 12582912, "cache_entries_total": 98303, "cache_entries_1": 97320}