{"bytes_1": 4096000000, "bytes_sram_2": 55344640, "cache_entries_2": 163, "hitrate_2": 2.702375, "hitrate_1": 34.6100484375, "hits_total": 89034104, "accesses_total": 272000000, "cache_ratio": 0.99, "bytes_2": 2048000000, "accesses_2": 16000000, "hits_1": 88601724, "bytes_sram_1": 1417627584, "hitrate_total": 32.73312647058823, "cache_capacity_2": 20864, "filter_ratio": 0.0625, "cache_capacity_1": 259520, "bytes_sram_total": 1472972224, "bytes_total": 6144000000, "hits_2": 432380, "accesses_1": 256000000, "cache_capacity_total": 2097152, "cache_entries_total": 16383, "cache_entries_1": 16220}