{"bytes_1": 4096000000, "bytes_sram_2": 278209536, "cache_entries_2": 1474, "hitrate_2": 13.58445, "hitrate_1": 44.166371875, "hits_total": 115239424, "accesses_total": 272000000, "cache_ratio": 0.97, "bytes_2": 2048000000, "accesses_2": 16000000, "hits_1": 113065912, "bytes_sram_1": 1809054592, "hitrate_total": 42.36743529411765, "cache_capacity_2": 188672, "filter_ratio": 0.0625, "cache_capacity_1": 762832, "bytes_sram_total": 2087264128, "bytes_total": 6144000000, "hits_2": 2173512, "accesses_1": 256000000, "cache_capacity_total": 6291456, "cache_entries_total": 49151, "cache_entries_1": 47677}