{"bytes_1": 4096000000, "bytes_sram_2": 195297280, "cache_entries_2": 819, "hitrate_2": 9.536, "hitrate_1": 27.34324375, "hits_total": 71524464, "accesses_total": 272000000, "cache_ratio": 0.9, "bytes_2": 2048000000, "accesses_2": 16000000, "hits_1": 69998704, "bytes_sram_1": 1119979264, "hitrate_total": 26.29575882352941, "cache_capacity_2": 104832, "filter_ratio": 0.0625, "cache_capacity_1": 117952, "bytes_sram_total": 1315276544, "bytes_total": 6144000000, "hits_2": 1525760, "accesses_1": 256000000, "cache_capacity_total": 1048576, "cache_entries_total": 8191, "cache_entries_1": 7372}