{"bytes_1": 4096000000, "bytes_sram_2": 603167232, "cache_entries_2": 9175, "hitrate_2": 29.451525, "hitrate_1": 51.759284375, "hits_total": 137216012, "accesses_total": 272000000, "cache_ratio": 0.93, "bytes_2": 2048000000, "accesses_2": 16000000, "hits_1": 132503768, "bytes_sram_1": 2120060288, "hitrate_total": 50.44706323529412, "cache_capacity_2": 1174400, "filter_ratio": 0.0625, "cache_capacity_1": 1950336, "bytes_sram_total": 2723227520, "bytes_total": 6144000000, "hits_2": 4712244, "accesses_1": 256000000, "cache_capacity_total": 16777216, "cache_entries_total": 131071, "cache_entries_1": 121896}