{"bytes_1": 4096000000, "bytes_sram_2": 219331584, "cache_entries_2": 983, "hitrate_2": 10.70955, "hitrate_1": 40.664071875, "hits_total": 105813552, "accesses_total": 272000000, "cache_ratio": 0.97, "bytes_2": 2048000000, "accesses_2": 16000000, "hits_1": 104100024, "bytes_sram_1": 1665600384, "hitrate_total": 38.90204117647059, "cache_capacity_2": 125824, "filter_ratio": 0.0625, "cache_capacity_1": 508544, "bytes_sram_total": 1884931968, "bytes_total": 6144000000, "hits_2": 1713528, "accesses_1": 256000000, "cache_capacity_total": 4194304, "cache_entries_total": 32767, "cache_entries_1": 31784}