{"bytes_1": 4096000000, "bytes_sram_2": 670594560, "cache_entries_2": 13107, "hitrate_2": 32.743875, "hitrate_1": 51.5066953125, "hits_total": 137096160, "accesses_total": 272000000, "cache_ratio": 0.9, "bytes_2": 2048000000, "accesses_2": 16000000, "hits_1": 131857140, "bytes_sram_1": 2109714240, "hitrate_total": 50.403, "cache_capacity_2": 1677696, "filter_ratio": 0.0625, "cache_capacity_1": 1887424, "bytes_sram_total": 2780308800, "bytes_total": 6144000000, "hits_2": 5239020, "accesses_1": 256000000, "cache_capacity_total": 16777216, "cache_entries_total": 131071, "cache_entries_1": 117964}