{"bytes_1": 4096000000, "bytes_sram_2": 1025505792, "cache_entries_2": 98304, "hitrate_2": 50.073525, "hitrate_1": 0.0, "hits_total": 8011764, "accesses_total": 272000000, "cache_ratio": 0.0, "bytes_2": 2048000000, "accesses_2": 16000000, "hits_1": 0, "bytes_sram_1": 0, "hitrate_total": 2.945501470588235, "cache_capacity_2": 12582912, "filter_ratio": 0.0625, "cache_capacity_1": 0, "bytes_sram_total": 1025505792, "bytes_total": 6144000000, "hits_2": 8011764, "accesses_1": 256000000, "cache_capacity_total": 12582912, "cache_entries_total": 98304, "cache_entries_1": 0}