{"bytes_1": 4096000000, "bytes_sram_2": 278209536, "cache_entries_2": 1474, "hitrate_2": 13.58445, "hitrate_1": 33.838096875, "hits_total": 88799040, "accesses_total": 272000000, "cache_ratio": 0.91, "bytes_2": 2048000000, "accesses_2": 16000000, "hits_1": 86625528, "bytes_sram_1": 1386008448, "hitrate_total": 32.64670588235294, "cache_capacity_2": 188672, "filter_ratio": 0.0625, "cache_capacity_1": 238544, "bytes_sram_total": 1664217984, "bytes_total": 6144000000, "hits_2": 2173512, "accesses_1": 256000000, "cache_capacity_total": 2097152, "cache_entries_total": 16383, "cache_entries_1": 14909}