{"bytes_1": 4096000000, "bytes_sram_2": 989453312, "cache_entries_2": 78643, "hitrate_2": 48.31315, "hitrate_1": 44.968759375, "hits_total": 122850128, "accesses_total": 272000000, "cache_ratio": 0.4, "bytes_2": 2048000000, "accesses_2": 16000000, "hits_1": 115120024, "bytes_sram_1": 1841920384, "hitrate_total": 45.16548823529412, "cache_capacity_2": 10066304, "filter_ratio": 0.0625, "cache_capacity_1": 838848, "bytes_sram_total": 2831373696, "bytes_total": 6144000000, "hits_2": 7730104, "accesses_1": 256000000, "cache_capacity_total": 16777216, "cache_entries_total": 131071, "cache_entries_1": 52428}