{"bytes_1": 4096000000, "bytes_sram_2": 909918720, "cache_entries_2": 49152, "hitrate_2": 44.429625, "hitrate_1": 0.0, "hits_total": 7108740, "accesses_total": 272000000, "cache_ratio": 0.0, "bytes_2": 2048000000, "accesses_2": 16000000, "hits_1": 0, "bytes_sram_1": 0, "hitrate_total": 2.6135073529411765, "cache_capacity_2": 6291456, "filter_ratio": 0.0625, "cache_capacity_1": 0, "bytes_sram_total": 909918720, "bytes_total": 6144000000, "hits_2": 7108740, "accesses_1": 256000000, "cache_capacity_total": 6291456, "cache_entries_total": 49152, "cache_entries_1": 0}