{"bytes_1": 4096000000, "bytes_sram_2": 167635456, "cache_entries_2": 655, "hitrate_2": 8.185325, "hitrate_1": 46.74530625, "hits_total": 120977636, "accesses_total": 272000000, "cache_ratio": 0.99, "bytes_2": 2048000000, "accesses_2": 16000000, "hits_1": 119667984, "bytes_sram_1": 1914687744, "hitrate_total": 44.47707205882353, "cache_capacity_2": 83840, "filter_ratio": 0.0625, "cache_capacity_1": 1038080, "bytes_sram_total": 2082323200, "bytes_total": 6144000000, "hits_2": 1309652, "accesses_1": 256000000, "cache_capacity_total": 8388608, "cache_entries_total": 65535, "cache_entries_1": 64880}