{"bytes_1": 4096000000, "bytes_sram_2": 745717248, "cache_entries_2": 19660, "hitrate_2": 36.411975, "hitrate_1": 48.3102109375, "hits_total": 129500056, "accesses_total": 272000000, "cache_ratio": 0.8, "bytes_2": 2048000000, "accesses_2": 16000000, "hits_1": 123674140, "bytes_sram_1": 1978786240, "hitrate_total": 47.61031470588235, "cache_capacity_2": 2516480, "filter_ratio": 0.0625, "cache_capacity_1": 1258288, "bytes_sram_total": 2724503488, "bytes_total": 6144000000, "hits_2": 5825916, "accesses_1": 256000000, "cache_capacity_total": 12582912, "cache_entries_total": 98303, "cache_entries_1": 78643}