{"bytes_1": 4096000000, "bytes_sram_2": 941327872, "cache_entries_2": 58982, "hitrate_2": 45.963275, "hitrate_1": 42.5176875, "hits_total": 116199404, "accesses_total": 272000000, "cache_ratio": 0.4, "bytes_2": 2048000000, "accesses_2": 16000000, "hits_1": 108845280, "bytes_sram_1": 1741524480, "hitrate_total": 42.72036911764706, "cache_capacity_2": 7549696, "filter_ratio": 0.0625, "cache_capacity_1": 629136, "bytes_sram_total": 2682852352, "bytes_total": 6144000000, "hits_2": 7354124, "accesses_1": 256000000, "cache_capacity_total": 12582912, "cache_entries_total": 98303, "cache_entries_1": 39321}