{"bytes_1": 4096000000, "bytes_sram_2": 941327872, "cache_entries_2": 58982, "hitrate_2": 45.963275, "hitrate_1": 26.2582796875, "hits_total": 74575320, "accesses_total": 272000000, "cache_ratio": 0.1, "bytes_2": 2048000000, "accesses_2": 16000000, "hits_1": 67221196, "bytes_sram_1": 1075539136, "hitrate_total": 27.41739705882353, "cache_capacity_2": 7549696, "filter_ratio": 0.0625, "cache_capacity_1": 104848, "bytes_sram_total": 2016867008, "bytes_total": 6144000000, "hits_2": 7354124, "accesses_1": 256000000, "cache_capacity_total": 8388608, "cache_entries_total": 65535, "cache_entries_1": 6553}