{"bytes_1": 4096000000, "bytes_sram_2": 582226944, "cache_entries_2": 8192, "hitrate_2": 28.42905, "hitrate_1": 0.0, "hits_total": 4548648, "accesses_total": 272000000, "cache_ratio": 0.0, "bytes_2": 2048000000, "accesses_2": 16000000, "hits_1": 0, "bytes_sram_1": 0, "hitrate_total": 1.6722970588235293, "cache_capacity_2": 1048576, "filter_ratio": 0.0625, "cache_capacity_1": 0, "bytes_sram_total": 582226944, "bytes_total": 6144000000, "hits_2": 4548648, "accesses_1": 256000000, "cache_capacity_total": 1048576, "cache_entries_total": 8192, "cache_entries_1": 0}