{"bytes_1": 4096000000, "bytes_sram_2": 616134656, "cache_entries_2": 9830, "hitrate_2": 30.0847, "hitrate_1": 37.75256875, "hits_total": 101460128, "accesses_total": 272000000, "cache_ratio": 0.7, "bytes_2": 2048000000, "accesses_2": 16000000, "hits_1": 96646576, "bytes_sram_1": 1546345216, "hitrate_total": 37.30151764705882, "cache_capacity_2": 1258240, "filter_ratio": 0.0625, "cache_capacity_1": 366992, "bytes_sram_total": 2162479872, "bytes_total": 6144000000, "hits_2": 4813552, "accesses_1": 256000000, "cache_capacity_total": 4194304, "cache_entries_total": 32767, "cache_entries_1": 22937}