{"bytes_1": 4096000000, "bytes_sram_2": 1056419840, "cache_entries_2": 119275, "hitrate_2": 51.583, "hitrate_1": 31.678746875, "hits_total": 89350872, "accesses_total": 272000000, "cache_ratio": 0.09, "bytes_2": 2048000000, "accesses_2": 16000000, "hits_1": 81097592, "bytes_sram_1": 1297561472, "hitrate_total": 32.849585294117645, "cache_capacity_2": 15267200, "filter_ratio": 0.0625, "cache_capacity_1": 188736, "bytes_sram_total": 2353981312, "bytes_total": 6144000000, "hits_2": 8253280, "accesses_1": 256000000, "cache_capacity_total": 16777216, "cache_entries_total": 131071, "cache_entries_1": 11796}