{"bytes_1": 4096000000, "bytes_sram_2": 833359872, "cache_entries_2": 31784, "hitrate_2": 40.6914, "hitrate_1": 10.6464375, "hits_total": 33765504, "accesses_total": 272000000, "cache_ratio": 0.03, "bytes_2": 2048000000, "accesses_2": 16000000, "hits_1": 27254880, "bytes_sram_1": 436078080, "hitrate_total": 12.413788235294117, "cache_capacity_2": 4068352, "filter_ratio": 0.0625, "cache_capacity_1": 15728, "bytes_sram_total": 1269437952, "bytes_total": 6144000000, "hits_2": 6510624, "accesses_1": 256000000, "cache_capacity_total": 4194304, "cache_entries_total": 32767, "cache_entries_1": 983}