{"bytes_1": 4096000000, "bytes_sram_2": 472647168, "cache_entries_2": 4587, "hitrate_2": 23.078475, "hitrate_1": 46.2267046875, "hits_total": 122032920, "accesses_total": 272000000, "cache_ratio": 0.93, "bytes_2": 2048000000, "accesses_2": 16000000, "hits_1": 118340364, "bytes_sram_1": 1893445824, "hitrate_total": 44.86504411764706, "cache_capacity_2": 587136, "filter_ratio": 0.0625, "cache_capacity_1": 975168, "bytes_sram_total": 2366092992, "bytes_total": 6144000000, "hits_2": 3692556, "accesses_1": 256000000, "cache_capacity_total": 8388608, "cache_entries_total": 65535, "cache_entries_1": 60948}