{"bytes_1": 4096000000, "bytes_sram_2": 539878400, "cache_entries_2": 6553, "hitrate_2": 26.36125, "hitrate_1": 38.9497734375, "hits_total": 103929220, "accesses_total": 272000000, "cache_ratio": 0.8, "bytes_2": 2048000000, "accesses_2": 16000000, "hits_1": 99711420, "bytes_sram_1": 1595382720, "hitrate_total": 38.20927205882353, "cache_capacity_2": 838784, "filter_ratio": 0.0625, "cache_capacity_1": 419424, "bytes_sram_total": 2135261120, "bytes_total": 6144000000, "hits_2": 4217800, "accesses_1": 256000000, "cache_capacity_total": 4194304, "cache_entries_total": 32767, "cache_entries_1": 26214}