{"bytes_1": 4096000000, "bytes_sram_2": 411701760, "cache_entries_2": 3276, "hitrate_2": 20.102625, "hitrate_1": 32.6500390625, "hits_total": 86800520, "accesses_total": 272000000, "cache_ratio": 0.8, "bytes_2": 2048000000, "accesses_2": 16000000, "hits_1": 83584100, "bytes_sram_1": 1337345600, "hitrate_total": 31.91195588235294, "cache_capacity_2": 419328, "filter_ratio": 0.0625, "cache_capacity_1": 209712, "bytes_sram_total": 1749047360, "bytes_total": 6144000000, "hits_2": 3216420, "accesses_1": 256000000, "cache_capacity_total": 2097152, "cache_entries_total": 16383, "cache_entries_1": 13107}