{"bytes_1": 4096000000, "bytes_sram_2": 195297280, "cache_entries_2": 819, "hitrate_2": 9.536, "hitrate_1": 34.2323078125, "hits_total": 89160468, "accesses_total": 272000000, "cache_ratio": 0.95, "bytes_2": 2048000000, "accesses_2": 16000000, "hits_1": 87634708, "bytes_sram_1": 1402155328, "hitrate_total": 32.779583823529414, "cache_capacity_2": 104832, "filter_ratio": 0.0625, "cache_capacity_1": 249024, "bytes_sram_total": 1597452608, "bytes_total": 6144000000, "hits_2": 1525760, "accesses_1": 256000000, "cache_capacity_total": 2097152, "cache_entries_total": 16383, "cache_entries_1": 15564}