{"bytes_1": 4096000000, "bytes_sram_2": 294694912, "cache_entries_2": 1638, "hitrate_2": 14.3894, "hitrate_1": 26.2582796875, "hits_total": 69523500, "accesses_total": 272000000, "cache_ratio": 0.8, "bytes_2": 2048000000, "accesses_2": 16000000, "hits_1": 67221196, "bytes_sram_1": 1075539136, "hitrate_total": 25.560110294117646, "cache_capacity_2": 209664, "filter_ratio": 0.0625, "cache_capacity_1": 104848, "bytes_sram_total": 1370234048, "bytes_total": 6144000000, "hits_2": 2302304, "accesses_1": 256000000, "cache_capacity_total": 1048576, "cache_entries_total": 8191, "cache_entries_1": 6553}