{"bytes_1": 4096000000, "bytes_sram_2": 745717248, "cache_entries_2": 19660, "hitrate_2": 36.411975, "hitrate_1": 32.6500390625, "hits_total": 89410016, "accesses_total": 272000000, "cache_ratio": 0.4, "bytes_2": 2048000000, "accesses_2": 16000000, "hits_1": 83584100, "bytes_sram_1": 1337345600, "hitrate_total": 32.871329411764705, "cache_capacity_2": 2516480, "filter_ratio": 0.0625, "cache_capacity_1": 209712, "bytes_sram_total": 2083062848, "bytes_total": 6144000000, "hits_2": 5825916, "accesses_1": 256000000, "cache_capacity_total": 4194304, "cache_entries_total": 32767, "cache_entries_1": 13107}