{"bytes_1": 4096000000, "bytes_sram_2": 1069621248, "cache_entries_2": 129761, "hitrate_2": 52.2276, "hitrate_1": 12.6432609375, "hits_total": 40723164, "accesses_total": 272000000, "cache_ratio": 0.01, "bytes_2": 2048000000, "accesses_2": 16000000, "hits_1": 32366748, "bytes_sram_1": 517867968, "hitrate_total": 14.971751470588234, "cache_capacity_2": 16609408, "filter_ratio": 0.0625, "cache_capacity_1": 20960, "bytes_sram_total": 1587489216, "bytes_total": 6144000000, "hits_2": 8356416, "accesses_1": 256000000, "cache_capacity_total": 16777216, "cache_entries_total": 131071, "cache_entries_1": 1310}