{"bytes_1": 4096000000, "bytes_sram_2": 670594560, "cache_entries_2": 13107, "hitrate_2": 32.743875, "hitrate_1": 44.968759375, "hits_total": 120359044, "accesses_total": 272000000, "cache_ratio": 0.8, "bytes_2": 2048000000, "accesses_2": 16000000, "hits_1": 115120024, "bytes_sram_1": 1841920384, "hitrate_total": 44.249648529411765, "cache_capacity_2": 1677696, "filter_ratio": 0.0625, "cache_capacity_1": 838848, "bytes_sram_total": 2512514944, "bytes_total": 6144000000, "hits_2": 5239020, "accesses_1": 256000000, "cache_capacity_total": 8388608, "cache_entries_total": 65535, "cache_entries_1": 52428}