{"bytes_1": 4096000000, "bytes_sram_2": 670594560, "cache_entries_2": 13107, "hitrate_2": 32.743875, "hitrate_1": 20.0287421875, "hits_total": 56512600, "accesses_total": 272000000, "cache_ratio": 0.2, "bytes_2": 2048000000, "accesses_2": 16000000, "hits_1": 51273580, "bytes_sram_1": 820377280, "hitrate_total": 20.77669117647059, "cache_capacity_2": 1677696, "filter_ratio": 0.0625, "cache_capacity_1": 52416, "bytes_sram_total": 1490971840, "bytes_total": 6144000000, "hits_2": 5239020, "accesses_1": 256000000, "cache_capacity_total": 2097152, "cache_entries_total": 16383, "cache_entries_1": 3276}