{"bytes_1": 4096000000, "bytes_sram_2": 1066273280, "cache_entries_2": 127139, "hitrate_2": 52.064125, "hitrate_1": 21.627915625, "hits_total": 63697724, "accesses_total": 272000000, "cache_ratio": 0.03, "bytes_2": 2048000000, "accesses_2": 16000000, "hits_1": 55367464, "bytes_sram_1": 885879424, "hitrate_total": 23.418280882352942, "cache_capacity_2": 16273792, "filter_ratio": 0.0625, "cache_capacity_1": 62912, "bytes_sram_total": 1952152704, "bytes_total": 6144000000, "hits_2": 8330260, "accesses_1": 256000000, "cache_capacity_total": 16777216, "cache_entries_total": 131071, "cache_entries_1": 3932}