{"bytes_1": 4096000000, "bytes_sram_2": 411701760, "cache_entries_2": 3276, "hitrate_2": 20.102625, "hitrate_1": 46.4017015625, "hits_total": 122004776, "accesses_total": 272000000, "cache_ratio": 0.95, "bytes_2": 2048000000, "accesses_2": 16000000, "hits_1": 118788356, "bytes_sram_1": 1900613696, "hitrate_total": 44.85469705882353, "cache_capacity_2": 419328, "filter_ratio": 0.0625, "cache_capacity_1": 996144, "bytes_sram_total": 2312315456, "bytes_total": 6144000000, "hits_2": 3216420, "accesses_1": 256000000, "cache_capacity_total": 8388608, "cache_entries_total": 65535, "cache_entries_1": 62259}