{"bytes_1": 4096000000, "bytes_sram_2": 29512192, "cache_entries_2": 81, "hitrate_2": 1.441025, "hitrate_1": 28.2163265625, "hits_total": 72464360, "accesses_total": 272000000, "cache_ratio": 0.99, "bytes_2": 2048000000, "accesses_2": 16000000, "hits_1": 72233796, "bytes_sram_1": 1155740736, "hitrate_total": 26.64130882352941, "cache_capacity_2": 10368, "filter_ratio": 0.0625, "cache_capacity_1": 129760, "bytes_sram_total": 1185252928, "bytes_total": 6144000000, "hits_2": 230564, "accesses_1": 256000000, "cache_capacity_total": 1048576, "cache_entries_total": 8191, "cache_entries_1": 8110}