{"bytes_1": 4096000000, "bytes_sram_2": 324337664, "cache_entries_2": 1966, "hitrate_2": 15.8368, "hitrate_1": 46.573953125, "hits_total": 121763208, "accesses_total": 272000000, "cache_ratio": 0.97, "bytes_2": 2048000000, "accesses_2": 16000000, "hits_1": 119229320, "bytes_sram_1": 1907669120, "hitrate_total": 44.765885294117645, "cache_capacity_2": 251648, "filter_ratio": 0.0625, "cache_capacity_1": 1017104, "bytes_sram_total": 2232006784, "bytes_total": 6144000000, "hits_2": 2533888, "accesses_1": 256000000, "cache_capacity_total": 8388608, "cache_entries_total": 65535, "cache_entries_1": 63569}