{"bytes_1": 4096000000, "bytes_sram_2": 582226944, "cache_entries_2": 8192, "hitrate_2": 28.42905, "hitrate_1": 28.312934375, "hits_total": 77029760, "accesses_total": 272000000, "cache_ratio": 0.5, "bytes_2": 2048000000, "accesses_2": 16000000, "hits_1": 72481112, "bytes_sram_1": 1159697792, "hitrate_total": 28.319764705882353, "cache_capacity_2": 1048576, "filter_ratio": 0.0625, "cache_capacity_1": 131072, "bytes_sram_total": 1741924736, "bytes_total": 6144000000, "hits_2": 4548648, "accesses_1": 256000000, "cache_capacity_total": 2097152, "cache_entries_total": 16384, "cache_entries_1": 8192}