{"bytes_1": 4096000000, "bytes_sram_2": 1017707008, "cache_entries_2": 93388, "hitrate_2": 49.692725, "hitrate_1": 23.6228734375, "hits_total": 68425392, "accesses_total": 272000000, "cache_ratio": 0.05, "bytes_2": 2048000000, "accesses_2": 16000000, "hits_1": 60474556, "bytes_sram_1": 967592896, "hitrate_total": 25.156394117647057, "cache_capacity_2": 11953664, "filter_ratio": 0.0625, "cache_capacity_1": 78640, "bytes_sram_total": 1985299904, "bytes_total": 6144000000, "hits_2": 7950836, "accesses_1": 256000000, "cache_capacity_total": 12582912, "cache_entries_total": 98303, "cache_entries_1": 4915}