{"bytes_1": 4096000000, "bytes_sram_2": 411701760, "cache_entries_2": 3276, "hitrate_2": 20.102625, "hitrate_1": 39.997340625, "hits_total": 105609612, "accesses_total": 272000000, "cache_ratio": 0.9, "bytes_2": 2048000000, "accesses_2": 16000000, "hits_1": 102393192, "bytes_sram_1": 1638291072, "hitrate_total": 38.82706323529412, "cache_capacity_2": 419328, "filter_ratio": 0.0625, "cache_capacity_1": 471856, "bytes_sram_total": 2049992832, "bytes_total": 6144000000, "hits_2": 3216420, "accesses_1": 256000000, "cache_capacity_total": 4194304, "cache_entries_total": 32767, "cache_entries_1": 29491}