{"bytes_1": 4096000000, "bytes_sram_2": 0, "cache_entries_2": 0, "hitrate_2": 0.0, "hitrate_1": 34.7024875, "hits_total": 88838368, "accesses_total": 272000000, "cache_ratio": 1.0, "bytes_2": 2048000000, "accesses_2": 16000000, "hits_1": 88838368, "bytes_sram_1": 1421413888, "hitrate_total": 32.661164705882356, "cache_capacity_2": 0, "filter_ratio": 0.0625, "cache_capacity_1": 262144, "bytes_sram_total": 1421413888, "bytes_total": 6144000000, "hits_2": 0, "accesses_1": 256000000, "cache_capacity_total": 2097152, "cache_entries_total": 16384, "cache_entries_1": 16384}