{"bytes_1": 4096000000, "bytes_sram_2": 838800384, "cache_entries_2": 32768, "hitrate_2": 40.95705, "hitrate_1": 0.0, "hits_total": 6553128, "accesses_total": 272000000, "cache_ratio": 0.0, "bytes_2": 2048000000, "accesses_2": 16000000, "hits_1": 0, "bytes_sram_1": 0, "hitrate_total": 2.4092382352941177, "cache_capacity_2": 4194304, "filter_ratio": 0.0625, "cache_capacity_1": 0, "bytes_sram_total": 838800384, "bytes_total": 6144000000, "hits_2": 6553128, "accesses_1": 256000000, "cache_capacity_total": 4194304, "cache_entries_total": 32768, "cache_entries_1": 0}