{"bytes_1": 4096000000, "bytes_sram_2": 989453312, "cache_entries_2": 78643, "hitrate_2": 48.31315, "hitrate_1": 36.3599578125, "hits_total": 100811596, "accesses_total": 272000000, "cache_ratio": 0.2, "bytes_2": 2048000000, "accesses_2": 16000000, "hits_1": 93081492, "bytes_sram_1": 1489303872, "hitrate_total": 37.06308676470588, "cache_capacity_2": 10066304, "filter_ratio": 0.0625, "cache_capacity_1": 314560, "bytes_sram_total": 2478757184, "bytes_total": 6144000000, "hits_2": 7730104, "accesses_1": 256000000, "cache_capacity_total": 12582912, "cache_entries_total": 98303, "cache_entries_1": 19660}