{"bytes_1": 4096000000, "bytes_sram_2": 260395008, "cache_entries_2": 1310, "hitrate_2": 12.7146, "hitrate_1": 52.236215625, "hits_total": 135759048, "accesses_total": 272000000, "cache_ratio": 0.99, "bytes_2": 2048000000, "accesses_2": 16000000, "hits_1": 133724712, "bytes_sram_1": 2139595392, "hitrate_total": 49.91141470588235, "cache_capacity_2": 167680, "filter_ratio": 0.0625, "cache_capacity_1": 2076176, "bytes_sram_total": 2399990400, "bytes_total": 6144000000, "hits_2": 2034336, "accesses_1": 256000000, "cache_capacity_total": 16777216, "cache_entries_total": 131071, "cache_entries_1": 129761}