{"bytes_1": 4096000000, "bytes_sram_2": 1063036928, "cache_entries_2": 124518, "hitrate_2": 51.9061, "hitrate_1": 26.2582796875, "hits_total": 75526172, "accesses_total": 272000000, "cache_ratio": 0.05, "bytes_2": 2048000000, "accesses_2": 16000000, "hits_1": 67221196, "bytes_sram_1": 1075539136, "hitrate_total": 27.766975, "cache_capacity_2": 15938304, "filter_ratio": 0.0625, "cache_capacity_1": 104848, "bytes_sram_total": 2138576064, "bytes_total": 6144000000, "hits_2": 8304976, "accesses_1": 256000000, "cache_capacity_total": 16777216, "cache_entries_total": 131071, "cache_entries_1": 6553}