{"bytes_1": 4096000000, "bytes_sram_2": 0, "cache_entries_2": 0, "hitrate_2": 0.0, "hitrate_1": 40.93488125, "hits_total": 104793296, "accesses_total": 272000000, "cache_ratio": 1.0, "bytes_2": 2048000000, "accesses_2": 16000000, "hits_1": 104793296, "bytes_sram_1": 1676692736, "hitrate_total": 38.52694705882353, "cache_capacity_2": 0, "filter_ratio": 0.0625, "cache_capacity_1": 524288, "bytes_sram_total": 1676692736, "bytes_total": 6144000000, "hits_2": 0, "accesses_1": 256000000, "cache_capacity_total": 4194304, "cache_entries_total": 32768, "cache_entries_1": 32768}