{"bytes_1": 4096000000, "bytes_sram_2": 692598272, "cache_entries_2": 14745, "hitrate_2": 33.818275, "hitrate_1": 14.315246875, "hits_total": 42057956, "accesses_total": 272000000, "cache_ratio": 0.1, "bytes_2": 2048000000, "accesses_2": 16000000, "hits_1": 36647032, "bytes_sram_1": 586352512, "hitrate_total": 15.462483823529412, "cache_capacity_2": 1887360, "filter_ratio": 0.0625, "cache_capacity_1": 26208, "bytes_sram_total": 1278950784, "bytes_total": 6144000000, "hits_2": 5410924, "accesses_1": 256000000, "cache_capacity_total": 2097152, "cache_entries_total": 16383, "cache_entries_1": 1638}