{"bytes_1": 4096000000, "bytes_sram_2": 135890432, "cache_entries_2": 491, "hitrate_2": 6.635275, "hitrate_1": 34.4223984375, "hits_total": 89182984, "accesses_total": 272000000, "cache_ratio": 0.97, "bytes_2": 2048000000, "accesses_2": 16000000, "hits_1": 88121340, "bytes_sram_1": 1409941440, "hitrate_total": 32.78786176470588, "cache_capacity_2": 62848, "filter_ratio": 0.0625, "cache_capacity_1": 254272, "bytes_sram_total": 1545831872, "bytes_total": 6144000000, "hits_2": 1061644, "accesses_1": 256000000, "cache_capacity_total": 2097152, "cache_entries_total": 16383, "cache_entries_1": 15892}