{"bytes_1": 4096000000, "bytes_sram_2": 135890432, "cache_entries_2": 491, "hitrate_2": 6.635275, "hitrate_1": 44.3379078125, "hits_total": 114566688, "accesses_total": 272000000, "cache_ratio": 0.99, "bytes_2": 2048000000, "accesses_2": 16000000, "hits_1": 113505044, "bytes_sram_1": 1816080704, "hitrate_total": 42.12010588235294, "cache_capacity_2": 62848, "filter_ratio": 0.0625, "cache_capacity_1": 778560, "bytes_sram_total": 1951971136, "bytes_total": 6144000000, "hits_2": 1061644, "accesses_1": 256000000, "cache_capacity_total": 6291456, "cache_entries_total": 49151, "cache_entries_1": 48660}