{"bytes_1": 4096000000, "bytes_sram_2": 694684672, "cache_entries_2": 14909, "hitrate_2": 33.92015, "hitrate_1": 13.5138765625, "hits_total": 40022748, "accesses_total": 272000000, "cache_ratio": 0.09, "bytes_2": 2048000000, "accesses_2": 16000000, "hits_1": 34595524, "bytes_sram_1": 553528384, "hitrate_total": 14.714245588235293, "cache_capacity_2": 1908352, "filter_ratio": 0.0625, "cache_capacity_1": 23584, "bytes_sram_total": 1248213056, "bytes_total": 6144000000, "hits_2": 5427224, "accesses_1": 256000000, "cache_capacity_total": 2097152, "cache_entries_total": 16383, "cache_entries_1": 1474}