{"bytes_1": 4096000000, "bytes_sram_2": 514820096, "cache_entries_2": 5734, "hitrate_2": 25.1377, "hitrate_1": 17.5746625, "hits_total": 49013168, "accesses_total": 272000000, "cache_ratio": 0.3, "bytes_2": 2048000000, "accesses_2": 16000000, "hits_1": 44991136, "bytes_sram_1": 719858176, "hitrate_total": 18.01954705882353, "cache_capacity_2": 733952, "filter_ratio": 0.0625, "cache_capacity_1": 39312, "bytes_sram_total": 1234678272, "bytes_total": 6144000000, "hits_2": 4022032, "accesses_1": 256000000, "cache_capacity_total": 1048576, "cache_entries_total": 8191, "cache_entries_1": 2457}