{"bytes_1": 4096000000, "bytes_sram_2": 485723136, "cache_entries_2": 4915, "hitrate_2": 23.71695, "hitrate_1": 20.0287421875, "hits_total": 55068292, "accesses_total": 272000000, "cache_ratio": 0.4, "bytes_2": 2048000000, "accesses_2": 16000000, "hits_1": 51273580, "bytes_sram_1": 820377280, "hitrate_total": 20.245695588235293, "cache_capacity_2": 629120, "filter_ratio": 0.0625, "cache_capacity_1": 52416, "bytes_sram_total": 1306100416, "bytes_total": 6144000000, "hits_2": 3794712, "accesses_1": 256000000, "cache_capacity_total": 1048576, "cache_entries_total": 8191, "cache_entries_1": 3276}