{"bytes_1": 4096000000, "bytes_sram_2": 539878400, "cache_entries_2": 6553, "hitrate_2": 26.36125, "hitrate_1": 51.9223234375, "hits_total": 137138948, "accesses_total": 272000000, "cache_ratio": 0.95, "bytes_2": 2048000000, "accesses_2": 16000000, "hits_1": 132921148, "bytes_sram_1": 2126738368, "hitrate_total": 50.41873088235294, "cache_capacity_2": 838784, "filter_ratio": 0.0625, "cache_capacity_1": 1992288, "bytes_sram_total": 2666616768, "bytes_total": 6144000000, "hits_2": 4217800, "accesses_1": 256000000, "cache_capacity_total": 16777216, "cache_entries_total": 131071, "cache_entries_1": 124518}