{"bytes_1": 4096000000, "bytes_sram_2": 0, "cache_entries_2": 0, "hitrate_2": 0.0, "hitrate_1": 46.82821875, "hits_total": 119880240, "accesses_total": 272000000, "cache_ratio": 1.0, "bytes_2": 2048000000, "accesses_2": 16000000, "hits_1": 119880240, "bytes_sram_1": 1918083840, "hitrate_total": 44.073617647058825, "cache_capacity_2": 0, "filter_ratio": 0.0625, "cache_capacity_1": 1048576, "bytes_sram_total": 1918083840, "bytes_total": 6144000000, "hits_2": 0, "accesses_1": 256000000, "cache_capacity_total": 8388608, "cache_entries_total": 65536, "cache_entries_1": 65536}