{"bytes_1": 4096000000, "bytes_sram_2": 957705728, "cache_entries_2": 64880, "hitrate_2": 46.762975, "hitrate_1": 8.1308375, "hits_total": 28297020, "accesses_total": 272000000, "cache_ratio": 0.01, "bytes_2": 2048000000, "accesses_2": 16000000, "hits_1": 20814944, "bytes_sram_1": 333039104, "hitrate_total": 10.403316176470588, "cache_capacity_2": 8304640, "filter_ratio": 0.0625, "cache_capacity_1": 10480, "bytes_sram_total": 1290744832, "bytes_total": 6144000000, "hits_2": 7482076, "accesses_1": 256000000, "cache_capacity_total": 8388608, "cache_entries_total": 65535, "cache_entries_1": 655}