{"bytes_1": 4096000000, "bytes_sram_2": 825704960, "cache_entries_2": 30474, "hitrate_2": 40.317625, "hitrate_1": 17.0021671875, "hits_total": 49976368, "accesses_total": 272000000, "cache_ratio": 0.07, "bytes_2": 2048000000, "accesses_2": 16000000, "hits_1": 43525548, "bytes_sram_1": 696408768, "hitrate_total": 18.37366470588235, "cache_capacity_2": 3900672, "filter_ratio": 0.0625, "cache_capacity_1": 36688, "bytes_sram_total": 1522113728, "bytes_total": 6144000000, "hits_2": 6450820, "accesses_1": 256000000, "cache_capacity_total": 4194304, "cache_entries_total": 32767, "cache_entries_1": 2293}