{"bytes_1": 4096000000, "bytes_sram_2": 1054713344, "cache_entries_2": 117964, "hitrate_2": 51.499675, "hitrate_1": 32.6500390625, "hits_total": 91824048, "accesses_total": 272000000, "cache_ratio": 0.1, "bytes_2": 2048000000, "accesses_2": 16000000, "hits_1": 83584100, "bytes_sram_1": 1337345600, "hitrate_total": 33.75884117647059, "cache_capacity_2": 15099392, "filter_ratio": 0.0625, "cache_capacity_1": 209712, "bytes_sram_total": 2392058944, "bytes_total": 6144000000, "hits_2": 8239948, "accesses_1": 256000000, "cache_capacity_total": 16777216, "cache_entries_total": 131071, "cache_entries_1": 13107}