{"bytes_1": 4096000000, "bytes_sram_2": 580267520, "cache_entries_2": 8110, "hitrate_2": 28.333375, "hitrate_1": 1.43594375, "hits_total": 8209356, "accesses_total": 272000000, "cache_ratio": 0.01, "bytes_2": 2048000000, "accesses_2": 16000000, "hits_1": 3676016, "bytes_sram_1": 58816256, "hitrate_total": 3.0181455882352943, "cache_capacity_2": 1038080, "filter_ratio": 0.0625, "cache_capacity_1": 1296, "bytes_sram_total": 639083776, "bytes_total": 6144000000, "hits_2": 4533340, "accesses_1": 256000000, "cache_capacity_total": 1048576, "cache_entries_total": 8191, "cache_entries_1": 81}