{"bytes_1": 4096000000, "bytes_sram_2": 898047488, "cache_entries_2": 45875, "hitrate_2": 43.849975, "hitrate_1": 36.3599578125, "hits_total": 100097488, "accesses_total": 272000000, "cache_ratio": 0.3, "bytes_2": 2048000000, "accesses_2": 16000000, "hits_1": 93081492, "bytes_sram_1": 1489303872, "hitrate_total": 36.80054705882353, "cache_capacity_2": 5872000, "filter_ratio": 0.0625, "cache_capacity_1": 314560, "bytes_sram_total": 2387351360, "bytes_total": 6144000000, "hits_2": 7015996, "accesses_1": 256000000, "cache_capacity_total": 8388608, "cache_entries_total": 65535, "cache_entries_1": 19660}