{"bytes_1": 4096000000, "bytes_sram_2": 485723136, "cache_entries_2": 4915, "hitrate_2": 23.71695, "hitrate_1": 31.4201578125, "hits_total": 84230316, "accesses_total": 272000000, "cache_ratio": 0.7, "bytes_2": 2048000000, "accesses_2": 16000000, "hits_1": 80435604, "bytes_sram_1": 1286969664, "hitrate_total": 30.96702794117647, "cache_capacity_2": 629120, "filter_ratio": 0.0625, "cache_capacity_1": 183488, "bytes_sram_total": 1772692800, "bytes_total": 6144000000, "hits_2": 3794712, "accesses_1": 256000000, "cache_capacity_total": 2097152, "cache_entries_total": 16383, "cache_entries_1": 11468}