{"bytes_1": 4096000000, "bytes_sram_2": 821775360, "cache_entries_2": 29818, "hitrate_2": 40.12575, "hitrate_1": 19.11884375, "hits_total": 55364360, "accesses_total": 272000000, "cache_ratio": 0.09, "bytes_2": 2048000000, "accesses_2": 16000000, "hits_1": 48944240, "bytes_sram_1": 783107840, "hitrate_total": 20.35454411764706, "cache_capacity_2": 3816704, "filter_ratio": 0.0625, "cache_capacity_1": 47184, "bytes_sram_total": 1604883200, "bytes_total": 6144000000, "hits_2": 6420120, "accesses_1": 256000000, "cache_capacity_total": 4194304, "cache_entries_total": 32767, "cache_entries_1": 2949}