{"bytes_1": 4096000000, "bytes_sram_2": 294694912, "cache_entries_2": 1638, "hitrate_2": 14.3894, "hitrate_1": 33.7357171875, "hits_total": 88665740, "accesses_total": 272000000, "cache_ratio": 0.9, "bytes_2": 2048000000, "accesses_2": 16000000, "hits_1": 86363436, "bytes_sram_1": 1381814976, "hitrate_total": 32.597698529411765, "cache_capacity_2": 209664, "filter_ratio": 0.0625, "cache_capacity_1": 235920, "bytes_sram_total": 1676509888, "bytes_total": 6144000000, "hits_2": 2302304, "accesses_1": 256000000, "cache_capacity_total": 2097152, "cache_entries_total": 16383, "cache_entries_1": 14745}