{"bytes_1": 4096000000, "bytes_sram_2": 871325696, "cache_entries_2": 39321, "hitrate_2": 42.5452, "hitrate_1": 49.54405, "hits_total": 133640000, "accesses_total": 272000000, "cache_ratio": 0.7, "bytes_2": 2048000000, "accesses_2": 16000000, "hits_1": 126832768, "bytes_sram_1": 2029324288, "hitrate_total": 49.13235294117647, "cache_capacity_2": 5033088, "filter_ratio": 0.0625, "cache_capacity_1": 1468000, "bytes_sram_total": 2900649984, "bytes_total": 6144000000, "hits_2": 6807232, "accesses_1": 256000000, "cache_capacity_total": 16777216, "cache_entries_total": 131071, "cache_entries_1": 91750}