{"bytes_1": 4096000000, "bytes_sram_2": 967412224, "cache_entries_2": 68812, "hitrate_2": 47.236925, "hitrate_1": 39.997340625, "hits_total": 109951100, "accesses_total": 272000000, "cache_ratio": 0.3, "bytes_2": 2048000000, "accesses_2": 16000000, "hits_1": 102393192, "bytes_sram_1": 1638291072, "hitrate_total": 40.42319852941176, "cache_capacity_2": 8807936, "filter_ratio": 0.0625, "cache_capacity_1": 471856, "bytes_sram_total": 2605703296, "bytes_total": 6144000000, "hits_2": 7557908, "accesses_1": 256000000, "cache_capacity_total": 12582912, "cache_entries_total": 98303, "cache_entries_1": 29491}