{"bytes_1": 4096000000, "bytes_sram_2": 519938048, "cache_entries_2": 5898, "hitrate_2": 25.3876, "hitrate_1": 46.045346875, "hits_total": 121938104, "accesses_total": 272000000, "cache_ratio": 0.91, "bytes_2": 2048000000, "accesses_2": 16000000, "hits_1": 117876088, "bytes_sram_1": 1886017408, "hitrate_total": 44.83018529411765, "cache_capacity_2": 754944, "filter_ratio": 0.0625, "cache_capacity_1": 954192, "bytes_sram_total": 2405955456, "bytes_total": 6144000000, "hits_2": 4062016, "accesses_1": 256000000, "cache_capacity_total": 8388608, "cache_entries_total": 65535, "cache_entries_1": 59637}