{"bytes_1": 4096000000, "bytes_sram_2": 572384768, "cache_entries_2": 7782, "hitrate_2": 27.948475, "hitrate_1": 5.7557078125, "hits_total": 19206368, "accesses_total": 272000000, "cache_ratio": 0.05, "bytes_2": 2048000000, "accesses_2": 16000000, "hits_1": 14734612, "bytes_sram_1": 235753792, "hitrate_total": 7.061164705882353, "cache_capacity_2": 996096, "filter_ratio": 0.0625, "cache_capacity_1": 6544, "bytes_sram_total": 808138560, "bytes_total": 6144000000, "hits_2": 4471756, "accesses_1": 256000000, "cache_capacity_total": 1048576, "cache_entries_total": 8191, "cache_entries_1": 409}