{"bytes_1": 4096000000, "bytes_sram_2": 152465920, "cache_entries_2": 573, "hitrate_2": 7.444625, "hitrate_1": 27.64251875, "hits_total": 71955988, "accesses_total": 272000000, "cache_ratio": 0.93, "bytes_2": 2048000000, "accesses_2": 16000000, "hits_1": 70764848, "bytes_sram_1": 1132237568, "hitrate_total": 26.454407352941175, "cache_capacity_2": 73344, "filter_ratio": 0.0625, "cache_capacity_1": 121888, "bytes_sram_total": 1284703488, "bytes_total": 6144000000, "hits_2": 1191140, "accesses_1": 256000000, "cache_capacity_total": 1048576, "cache_entries_total": 8191, "cache_entries_1": 7618}