{"bytes_1": 4096000000, "bytes_sram_2": 539878400, "cache_entries_2": 6553, "hitrate_2": 26.36125, "hitrate_1": 45.954659375, "hits_total": 121861728, "accesses_total": 272000000, "cache_ratio": 0.9, "bytes_2": 2048000000, "accesses_2": 16000000, "hits_1": 117643928, "bytes_sram_1": 1882302848, "hitrate_total": 44.80210588235294, "cache_capacity_2": 838784, "filter_ratio": 0.0625, "cache_capacity_1": 943712, "bytes_sram_total": 2422181248, "bytes_total": 6144000000, "hits_2": 4217800, "accesses_1": 256000000, "cache_capacity_total": 8388608, "cache_entries_total": 65535, "cache_entries_1": 58982}