{"bytes_1": 4096000000, "bytes_sram_2": 774242816, "cache_entries_2": 22937, "hitrate_2": 37.804825, "hitrate_1": 29.994425, "hits_total": 82834500, "accesses_total": 272000000, "cache_ratio": 0.3, "bytes_2": 2048000000, "accesses_2": 16000000, "hits_1": 76785728, "bytes_sram_1": 1228571648, "hitrate_total": 30.453860294117646, "cache_capacity_2": 2935936, "filter_ratio": 0.0625, "cache_capacity_1": 157280, "bytes_sram_total": 2002814464, "bytes_total": 6144000000, "hits_2": 6048772, "accesses_1": 256000000, "cache_capacity_total": 4194304, "cache_entries_total": 32767, "cache_entries_1": 9830}