{"bytes_1": 4096000000, "bytes_sram_2": 943063040, "cache_entries_2": 59637, "hitrate_2": 46.048, "hitrate_1": 25.2884796875, "hits_total": 72106188, "accesses_total": 272000000, "cache_ratio": 0.09, "bytes_2": 2048000000, "accesses_2": 16000000, "hits_1": 64738508, "bytes_sram_1": 1035816128, "hitrate_total": 26.509627941176472, "cache_capacity_2": 7633536, "filter_ratio": 0.0625, "cache_capacity_1": 94368, "bytes_sram_total": 1978879168, "bytes_total": 6144000000, "hits_2": 7367680, "accesses_1": 256000000, "cache_capacity_total": 8388608, "cache_entries_total": 65535, "cache_entries_1": 5898}