{"bytes_1": 4096000000, "bytes_sram_2": 745717248, "cache_entries_2": 19660, "hitrate_2": 36.411975, "hitrate_1": 43.837071875, "hits_total": 118048820, "accesses_total": 272000000, "cache_ratio": 0.7, "bytes_2": 2048000000, "accesses_2": 16000000, "hits_1": 112222904, "bytes_sram_1": 1795566464, "hitrate_total": 43.40030147058823, "cache_capacity_2": 2516480, "filter_ratio": 0.0625, "cache_capacity_1": 734000, "bytes_sram_total": 2541283712, "bytes_total": 6144000000, "hits_2": 5825916, "accesses_1": 256000000, "cache_capacity_total": 8388608, "cache_entries_total": 65535, "cache_entries_1": 45875}