{"bytes_1": 4096000000, "bytes_sram_2": 819886080, "cache_entries_2": 29491, "hitrate_2": 40.0335, "hitrate_1": 47.2270625, "hits_total": 127306640, "accesses_total": 272000000, "cache_ratio": 0.7, "bytes_2": 2048000000, "accesses_2": 16000000, "hits_1": 120901280, "bytes_sram_1": 1934420480, "hitrate_total": 46.80391176470588, "cache_capacity_2": 3774848, "filter_ratio": 0.0625, "cache_capacity_1": 1100992, "bytes_sram_total": 2754306560, "bytes_total": 6144000000, "hits_2": 6405360, "accesses_1": 256000000, "cache_capacity_total": 12582912, "cache_entries_total": 98303, "cache_entries_1": 68812}