{"bytes_1": 4096000000, "bytes_sram_2": 904759808, "cache_entries_2": 47677, "hitrate_2": 44.177725, "hitrate_1": 13.5138765625, "hits_total": 41663960, "accesses_total": 272000000, "cache_ratio": 0.03, "bytes_2": 2048000000, "accesses_2": 16000000, "hits_1": 34595524, "bytes_sram_1": 553528384, "hitrate_total": 15.317632352941176, "cache_capacity_2": 6102656, "filter_ratio": 0.0625, "cache_capacity_1": 23584, "bytes_sram_total": 1458288192, "bytes_total": 6144000000, "hits_2": 7068436, "accesses_1": 256000000, "cache_capacity_total": 6291456, "cache_entries_total": 49151, "cache_entries_1": 1474}