{"bytes_1": 4096000000, "bytes_sram_2": 798431744, "cache_entries_2": 26214, "hitrate_2": 38.985925, "hitrate_1": 42.5176875, "hits_total": 115083028, "accesses_total": 272000000, "cache_ratio": 0.6, "bytes_2": 2048000000, "accesses_2": 16000000, "hits_1": 108845280, "bytes_sram_1": 1741524480, "hitrate_total": 42.30993676470588, "cache_capacity_2": 3355392, "filter_ratio": 0.0625, "cache_capacity_1": 629136, "bytes_sram_total": 2539956224, "bytes_total": 6144000000, "hits_2": 6237748, "accesses_1": 256000000, "cache_capacity_total": 8388608, "cache_entries_total": 65535, "cache_entries_1": 39321}