{"bytes_1": 4096000000, "bytes_sram_2": 702611456, "cache_entries_2": 15564, "hitrate_2": 34.3072, "hitrate_1": 9.4726484375, "hits_total": 29739132, "accesses_total": 272000000, "cache_ratio": 0.05, "bytes_2": 2048000000, "accesses_2": 16000000, "hits_1": 24249980, "bytes_sram_1": 387999680, "hitrate_total": 10.933504411764705, "cache_capacity_2": 1992192, "filter_ratio": 0.0625, "cache_capacity_1": 13104, "bytes_sram_total": 1090611136, "bytes_total": 6144000000, "hits_2": 5489152, "accesses_1": 256000000, "cache_capacity_total": 2097152, "cache_entries_total": 16383, "cache_entries_1": 819}