{"bytes_1": 4096000000, "bytes_sram_2": 1008952320, "cache_entries_2": 88473, "hitrate_2": 49.26525, "hitrate_1": 29.994425, "hits_total": 84668168, "accesses_total": 272000000, "cache_ratio": 0.1, "bytes_2": 2048000000, "accesses_2": 16000000, "hits_1": 76785728, "bytes_sram_1": 1228571648, "hitrate_total": 31.128002941176472, "cache_capacity_2": 11324544, "filter_ratio": 0.0625, "cache_capacity_1": 157280, "bytes_sram_total": 2237523968, "bytes_total": 6144000000, "hits_2": 7882440, "accesses_1": 256000000, "cache_capacity_total": 12582912, "cache_entries_total": 98303, "cache_entries_1": 9830}