{"bytes_1": 4096000000, "bytes_sram_2": 596437504, "cache_entries_2": 8847, "hitrate_2": 29.122925, "hitrate_1": 49.34281875, "hits_total": 130977284, "accesses_total": 272000000, "cache_ratio": 0.91, "bytes_2": 2048000000, "accesses_2": 16000000, "hits_1": 126317616, "bytes_sram_1": 2021081856, "hitrate_total": 48.15341323529412, "cache_capacity_2": 1132416, "filter_ratio": 0.0625, "cache_capacity_1": 1431296, "bytes_sram_total": 2617519360, "bytes_total": 6144000000, "hits_2": 4659668, "accesses_1": 256000000, "cache_capacity_total": 12582912, "cache_entries_total": 98303, "cache_entries_1": 89456}