{"bytes_1": 4096000000, "bytes_sram_2": 485723136, "cache_entries_2": 4915, "hitrate_2": 23.71695, "hitrate_1": 43.52920625, "hits_total": 115229480, "accesses_total": 272000000, "cache_ratio": 0.9, "bytes_2": 2048000000, "accesses_2": 16000000, "hits_1": 111434768, "bytes_sram_1": 1782956288, "hitrate_total": 42.3637794117647, "cache_capacity_2": 629120, "filter_ratio": 0.0625, "cache_capacity_1": 707776, "bytes_sram_total": 2268679424, "bytes_total": 6144000000, "hits_2": 3794712, "accesses_1": 256000000, "cache_capacity_total": 6291456, "cache_entries_total": 49151, "cache_entries_1": 44236}