{"bytes_1": 4096000000, "bytes_sram_2": 837018624, "cache_entries_2": 32440, "hitrate_2": 40.87005, "hitrate_1": 4.826325, "hits_total": 18894600, "accesses_total": 272000000, "cache_ratio": 0.01, "bytes_2": 2048000000, "accesses_2": 16000000, "hits_1": 12355392, "bytes_sram_1": 197686272, "hitrate_total": 6.946544117647059, "cache_capacity_2": 4152320, "filter_ratio": 0.0625, "cache_capacity_1": 5232, "bytes_sram_total": 1034704896, "bytes_total": 6144000000, "hits_2": 6539208, "accesses_1": 256000000, "cache_capacity_total": 4194304, "cache_entries_total": 32767, "cache_entries_1": 327}