{"bytes_1": 4096000000, "bytes_sram_2": 650800640, "cache_entries_2": 11796, "hitrate_2": 31.777375, "hitrate_1": 51.5919296875, "hits_total": 137159720, "accesses_total": 272000000, "cache_ratio": 0.91, "bytes_2": 2048000000, "accesses_2": 16000000, "hits_1": 132075340, "bytes_sram_1": 2113205440, "hitrate_total": 50.426367647058825, "cache_capacity_2": 1509888, "filter_ratio": 0.0625, "cache_capacity_1": 1908400, "bytes_sram_total": 2764006080, "bytes_total": 6144000000, "hits_2": 5084380, "accesses_1": 256000000, "cache_capacity_total": 16777216, "cache_entries_total": 131071, "cache_entries_1": 119275}