{"bytes_1": 4096000000, "bytes_sram_2": 562244608, "cache_entries_2": 7372, "hitrate_2": 27.45335, "hitrate_1": 9.4726484375, "hits_total": 28642516, "accesses_total": 272000000, "cache_ratio": 0.1, "bytes_2": 2048000000, "accesses_2": 16000000, "hits_1": 24249980, "bytes_sram_1": 387999680, "hitrate_total": 10.530336764705883, "cache_capacity_2": 943616, "filter_ratio": 0.0625, "cache_capacity_1": 13104, "bytes_sram_total": 950244288, "bytes_total": 6144000000, "hits_2": 4392536, "accesses_1": 256000000, "cache_capacity_total": 1048576, "cache_entries_total": 8191, "cache_entries_1": 819}