{"bytes_1": 4096000000, "bytes_sram_2": 909918720, "cache_entries_2": 49152, "hitrate_2": 44.429625, "hitrate_1": 44.4246796875, "hits_total": 120835920, "accesses_total": 272000000, "cache_ratio": 0.5, "bytes_2": 2048000000, "accesses_2": 16000000, "hits_1": 113727180, "bytes_sram_1": 1819634880, "hitrate_total": 44.4249705882353, "cache_capacity_2": 6291456, "filter_ratio": 0.0625, "cache_capacity_1": 786432, "bytes_sram_total": 2729553600, "bytes_total": 6144000000, "hits_2": 7108740, "accesses_1": 256000000, "cache_capacity_total": 12582912, "cache_entries_total": 98304, "cache_entries_1": 49152}