{"bytes_1": 4096000000, "bytes_sram_2": 361484800, "cache_entries_2": 2457, "hitrate_2": 17.650625, "hitrate_1": 43.9899640625, "hits_total": 115438408, "accesses_total": 272000000, "cache_ratio": 0.95, "bytes_2": 2048000000, "accesses_2": 16000000, "hits_1": 112614308, "bytes_sram_1": 1801828928, "hitrate_total": 42.44059117647059, "cache_capacity_2": 314496, "filter_ratio": 0.0625, "cache_capacity_1": 747104, "bytes_sram_total": 2163313728, "bytes_total": 6144000000, "hits_2": 2824100, "accesses_1": 256000000, "cache_capacity_total": 6291456, "cache_entries_total": 49151, "cache_entries_1": 46694}