{"bytes_1": 4096000000, "bytes_sram_2": 698668544, "cache_entries_2": 15237, "hitrate_2": 34.114675, "hitrate_1": 11.6973453125, "hits_total": 35403552, "accesses_total": 272000000, "cache_ratio": 0.07, "bytes_2": 2048000000, "accesses_2": 16000000, "hits_1": 29945204, "bytes_sram_1": 479123264, "hitrate_total": 13.016011764705882, "cache_capacity_2": 1950336, "filter_ratio": 0.0625, "cache_capacity_1": 18336, "bytes_sram_total": 1177791808, "bytes_total": 6144000000, "hits_2": 5458348, "accesses_1": 256000000, "cache_capacity_total": 2097152, "cache_entries_total": 16383, "cache_entries_1": 1146}