{"bytes_1": 4096000000, "bytes_sram_2": 798431744, "cache_entries_2": 26214, "hitrate_2": 38.985925, "hitrate_1": 50.595709375, "hits_total": 135762764, "accesses_total": 272000000, "cache_ratio": 0.8, "bytes_2": 2048000000, "accesses_2": 16000000, "hits_1": 129525016, "bytes_sram_1": 2072400256, "hitrate_total": 49.91278088235294, "cache_capacity_2": 3355392, "filter_ratio": 0.0625, "cache_capacity_1": 1677712, "bytes_sram_total": 2870832000, "bytes_total": 6144000000, "hits_2": 6237748, "accesses_1": 256000000, "cache_capacity_total": 16777216, "cache_entries_total": 131071, "cache_entries_1": 104857}