{"bytes_1": 4096000000, "bytes_sram_2": 798431744, "cache_entries_2": 26214, "hitrate_2": 38.985925, "hitrate_1": 26.2582796875, "hits_total": 73458944, "accesses_total": 272000000, "cache_ratio": 0.2, "bytes_2": 2048000000, "accesses_2": 16000000, "hits_1": 67221196, "bytes_sram_1": 1075539136, "hitrate_total": 27.006964705882353, "cache_capacity_2": 3355392, "filter_ratio": 0.0625, "cache_capacity_1": 104848, "bytes_sram_total": 1873970880, "bytes_total": 6144000000, "hits_2": 6237748, "accesses_1": 256000000, "cache_capacity_total": 4194304, "cache_entries_total": 32767, "cache_entries_1": 6553}