{"bytes_1": 4096000000, "bytes_sram_2": 706344448, "cache_entries_2": 15892, "hitrate_2": 34.489475, "hitrate_1": 6.599590625, "hits_total": 22413268, "accesses_total": 272000000, "cache_ratio": 0.03, "bytes_2": 2048000000, "accesses_2": 16000000, "hits_1": 16894952, "bytes_sram_1": 270319232, "hitrate_total": 8.240172058823529, "cache_capacity_2": 2034176, "filter_ratio": 0.0625, "cache_capacity_1": 7856, "bytes_sram_total": 976663680, "bytes_total": 6144000000, "hits_2": 5518316, "accesses_1": 256000000, "cache_capacity_total": 2097152, "cache_entries_total": 16383, "cache_entries_1": 491}