{"bytes_1": 4096000000, "bytes_sram_2": 539878400, "cache_entries_2": 6553, "hitrate_2": 26.36125, "hitrate_1": 14.315246875, "hits_total": 40864832, "accesses_total": 272000000, "cache_ratio": 0.2, "bytes_2": 2048000000, "accesses_2": 16000000, "hits_1": 36647032, "bytes_sram_1": 586352512, "hitrate_total": 15.023835294117648, "cache_capacity_2": 838784, "filter_ratio": 0.0625, "cache_capacity_1": 26208, "bytes_sram_total": 1126230912, "bytes_total": 6144000000, "hits_2": 4217800, "accesses_1": 256000000, "cache_capacity_total": 1048576, "cache_entries_total": 8191, "cache_entries_1": 1638}