{"bytes_1": 4096000000, "bytes_sram_2": 1014213120, "cache_entries_2": 91422, "hitrate_2": 49.522125, "hitrate_1": 26.70596875, "hits_total": 76290820, "accesses_total": 272000000, "cache_ratio": 0.07, "bytes_2": 2048000000, "accesses_2": 16000000, "hits_1": 68367280, "bytes_sram_1": 1093876480, "hitrate_total": 28.048095588235295, "cache_capacity_2": 11702016, "filter_ratio": 0.0625, "cache_capacity_1": 110096, "bytes_sram_total": 2108089600, "bytes_total": 6144000000, "hits_2": 7923540, "accesses_1": 256000000, "cache_capacity_total": 12582912, "cache_entries_total": 98303, "cache_entries_1": 6881}