{"bytes_1": 4096000000, "bytes_sram_2": 692598272, "cache_entries_2": 14745, "hitrate_2": 33.818275, "hitrate_1": 41.3614046875, "hits_total": 111296120, "accesses_total": 272000000, "cache_ratio": 0.7, "bytes_2": 2048000000, "accesses_2": 16000000, "hits_1": 105885196, "bytes_sram_1": 1694163136, "hitrate_total": 40.91769117647059, "cache_capacity_2": 1887360, "filter_ratio": 0.0625, "cache_capacity_1": 550496, "bytes_sram_total": 2386761408, "bytes_total": 6144000000, "hits_2": 5410924, "accesses_1": 256000000, "cache_capacity_total": 6291456, "cache_entries_total": 49151, "cache_entries_1": 34406}