{"bytes_1": 4096000000, "bytes_sram_2": 1059868672, "cache_entries_2": 121896, "hitrate_2": 51.7514, "hitrate_1": 29.356475, "hits_total": 83432800, "accesses_total": 272000000, "cache_ratio": 0.07, "bytes_2": 2048000000, "accesses_2": 16000000, "hits_1": 75152576, "bytes_sram_1": 1202441216, "hitrate_total": 30.673823529411763, "cache_capacity_2": 15602688, "filter_ratio": 0.0625, "cache_capacity_1": 146800, "bytes_sram_total": 2262309888, "bytes_total": 6144000000, "hits_2": 8280224, "accesses_1": 256000000, "cache_capacity_total": 16777216, "cache_entries_total": 131071, "cache_entries_1": 9175}