{"bytes_1": 4096000000, "bytes_sram_2": 1020930048, "cache_entries_2": 95354, "hitrate_2": 49.8501, "hitrate_1": 19.11884375, "hits_total": 56920256, "accesses_total": 272000000, "cache_ratio": 0.03, "bytes_2": 2048000000, "accesses_2": 16000000, "hits_1": 48944240, "bytes_sram_1": 783107840, "hitrate_total": 20.926564705882353, "cache_capacity_2": 12205312, "filter_ratio": 0.0625, "cache_capacity_1": 47184, "bytes_sram_total": 1804037888, "bytes_total": 6144000000, "hits_2": 7976016, "accesses_1": 256000000, "cache_capacity_total": 12582912, "cache_entries_total": 98303, "cache_entries_1": 2949}