{"bytes_1": 4096000000, "bytes_sram_2": 819886080, "cache_entries_2": 29491, "hitrate_2": 40.0335, "hitrate_1": 36.3599578125, "hits_total": 99486852, "accesses_total": 272000000, "cache_ratio": 0.4, "bytes_2": 2048000000, "accesses_2": 16000000, "hits_1": 93081492, "bytes_sram_1": 1489303872, "hitrate_total": 36.576048529411764, "cache_capacity_2": 3774848, "filter_ratio": 0.0625, "cache_capacity_1": 314560, "bytes_sram_total": 2309189952, "bytes_total": 6144000000, "hits_2": 6405360, "accesses_1": 256000000, "cache_capacity_total": 6291456, "cache_entries_total": 49151, "cache_entries_1": 19660}