{"bytes_1": 4096000000, "bytes_sram_2": 485723136, "cache_entries_2": 4915, "hitrate_2": 23.71695, "hitrate_1": 49.6847421875, "hits_total": 130987652, "accesses_total": 272000000, "cache_ratio": 0.95, "bytes_2": 2048000000, "accesses_2": 16000000, "hits_1": 127192940, "bytes_sram_1": 2035087040, "hitrate_total": 48.157225, "cache_capacity_2": 629120, "filter_ratio": 0.0625, "cache_capacity_1": 1494208, "bytes_sram_total": 2520810176, "bytes_total": 6144000000, "hits_2": 3794712, "accesses_1": 256000000, "cache_capacity_total": 12582912, "cache_entries_total": 98303, "cache_entries_1": 93388}