{"bytes_1": 4096000000, "bytes_sram_2": 539878400, "cache_entries_2": 6553, "hitrate_2": 26.36125, "hitrate_1": 29.994425, "hits_total": 81003528, "accesses_total": 272000000, "cache_ratio": 0.6, "bytes_2": 2048000000, "accesses_2": 16000000, "hits_1": 76785728, "bytes_sram_1": 1228571648, "hitrate_total": 29.780708823529412, "cache_capacity_2": 838784, "filter_ratio": 0.0625, "cache_capacity_1": 157280, "bytes_sram_total": 1768450048, "bytes_total": 6144000000, "hits_2": 4217800, "accesses_1": 256000000, "cache_capacity_total": 2097152, "cache_entries_total": 16383, "cache_entries_1": 9830}