{"bytes_1": 4096000000, "bytes_sram_2": 786797568, "cache_entries_2": 24576, "hitrate_2": 38.41785, "hitrate_1": 38.369990625, "hits_total": 104374032, "accesses_total": 272000000, "cache_ratio": 0.5, "bytes_2": 2048000000, "accesses_2": 16000000, "hits_1": 98227176, "bytes_sram_1": 1571634816, "hitrate_total": 38.37280588235294, "cache_capacity_2": 3145728, "filter_ratio": 0.0625, "cache_capacity_1": 393216, "bytes_sram_total": 2358432384, "bytes_total": 6144000000, "hits_2": 6146856, "accesses_1": 256000000, "cache_capacity_total": 6291456, "cache_entries_total": 49152, "cache_entries_1": 24576}