{"bytes_1": 4096000000, "bytes_sram_2": 908315648, "cache_entries_2": 48660, "hitrate_2": 44.35135, "hitrate_1": 6.599590625, "hits_total": 23991168, "accesses_total": 272000000, "cache_ratio": 0.01, "bytes_2": 2048000000, "accesses_2": 16000000, "hits_1": 16894952, "bytes_sram_1": 270319232, "hitrate_total": 8.820282352941177, "cache_capacity_2": 6228480, "filter_ratio": 0.0625, "cache_capacity_1": 7856, "bytes_sram_total": 1178634880, "bytes_total": 6144000000, "hits_2": 7096216, "accesses_1": 256000000, "cache_capacity_total": 6291456, "cache_entries_total": 49151, "cache_entries_1": 491}