{"bytes_1": 4096000000, "bytes_sram_2": 893925376, "cache_entries_2": 44728, "hitrate_2": 43.6487, "hitrate_1": 22.6700171875, "hits_total": 65019036, "accesses_total": 272000000, "cache_ratio": 0.09, "bytes_2": 2048000000, "accesses_2": 16000000, "hits_1": 58035244, "bytes_sram_1": 928563904, "hitrate_total": 23.904057352941177, "cache_capacity_2": 5725184, "filter_ratio": 0.0625, "cache_capacity_1": 70768, "bytes_sram_total": 1822489280, "bytes_total": 6144000000, "hits_2": 6983792, "accesses_1": 256000000, "cache_capacity_total": 6291456, "cache_entries_total": 49151, "cache_entries_1": 4423}