{"bytes_1": 4096000000, "bytes_sram_2": 241073152, "cache_entries_2": 1146, "hitrate_2": 11.77115, "hitrate_1": 34.0389296875, "hits_total": 89023044, "accesses_total": 272000000, "cache_ratio": 0.93, "bytes_2": 2048000000, "accesses_2": 16000000, "hits_1": 87139660, "bytes_sram_1": 1394234560, "hitrate_total": 32.729060294117645, "cache_capacity_2": 146688, "filter_ratio": 0.0625, "cache_capacity_1": 243792, "bytes_sram_total": 1635307712, "bytes_total": 6144000000, "hits_2": 1883384, "accesses_1": 256000000, "cache_capacity_total": 2097152, "cache_entries_total": 16383, "cache_entries_1": 15237}