{"bytes_1": 4096000000, "bytes_sram_2": 871325696, "cache_entries_2": 39321, "hitrate_2": 42.5452, "hitrate_1": 45.954659375, "hits_total": 124451160, "accesses_total": 272000000, "cache_ratio": 0.6, "bytes_2": 2048000000, "accesses_2": 16000000, "hits_1": 117643928, "bytes_sram_1": 1882302848, "hitrate_total": 45.75410294117647, "cache_capacity_2": 5033088, "filter_ratio": 0.0625, "cache_capacity_1": 943712, "bytes_sram_total": 2753628544, "bytes_total": 6144000000, "hits_2": 6807232, "accesses_1": 256000000, "cache_capacity_total": 12582912, "cache_entries_total": 98303, "cache_entries_1": 58982}