{"bytes_1": 4096000000, "bytes_sram_2": 891934720, "cache_entries_2": 44236, "hitrate_2": 43.5515, "hitrate_1": 23.6228734375, "hits_total": 67442796, "accesses_total": 272000000, "cache_ratio": 0.1, "bytes_2": 2048000000, "accesses_2": 16000000, "hits_1": 60474556, "bytes_sram_1": 967592896, "hitrate_total": 24.795145588235293, "cache_capacity_2": 5662208, "filter_ratio": 0.0625, "cache_capacity_1": 78640, "bytes_sram_total": 1859527616, "bytes_total": 6144000000, "hits_2": 6968240, "accesses_1": 256000000, "cache_capacity_total": 6291456, "cache_entries_total": 49151, "cache_entries_1": 4915}