{"bytes_1": 4096000000, "bytes_sram_2": 829505024, "cache_entries_2": 31129, "hitrate_2": 40.503175, "hitrate_1": 14.315246875, "hits_total": 43127540, "accesses_total": 272000000, "cache_ratio": 0.05, "bytes_2": 2048000000, "accesses_2": 16000000, "hits_1": 36647032, "bytes_sram_1": 586352512, "hitrate_total": 15.855713235294118, "cache_capacity_2": 3984512, "filter_ratio": 0.0625, "cache_capacity_1": 26208, "bytes_sram_total": 1415857536, "bytes_total": 6144000000, "hits_2": 6480508, "accesses_1": 256000000, "cache_capacity_total": 4194304, "cache_entries_total": 32767, "cache_entries_1": 1638}