{"bytes_1": 4096000000, "bytes_sram_2": 294694912, "cache_entries_2": 1638, "hitrate_2": 14.3894, "hitrate_1": 40.4782296875, "hits_total": 105926572, "accesses_total": 272000000, "cache_ratio": 0.95, "bytes_2": 2048000000, "accesses_2": 16000000, "hits_1": 103624268, "bytes_sram_1": 1657988288, "hitrate_total": 38.94359264705882, "cache_capacity_2": 209664, "filter_ratio": 0.0625, "cache_capacity_1": 498064, "bytes_sram_total": 1952683200, "bytes_total": 6144000000, "hits_2": 2302304, "accesses_1": 256000000, "cache_capacity_total": 4194304, "cache_entries_total": 32767, "cache_entries_1": 31129}