{"bytes_1": 4096000000, "bytes_sram_2": 564268544, "cache_entries_2": 7454, "hitrate_2": 27.552175, "hitrate_1": 8.8456609375, "hits_total": 27053240, "accesses_total": 272000000, "cache_ratio": 0.09, "bytes_2": 2048000000, "accesses_2": 16000000, "hits_1": 22644892, "bytes_sram_1": 362318272, "hitrate_total": 9.946044117647059, "cache_capacity_2": 954112, "filter_ratio": 0.0625, "cache_capacity_1": 11792, "bytes_sram_total": 926586816, "bytes_total": 6144000000, "hits_2": 4408348, "accesses_1": 256000000, "cache_capacity_total": 1048576, "cache_entries_total": 8191, "cache_entries_1": 737}