{"bytes_1": 4096000000, "bytes_sram_2": 1023934976, "cache_entries_2": 97320, "hitrate_2": 49.996825, "hitrate_1": 10.6464375, "hits_total": 35254372, "accesses_total": 272000000, "cache_ratio": 0.01, "bytes_2": 2048000000, "accesses_2": 16000000, "hits_1": 27254880, "bytes_sram_1": 436078080, "hitrate_total": 12.961166176470588, "cache_capacity_2": 12456960, "filter_ratio": 0.0625, "cache_capacity_1": 15728, "bytes_sram_total": 1460013056, "bytes_total": 6144000000, "hits_2": 7999492, "accesses_1": 256000000, "cache_capacity_total": 12582912, "cache_entries_total": 98303, "cache_entries_1": 983}