{"bytes_1": 4096000000, "bytes_sram_2": 954224640, "cache_entries_2": 63569, "hitrate_2": 46.593, "hitrate_1": 15.749278125, "hits_total": 47773032, "accesses_total": 272000000, "cache_ratio": 0.03, "bytes_2": 2048000000, "accesses_2": 16000000, "hits_1": 40318152, "bytes_sram_1": 645090432, "hitrate_total": 17.563614705882355, "cache_capacity_2": 8136832, "filter_ratio": 0.0625, "cache_capacity_1": 31456, "bytes_sram_total": 1599315072, "bytes_total": 6144000000, "hits_2": 7454880, "accesses_1": 256000000, "cache_capacity_total": 8388608, "cache_entries_total": 65535, "cache_entries_1": 1966}