{"bytes_1": 4096000000, "bytes_sram_2": 950684672, "cache_entries_2": 62259, "hitrate_2": 46.42015, "hitrate_1": 20.0287421875, "hits_total": 58700804, "accesses_total": 272000000, "cache_ratio": 0.05, "bytes_2": 2048000000, "accesses_2": 16000000, "hits_1": 51273580, "bytes_sram_1": 820377280, "hitrate_total": 21.58117794117647, "cache_capacity_2": 7969152, "filter_ratio": 0.0625, "cache_capacity_1": 52416, "bytes_sram_total": 1771061952, "bytes_total": 6144000000, "hits_2": 7427224, "accesses_1": 256000000, "cache_capacity_total": 8388608, "cache_entries_total": 65535, "cache_entries_1": 3276}