{"bytes_1": 4096000000, "bytes_sram_2": 444780032, "cache_entries_2": 3932, "hitrate_2": 21.717775, "hitrate_1": 52.0809390625, "hits_total": 136802048, "accesses_total": 272000000, "cache_ratio": 0.97, "bytes_2": 2048000000, "accesses_2": 16000000, "hits_1": 133327204, "bytes_sram_1": 2133235264, "hitrate_total": 50.29487058823529, "cache_capacity_2": 503296, "filter_ratio": 0.0625, "cache_capacity_1": 2034224, "bytes_sram_total": 2578015296, "bytes_total": 6144000000, "hits_2": 3474844, "accesses_1": 256000000, "cache_capacity_total": 16777216, "cache_entries_total": 131071, "cache_entries_1": 127139}