{"bytes_1": 4096000000, "bytes_sram_2": 871325696, "cache_entries_2": 39321, "hitrate_2": 42.5452, "hitrate_1": 29.994425, "hits_total": 83592960, "accesses_total": 272000000, "cache_ratio": 0.2, "bytes_2": 2048000000, "accesses_2": 16000000, "hits_1": 76785728, "bytes_sram_1": 1228571648, "hitrate_total": 30.732705882352942, "cache_capacity_2": 5033088, "filter_ratio": 0.0625, "cache_capacity_1": 157280, "bytes_sram_total": 2099897344, "bytes_total": 6144000000, "hits_2": 6807232, "accesses_1": 256000000, "cache_capacity_total": 6291456, "cache_entries_total": 49151, "cache_entries_1": 9830}