{"bytes_1": 4096000000, "bytes_sram_2": 712016384, "cache_entries_2": 16384, "hitrate_2": 34.766425, "hitrate_1": 0.0, "hits_total": 5562628, "accesses_total": 272000000, "cache_ratio": 0.0, "bytes_2": 2048000000, "accesses_2": 16000000, "hits_1": 0, "bytes_sram_1": 0, "hitrate_total": 2.0450838235294118, "cache_capacity_2": 2097152, "filter_ratio": 0.0625, "cache_capacity_1": 0, "bytes_sram_total": 712016384, "bytes_total": 6144000000, "hits_2": 5562628, "accesses_1": 256000000, "cache_capacity_total": 2097152, "cache_entries_total": 16384, "cache_entries_1": 0}