{"bytes_1": 4096000000, "bytes_sram_2": 947004416, "cache_entries_2": 60948, "hitrate_2": 46.24045, "hitrate_1": 22.9987859375, "hits_total": 66275364, "accesses_total": 272000000, "cache_ratio": 0.07, "bytes_2": 2048000000, "accesses_2": 16000000, "hits_1": 58876892, "bytes_sram_1": 942030272, "hitrate_total": 24.365942647058823, "cache_capacity_2": 7801344, "filter_ratio": 0.0625, "cache_capacity_1": 73392, "bytes_sram_total": 1889034688, "bytes_total": 6144000000, "hits_2": 7398472, "accesses_1": 256000000, "cache_capacity_total": 8388608, "cache_entries_total": 65535, "cache_entries_1": 4587}