{"bytes_1": 4096000000, "bytes_sram_2": 182302720, "cache_entries_2": 737, "hitrate_2": 8.9015, "hitrate_1": 27.441965625, "hits_total": 71675672, "accesses_total": 272000000, "cache_ratio": 0.91, "bytes_2": 2048000000, "accesses_2": 16000000, "hits_1": 70251432, "bytes_sram_1": 1124022912, "hitrate_total": 26.35135, "cache_capacity_2": 94336, "filter_ratio": 0.0625, "cache_capacity_1": 119264, "bytes_sram_total": 1306325632, "bytes_total": 6144000000, "hits_2": 1424240, "accesses_1": 256000000, "cache_capacity_total": 1048576, "cache_entries_total": 8191, "cache_entries_1": 7454}