{"bytes_1": 4096000000, "bytes_sram_2": 897513984, "cache_entries_2": 45711, "hitrate_2": 43.823925, "hitrate_1": 20.4526625, "hits_total": 59370644, "accesses_total": 272000000, "cache_ratio": 0.07, "bytes_2": 2048000000, "accesses_2": 16000000, "hits_1": 52358816, "bytes_sram_1": 837741056, "hitrate_total": 21.827442647058824, "cache_capacity_2": 5851008, "filter_ratio": 0.0625, "cache_capacity_1": 55040, "bytes_sram_total": 1735255040, "bytes_total": 6144000000, "hits_2": 7011828, "accesses_1": 256000000, "cache_capacity_total": 6291456, "cache_entries_total": 49151, "cache_entries_1": 3440}