{"bytes_1": 4096000000, "bytes_sram_2": 959355392, "cache_entries_2": 65536, "hitrate_2": 46.843525, "hitrate_1": 46.82821875, "hits_total": 127375204, "accesses_total": 272000000, "cache_ratio": 0.5, "bytes_2": 2048000000, "accesses_2": 16000000, "hits_1": 119880240, "bytes_sram_1": 1918083840, "hitrate_total": 46.82911911764706, "cache_capacity_2": 8388608, "filter_ratio": 0.0625, "cache_capacity_1": 1048576, "bytes_sram_total": 2877439232, "bytes_total": 6144000000, "hits_2": 7494964, "accesses_1": 256000000, "cache_capacity_total": 16777216, "cache_entries_total": 131072, "cache_entries_1": 65536}