{"bytes_1": 4096000000, "bytes_sram_2": 420304896, "cache_entries_2": 3440, "hitrate_2": 20.5227, "hitrate_1": 43.80666875, "hits_total": 115428704, "accesses_total": 272000000, "cache_ratio": 0.93, "bytes_2": 2048000000, "accesses_2": 16000000, "hits_1": 112145072, "bytes_sram_1": 1794321152, "hitrate_total": 42.43702352941177, "cache_capacity_2": 440320, "filter_ratio": 0.0625, "cache_capacity_1": 731376, "bytes_sram_total": 2214626048, "bytes_total": 6144000000, "hits_2": 3283632, "accesses_1": 256000000, "cache_capacity_total": 6291456, "cache_entries_total": 49151, "cache_entries_1": 45711}