{"bytes_1": 4096000000, "bytes_sram_2": 712016384, "cache_entries_2": 16384, "hitrate_2": 34.766425, "hitrate_1": 34.7024875, "hits_total": 94400996, "accesses_total": 272000000, "cache_ratio": 0.5, "bytes_2": 2048000000, "accesses_2": 16000000, "hits_1": 88838368, "bytes_sram_1": 1421413888, "hitrate_total": 34.706248529411766, "cache_capacity_2": 2097152, "filter_ratio": 0.0625, "cache_capacity_1": 262144, "bytes_sram_total": 2133430272, "bytes_total": 6144000000, "hits_2": 5562628, "accesses_1": 256000000, "cache_capacity_total": 4194304, "cache_entries_total": 32768, "cache_entries_1": 16384}