{"bytes_1": 4096000000, "bytes_sram_2": 819886080, "cache_entries_2": 29491, "hitrate_2": 40.0335, "hitrate_1": 20.0287421875, "hits_total": 57678940, "accesses_total": 272000000, "cache_ratio": 0.1, "bytes_2": 2048000000, "accesses_2": 16000000, "hits_1": 51273580, "bytes_sram_1": 820377280, "hitrate_total": 21.205492647058822, "cache_capacity_2": 3774848, "filter_ratio": 0.0625, "cache_capacity_1": 52416, "bytes_sram_total": 1640263360, "bytes_total": 6144000000, "hits_2": 6405360, "accesses_1": 256000000, "cache_capacity_total": 4194304, "cache_entries_total": 32767, "cache_entries_1": 3276}