{"bytes_1": 4096000000, "bytes_sram_2": 616134656, "cache_entries_2": 9830, "hitrate_2": 30.0847, "hitrate_1": 26.2582796875, "hits_total": 72034748, "accesses_total": 272000000, "cache_ratio": 0.4, "bytes_2": 2048000000, "accesses_2": 16000000, "hits_1": 67221196, "bytes_sram_1": 1075539136, "hitrate_total": 26.483363235294117, "cache_capacity_2": 1258240, "filter_ratio": 0.0625, "cache_capacity_1": 104848, "bytes_sram_total": 1691673792, "bytes_total": 6144000000, "hits_2": 4813552, "accesses_1": 256000000, "cache_capacity_total": 2097152, "cache_entries_total": 16383, "cache_entries_1": 6553}