{"bytes_1": 4096000000, "bytes_sram_2": 0, "cache_entries_2": 0, "hitrate_2": 0.0, "hitrate_1": 28.312934375, "hits_total": 72481112, "accesses_total": 272000000, "cache_ratio": 1.0, "bytes_2": 2048000000, "accesses_2": 16000000, "hits_1": 72481112, "bytes_sram_1": 1159697792, "hitrate_total": 26.647467647058825, "cache_capacity_2": 0, "filter_ratio": 0.0625, "cache_capacity_1": 131072, "bytes_sram_total": 1159697792, "bytes_total": 6144000000, "hits_2": 0, "accesses_1": 256000000, "cache_capacity_total": 1048576, "cache_entries_total": 8192, "cache_entries_1": 8192}