{"bytes_1": 4096000000, "bytes_sram_2": 838800384, "cache_entries_2": 32768, "hitrate_2": 40.95705, "hitrate_1": 40.93488125, "hits_total": 111346424, "accesses_total": 272000000, "cache_ratio": 0.5, "bytes_2": 2048000000, "accesses_2": 16000000, "hits_1": 104793296, "bytes_sram_1": 1676692736, "hitrate_total": 40.93618529411765, "cache_capacity_2": 4194304, "filter_ratio": 0.0625, "cache_capacity_1": 524288, "bytes_sram_total": 2515493120, "bytes_total": 6144000000, "hits_2": 6553128, "accesses_1": 256000000, "cache_capacity_total": 8388608, "cache_entries_total": 65536, "cache_entries_1": 32768}