{"bytes_1": 4096000000, "bytes_sram_2": 118746624, "cache_entries_2": 409, "hitrate_2": 5.798175, "hitrate_1": 27.837903125, "hits_total": 72192740, "accesses_total": 272000000, "cache_ratio": 0.95, "bytes_2": 2048000000, "accesses_2": 16000000, "hits_1": 71265032, "bytes_sram_1": 1140240512, "hitrate_total": 26.541448529411763, "cache_capacity_2": 52352, "filter_ratio": 0.0625, "cache_capacity_1": 124512, "bytes_sram_total": 1258987136, "bytes_total": 6144000000, "hits_2": 927708, "accesses_1": 256000000, "cache_capacity_total": 1048576, "cache_entries_total": 8191, "cache_entries_1": 7782}