{"bytes_1": 4096000000, "bytes_sram_2": 1035983872, "cache_entries_2": 104857, "hitrate_2": 50.58515, "hitrate_1": 38.9497734375, "hits_total": 107805044, "accesses_total": 272000000, "cache_ratio": 0.2, "bytes_2": 2048000000, "accesses_2": 16000000, "hits_1": 99711420, "bytes_sram_1": 1595382720, "hitrate_total": 39.634207352941175, "cache_capacity_2": 13421696, "filter_ratio": 0.0625, "cache_capacity_1": 419424, "bytes_sram_total": 2631366592, "bytes_total": 6144000000, "hits_2": 8093624, "accesses_1": 256000000, "cache_capacity_total": 16777216, "cache_entries_total": 131071, "cache_entries_1": 26214}