{"bytes_1": 4096000000, "bytes_sram_2": 0, "cache_entries_2": 0, "hitrate_2": 0.0, "hitrate_1": 52.3122171875, "hits_total": 133919276, "accesses_total": 272000000, "cache_ratio": 1.0, "bytes_2": 2048000000, "accesses_2": 16000000, "hits_1": 133919276, "bytes_sram_1": 2142708416, "hitrate_total": 49.23502794117647, "cache_capacity_2": 0, "filter_ratio": 0.0625, "cache_capacity_1": 2097152, "bytes_sram_total": 2142708416, "bytes_total": 6144000000, "hits_2": 0, "accesses_1": 256000000, "cache_capacity_total": 16777216, "cache_entries_total": 131072, "cache_entries_1": 131072}