{"bytes_1": 4096000000, "bytes_sram_2": 349812224, "cache_entries_2": 2293, "hitrate_2": 17.080675, "hitrate_1": 40.288775, "hits_total": 105872172, "accesses_total": 272000000, "cache_ratio": 0.93, "bytes_2": 2048000000, "accesses_2": 16000000, "hits_1": 103139264, "bytes_sram_1": 1650228224, "hitrate_total": 38.923592647058825, "cache_capacity_2": 293504, "filter_ratio": 0.0625, "cache_capacity_1": 487584, "bytes_sram_total": 2000040448, "bytes_total": 6144000000, "hits_2": 2732908, "accesses_1": 256000000, "cache_capacity_total": 4194304, "cache_entries_total": 32767, "cache_entries_1": 30474}