{"bytes_1": 4096000000, "bytes_sram_2": 920813568, "cache_entries_2": 52428, "hitrate_2": 44.9616, "hitrate_1": 48.3102109375, "hits_total": 130867996, "accesses_total": 272000000, "cache_ratio": 0.6, "bytes_2": 2048000000, "accesses_2": 16000000, "hits_1": 123674140, "bytes_sram_1": 1978786240, "hitrate_total": 48.11323382352941, "cache_capacity_2": 6710784, "filter_ratio": 0.0625, "cache_capacity_1": 1258288, "bytes_sram_total": 2899599808, "bytes_total": 6144000000, "hits_2": 7193856, "accesses_1": 256000000, "cache_capacity_total": 16777216, "cache_entries_total": 131071, "cache_entries_1": 78643}