{"bytes_1": 4096000000, "bytes_sram_2": 361484800, "cache_entries_2": 2457, "hitrate_2": 17.650625, "hitrate_1": 25.0304296875, "hits_total": 66902000, "accesses_total": 272000000, "cache_ratio": 0.7, "bytes_2": 2048000000, "accesses_2": 16000000, "hits_1": 64077900, "bytes_sram_1": 1025246400, "hitrate_total": 24.596323529411766, "cache_capacity_2": 314496, "filter_ratio": 0.0625, "cache_capacity_1": 91744, "bytes_sram_total": 1386731200, "bytes_total": 6144000000, "hits_2": 2824100, "accesses_1": 256000000, "cache_capacity_total": 1048576, "cache_entries_total": 8191, "cache_entries_1": 5734}