{"bytes_1": 4096000000, "bytes_sram_2": 670594560, "cache_entries_2": 13107, "hitrate_2": 32.743875, "hitrate_1": 36.3599578125, "hits_total": 98320512, "accesses_total": 272000000, "cache_ratio": 0.6, "bytes_2": 2048000000, "accesses_2": 16000000, "hits_1": 93081492, "bytes_sram_1": 1489303872, "hitrate_total": 36.14724705882353, "cache_capacity_2": 1677696, "filter_ratio": 0.0625, "cache_capacity_1": 314560, "bytes_sram_total": 2159898432, "bytes_total": 6144000000, "hits_2": 5239020, "accesses_1": 256000000, "cache_capacity_total": 4194304, "cache_entries_total": 32767, "cache_entries_1": 19660}