{"bytes_1": 4096000000, "bytes_sram_2": 616134656, "cache_entries_2": 9830, "hitrate_2": 30.0847, "hitrate_1": 42.5176875, "hits_total": 113658832, "accesses_total": 272000000, "cache_ratio": 0.8, "bytes_2": 2048000000, "accesses_2": 16000000, "hits_1": 108845280, "bytes_sram_1": 1741524480, "hitrate_total": 41.78633529411765, "cache_capacity_2": 1258240, "filter_ratio": 0.0625, "cache_capacity_1": 629136, "bytes_sram_total": 2357659136, "bytes_total": 6144000000, "hits_2": 4813552, "accesses_1": 256000000, "cache_capacity_total": 6291456, "cache_entries_total": 49151, "cache_entries_1": 39321}