{"bytes_1": 4096000000, "bytes_sram_2": 411701760, "cache_entries_2": 3276, "hitrate_2": 20.102625, "hitrate_1": 23.6228734375, "hits_total": 63690976, "accesses_total": 272000000, "cache_ratio": 0.6, "bytes_2": 2048000000, "accesses_2": 16000000, "hits_1": 60474556, "bytes_sram_1": 967592896, "hitrate_total": 23.4158, "cache_capacity_2": 419328, "filter_ratio": 0.0625, "cache_capacity_1": 78640, "bytes_sram_total": 1379294656, "bytes_total": 6144000000, "hits_2": 3216420, "accesses_1": 256000000, "cache_capacity_total": 1048576, "cache_entries_total": 8191, "cache_entries_1": 4915}