{"bytes_1": 4096000000, "bytes_sram_2": 0, "cache_entries_2": 0, "hitrate_2": 0.0, "hitrate_1": 44.4246796875, "hits_total": 113727180, "accesses_total": 272000000, "cache_ratio": 1.0, "bytes_2": 2048000000, "accesses_2": 16000000, "hits_1": 113727180, "bytes_sram_1": 1819634880, "hitrate_total": 41.81146323529412, "cache_capacity_2": 0, "filter_ratio": 0.0625, "cache_capacity_1": 786432, "bytes_sram_total": 1819634880, "bytes_total": 6144000000, "hits_2": 0, "accesses_1": 256000000, "cache_capacity_total": 6291456, "cache_entries_total": 49152, "cache_entries_1": 49152}