{"bytes_1": 4096000000, "bytes_sram_2": 871325696, "cache_entries_2": 39321, "hitrate_2": 42.5452, "hitrate_1": 38.9497734375, "hits_total": 106518652, "accesses_total": 272000000, "cache_ratio": 0.4, "bytes_2": 2048000000, "accesses_2": 16000000, "hits_1": 99711420, "bytes_sram_1": 1595382720, "hitrate_total": 39.16126911764706, "cache_capacity_2": 5033088, "filter_ratio": 0.0625, "cache_capacity_1": 419424, "bytes_sram_total": 2466708416, "bytes_total": 6144000000, "hits_2": 6807232, "accesses_1": 256000000, "cache_capacity_total": 8388608, "cache_entries_total": 65535, "cache_entries_1": 26214}