{"bytes_1": 4096000000, "bytes_sram_2": 452177920, "cache_entries_2": 4096, "hitrate_2": 22.079, "hitrate_1": 21.9925140625, "hits_total": 59833476, "accesses_total": 272000000, "cache_ratio": 0.5, "bytes_2": 2048000000, "accesses_2": 16000000, "hits_1": 56300836, "bytes_sram_1": 900813376, "hitrate_total": 21.997601470588236, "cache_capacity_2": 524288, "filter_ratio": 0.0625, "cache_capacity_1": 65536, "bytes_sram_total": 1352991296, "bytes_total": 6144000000, "hits_2": 3532640, "accesses_1": 256000000, "cache_capacity_total": 1048576, "cache_entries_total": 8192, "cache_entries_1": 4096}