{"bytes_1": 4096000000, "bytes_sram_2": 920813568, "cache_entries_2": 52428, "hitrate_2": 44.9616, "hitrate_1": 32.6500390625, "hits_total": 90777956, "accesses_total": 272000000, "cache_ratio": 0.2, "bytes_2": 2048000000, "accesses_2": 16000000, "hits_1": 83584100, "bytes_sram_1": 1337345600, "hitrate_total": 33.374248529411766, "cache_capacity_2": 6710784, "filter_ratio": 0.0625, "cache_capacity_1": 209712, "bytes_sram_total": 2258159168, "bytes_total": 6144000000, "hits_2": 7193856, "accesses_1": 256000000, "cache_capacity_total": 8388608, "cache_entries_total": 65535, "cache_entries_1": 13107}