{"bytes_1": 4096000000, "bytes_sram_2": 393353216, "cache_entries_2": 2949, "hitrate_2": 19.2067, "hitrate_1": 40.095609375, "hits_total": 105717832, "accesses_total": 272000000, "cache_ratio": 0.91, "bytes_2": 2048000000, "accesses_2": 16000000, "hits_1": 102644760, "bytes_sram_1": 1642316160, "hitrate_total": 38.86685, "cache_capacity_2": 377472, "filter_ratio": 0.0625, "cache_capacity_1": 477088, "bytes_sram_total": 2035669376, "bytes_total": 6144000000, "hits_2": 3073072, "accesses_1": 256000000, "cache_capacity_total": 4194304, "cache_entries_total": 32767, "cache_entries_1": 29818}