{"bytes_1": 4096000000, "bytes_sram_2": 745717248, "cache_entries_2": 19660, "hitrate_2": 36.411975, "hitrate_1": 39.997340625, "hits_total": 108219108, "accesses_total": 272000000, "cache_ratio": 0.6, "bytes_2": 2048000000, "accesses_2": 16000000, "hits_1": 102393192, "bytes_sram_1": 1638291072, "hitrate_total": 39.78643676470588, "cache_capacity_2": 2516480, "filter_ratio": 0.0625, "cache_capacity_1": 471856, "bytes_sram_total": 2384008320, "bytes_total": 6144000000, "hits_2": 5825916, "accesses_1": 256000000, "cache_capacity_total": 6291456, "cache_entries_total": 49151, "cache_entries_1": 29491}