{"bytes_1": 4096000000, "bytes_sram_2": 1010686976, "cache_entries_2": 89456, "hitrate_2": 49.34995, "hitrate_1": 29.019809375, "hits_total": 82186704, "accesses_total": 272000000, "cache_ratio": 0.09, "bytes_2": 2048000000, "accesses_2": 16000000, "hits_1": 74290712, "bytes_sram_1": 1188651392, "hitrate_total": 30.2157, "cache_capacity_2": 11450368, "filter_ratio": 0.0625, "cache_capacity_1": 141552, "bytes_sram_total": 2199338368, "bytes_total": 6144000000, "hits_2": 7895992, "accesses_1": 256000000, "cache_capacity_total": 12582912, "cache_entries_total": 98303, "cache_entries_1": 8847}