{"bytes_1": 4096000000, "bytes_sram_2": 901133824, "cache_entries_2": 46694, "hitrate_2": 44.000675, "hitrate_1": 17.5746625, "hits_total": 52031244, "accesses_total": 272000000, "cache_ratio": 0.05, "bytes_2": 2048000000, "accesses_2": 16000000, "hits_1": 44991136, "bytes_sram_1": 719858176, "hitrate_total": 19.12913382352941, "cache_capacity_2": 5976832, "filter_ratio": 0.0625, "cache_capacity_1": 39312, "bytes_sram_total": 1620992000, "bytes_total": 6144000000, "hits_2": 7040108, "accesses_1": 256000000, "cache_capacity_total": 6291456, "cache_entries_total": 49151, "cache_entries_1": 2457}