{"bytes_1": 4096000000, "bytes_sram_2": 645417984, "cache_entries_2": 11468, "hitrate_2": 31.51455, "hitrate_1": 23.6228734375, "hits_total": 65516884, "accesses_total": 272000000, "cache_ratio": 0.3, "bytes_2": 2048000000, "accesses_2": 16000000, "hits_1": 60474556, "bytes_sram_1": 967592896, "hitrate_total": 24.087089705882352, "cache_capacity_2": 1467904, "filter_ratio": 0.0625, "cache_capacity_1": 78640, "bytes_sram_total": 1613010880, "bytes_total": 6144000000, "hits_2": 5042328, "accesses_1": 256000000, "cache_capacity_total": 2097152, "cache_entries_total": 16383, "cache_entries_1": 4915}