{"bytes_1": 4096000000, "bytes_sram_2": 548978176, "cache_entries_2": 6881, "hitrate_2": 26.805575, "hitrate_1": 49.5151125, "hits_total": 131047580, "accesses_total": 272000000, "cache_ratio": 0.93, "bytes_2": 2048000000, "accesses_2": 16000000, "hits_1": 126758688, "bytes_sram_1": 2028139008, "hitrate_total": 48.17925735294118, "cache_capacity_2": 880768, "filter_ratio": 0.0625, "cache_capacity_1": 1462752, "bytes_sram_total": 2577117184, "bytes_total": 6144000000, "hits_2": 4288892, "accesses_1": 256000000, "cache_capacity_total": 12582912, "cache_entries_total": 98303, "cache_entries_1": 91422}