{"bytes_1": 4096000000, "bytes_sram_2": 393353216, "cache_entries_2": 2949, "hitrate_2": 19.2067, "hitrate_1": 49.84940625, "hits_total": 130687552, "accesses_total": 272000000, "cache_ratio": 0.97, "bytes_2": 2048000000, "accesses_2": 16000000, "hits_1": 127614480, "bytes_sram_1": 2041831680, "hitrate_total": 48.04689411764706, "cache_capacity_2": 377472, "filter_ratio": 0.0625, "cache_capacity_1": 1525664, "bytes_sram_total": 2435184896, "bytes_total": 6144000000, "hits_2": 3073072, "accesses_1": 256000000, "cache_capacity_total": 12582912, "cache_entries_total": 98303, "cache_entries_1": 95354}