{"bytes_1": 4096000000, "bytes_sram_2": 959355392, "cache_entries_2": 65536, "hitrate_2": 46.843525, "hitrate_1": 0.0, "hits_total": 7494964, "accesses_total": 272000000, "cache_ratio": 0.0, "bytes_2": 2048000000, "accesses_2": 16000000, "hits_1": 0, "bytes_sram_1": 0, "hitrate_total": 2.7555014705882352, "cache_capacity_2": 8388608, "filter_ratio": 0.0625, "cache_capacity_1": 0, "bytes_sram_total": 959355392, "bytes_total": 6144000000, "hits_2": 7494964, "accesses_1": 256000000, "cache_capacity_total": 8388608, "cache_entries_total": 65536, "cache_entries_1": 0}