{"bytes_1": 4096000000, "bytes_sram_2": 568393728, "cache_entries_2": 7618, "hitrate_2": 27.7536, "hitrate_1": 7.4073875, "hits_total": 23403488, "accesses_total": 272000000, "cache_ratio": 0.07, "bytes_2": 2048000000, "accesses_2": 16000000, "hits_1": 18962912, "bytes_sram_1": 303406592, "hitrate_total": 8.604223529411765, "cache_capacity_2": 975104, "filter_ratio": 0.0625, "cache_capacity_1": 9168, "bytes_sram_total": 871800320, "bytes_total": 6144000000, "hits_2": 4440576, "accesses_1": 256000000, "cache_capacity_total": 1048576, "cache_entries_total": 8191, "cache_entries_1": 573}