{"bytes_1": 4096000000, "bytes_sram_2": 710111232, "cache_entries_2": 16220, "hitrate_2": 34.6734, "hitrate_1": 2.692478125, "hits_total": 12440488, "accesses_total": 272000000, "cache_ratio": 0.01, "bytes_2": 2048000000, "accesses_2": 16000000, "hits_1": 6892744, "bytes_sram_1": 110283904, "hitrate_total": 4.573708823529412, "cache_capacity_2": 2076160, "filter_ratio": 0.0625, "cache_capacity_1": 2608, "bytes_sram_total": 820395136, "bytes_total": 6144000000, "hits_2": 5547744, "accesses_1": 256000000, "cache_capacity_total": 2097152, "cache_entries_total": 16383, "cache_entries_1": 163}