{"bytes_1": 4096000000, "bytes_sram_2": 466060800, "cache_entries_2": 4423, "hitrate_2": 22.756875, "hitrate_1": 43.623184375, "hits_total": 115316452, "accesses_total": 272000000, "cache_ratio": 0.91, "bytes_2": 2048000000, "accesses_2": 16000000, "hits_1": 111675352, "bytes_sram_1": 1786805632, "hitrate_total": 42.395754411764706, "cache_capacity_2": 566144, "filter_ratio": 0.0625, "cache_capacity_1": 715648, "bytes_sram_total": 2252866432, "bytes_total": 6144000000, "hits_2": 3641100, "accesses_1": 256000000, "cache_capacity_total": 6291456, "cache_entries_total": 49151, "cache_entries_1": 44728}