{"bytes_1": 4096000000, "bytes_sram_2": 99493376, "cache_entries_2": 327, "hitrate_2": 4.858075, "hitrate_1": 40.8451375, "hits_total": 105340844, "accesses_total": 272000000, "cache_ratio": 0.99, "bytes_2": 2048000000, "accesses_2": 16000000, "hits_1": 104563552, "bytes_sram_1": 1673016832, "hitrate_total": 38.72825147058823, "cache_capacity_2": 41856, "filter_ratio": 0.0625, "cache_capacity_1": 519040, "bytes_sram_total": 1772510208, "bytes_total": 6144000000, "hits_2": 777292, "accesses_1": 256000000, "cache_capacity_total": 4194304, "cache_entries_total": 32767, "cache_entries_1": 32440}