{"bytes_1": 4096000000, "bytes_sram_2": 1014756864, "cache_entries_2": 91750, "hitrate_2": 49.548675, "hitrate_1": 42.5176875, "hits_total": 116773068, "accesses_total": 272000000, "cache_ratio": 0.3, "bytes_2": 2048000000, "accesses_2": 16000000, "hits_1": 108845280, "bytes_sram_1": 1741524480, "hitrate_total": 42.931275, "cache_capacity_2": 11744000, "filter_ratio": 0.0625, "cache_capacity_1": 629136, "bytes_sram_total": 2756281344, "bytes_total": 6144000000, "hits_2": 7927788, "accesses_1": 256000000, "cache_capacity_total": 16777216, "cache_entries_total": 131071, "cache_entries_1": 39321}