{"bytes_1": 4096000000, "bytes_sram_2": 78965760, "cache_entries_2": 245, "hitrate_2": 3.85575, "hitrate_1": 28.027515625, "hits_total": 72367360, "accesses_total": 272000000, "cache_ratio": 0.97, "bytes_2": 2048000000, "accesses_2": 16000000, "hits_1": 71750440, "bytes_sram_1": 1148007040, "hitrate_total": 26.60564705882353, "cache_capacity_2": 31360, "filter_ratio": 0.0625, "cache_capacity_1": 127136, "bytes_sram_total": 1226972800, "bytes_total": 6144000000, "hits_2": 616920, "accesses_1": 256000000, "cache_capacity_total": 1048576, "cache_entries_total": 8191, "cache_entries_1": 7946}