{"bytes_1": 4096000000, "bytes_sram_2": 576323584, "cache_entries_2": 7946, "hitrate_2": 28.1408, "hitrate_1": 3.81958125, "hits_total": 14280656, "accesses_total": 272000000, "cache_ratio": 0.03, "bytes_2": 2048000000, "accesses_2": 16000000, "hits_1": 9778128, "bytes_sram_1": 156450048, "hitrate_total": 5.250241176470588, "cache_capacity_2": 1017088, "filter_ratio": 0.0625, "cache_capacity_1": 3920, "bytes_sram_total": 732773632, "bytes_total": 6144000000, "hits_2": 4502528, "accesses_1": 256000000, "cache_capacity_total": 1048576, "cache_entries_total": 8191, "cache_entries_1": 245}