{"bytes_1": 4096000000, "bytes_sram_2": 847418880, "cache_entries_2": 34406, "hitrate_2": 41.377875, "hitrate_1": 33.7357171875, "hits_total": 92983896, "accesses_total": 272000000, "cache_ratio": 0.3, "bytes_2": 2048000000, "accesses_2": 16000000, "hits_1": 86363436, "bytes_sram_1": 1381814976, "hitrate_total": 34.18525588235294, "cache_capacity_2": 4403968, "filter_ratio": 0.0625, "cache_capacity_1": 235920, "bytes_sram_total": 2229233856, "bytes_total": 6144000000, "hits_2": 6620460, "accesses_1": 256000000, "cache_capacity_total": 6291456, "cache_entries_total": 49151, "cache_entries_1": 14745}