{"hitrate_2": 46.1918, "bytes_total": 8192000000, "bytes_sram_2": 1892016128, "filter_ratio": 0.125, "cache_entries_2": 60948, "hitrate_1": 22.9987859375, "hitrate_total": 25.5757875, "hits_total": 73658268, "hits_1": 58876892, "cache_capacity_1": 73392, "cache_entries_1": 4587, "cache_capacity_total": 8388608, "hits_2": 14781376, "bytes_1": 4096000000, "bytes_sram_1": 942030272, "cache_ratio": 0.07, "accesses_1": 256000000, "cache_capacity_2": 7801344, "accesses_total": 288000000, "accesses_2": 32000000, "bytes_2": 4096000000, "cache_entries_total": 65535, "bytes_sram_total": 2834046400}