{"hitrate_2": 26.7087125, "bytes_total": 8192000000, "bytes_sram_2": 1093988864, "filter_ratio": 0.125, "cache_entries_2": 6881, "hitrate_1": 49.5151125, "hitrate_total": 46.98106805555555, "hits_total": 135305476, "hits_1": 126758688, "cache_capacity_1": 1462752, "cache_entries_1": 91422, "cache_capacity_total": 12582912, "hits_2": 8546788, "bytes_1": 4096000000, "bytes_sram_1": 2028139008, "cache_ratio": 0.93, "accesses_1": 256000000, "cache_capacity_2": 880768, "accesses_total": 288000000, "accesses_2": 32000000, "bytes_2": 4096000000, "cache_entries_total": 98303, "bytes_sram_total": 3122127872}