{"hitrate_2": 2.6951375, "bytes_total": 8192000000, "bytes_sram_2": 110392832, "filter_ratio": 0.125, "cache_entries_2": 163, "hitrate_1": 34.6100484375, "hitrate_total": 31.06394722222222, "hits_total": 89464168, "hits_1": 88601724, "cache_capacity_1": 259520, "cache_entries_1": 16220, "cache_capacity_total": 2097152, "hits_2": 862444, "bytes_1": 4096000000, "bytes_sram_1": 1417627584, "cache_ratio": 0.99, "accesses_1": 256000000, "cache_capacity_2": 20864, "accesses_total": 288000000, "accesses_2": 32000000, "bytes_2": 4096000000, "cache_entries_total": 16383, "bytes_sram_total": 1528020416}