{"hitrate_2": 26.26075, "bytes_total": 8192000000, "bytes_sram_2": 1075640320, "filter_ratio": 0.125, "cache_entries_2": 6553, "hitrate_1": 38.9497734375, "hitrate_total": 37.539881944444446, "hits_total": 108114860, "hits_1": 99711420, "cache_capacity_1": 419424, "cache_entries_1": 26214, "cache_capacity_total": 4194304, "hits_2": 8403440, "bytes_1": 4096000000, "bytes_sram_1": 1595382720, "cache_ratio": 0.8, "accesses_1": 256000000, "cache_capacity_2": 838784, "accesses_total": 288000000, "accesses_2": 32000000, "bytes_2": 4096000000, "cache_entries_total": 32767, "bytes_sram_total": 2671023040}