{"hitrate_2": 26.26075, "bytes_total": 8192000000, "bytes_sram_2": 1075640320, "filter_ratio": 0.125, "cache_entries_2": 6553, "hitrate_1": 29.994425, "hitrate_total": 29.57957222222222, "hits_total": 85189168, "hits_1": 76785728, "cache_capacity_1": 157280, "cache_entries_1": 9830, "cache_capacity_total": 2097152, "hits_2": 8403440, "bytes_1": 4096000000, "bytes_sram_1": 1228571648, "cache_ratio": 0.6, "accesses_1": 256000000, "cache_capacity_2": 838784, "accesses_total": 288000000, "accesses_2": 32000000, "bytes_2": 4096000000, "cache_entries_total": 16383, "bytes_sram_total": 2304211968}