{"hitrate_2": 33.7381625, "bytes_total": 8192000000, "bytes_sram_2": 1381915136, "filter_ratio": 0.125, "cache_entries_2": 14745, "hitrate_1": 14.315246875, "hitrate_total": 16.47334861111111, "hits_total": 47443244, "hits_1": 36647032, "cache_capacity_1": 26208, "cache_entries_1": 1638, "cache_capacity_total": 2097152, "hits_2": 10796212, "bytes_1": 4096000000, "bytes_sram_1": 586352512, "cache_ratio": 0.1, "accesses_1": 256000000, "cache_capacity_2": 1887360, "accesses_total": 288000000, "accesses_2": 32000000, "bytes_2": 4096000000, "cache_entries_total": 16383, "bytes_sram_total": 1968267648}