{"hitrate_2": 3.8370125, "bytes_total": 8192000000, "bytes_sram_2": 157164032, "filter_ratio": 0.125, "cache_entries_2": 245, "hitrate_1": 28.027515625, "hitrate_total": 25.339681944444443, "hits_total": 72978284, "hits_1": 71750440, "cache_capacity_1": 127136, "cache_entries_1": 7946, "cache_capacity_total": 1048576, "hits_2": 1227844, "bytes_1": 4096000000, "bytes_sram_1": 1148007040, "cache_ratio": 0.97, "accesses_1": 256000000, "cache_capacity_2": 31360, "accesses_total": 288000000, "accesses_2": 32000000, "bytes_2": 4096000000, "cache_entries_total": 8191, "bytes_sram_total": 1305171072}