{"hitrate_2": 46.709675, "bytes_total": 8192000000, "bytes_sram_2": 1913228288, "filter_ratio": 0.125, "cache_entries_2": 64880, "hitrate_1": 8.1308375, "hitrate_total": 12.417375, "hits_total": 35762040, "hits_1": 20814944, "cache_capacity_1": 10480, "cache_entries_1": 655, "cache_capacity_total": 8388608, "hits_2": 14947096, "bytes_1": 4096000000, "bytes_sram_1": 333039104, "cache_ratio": 0.01, "accesses_1": 256000000, "cache_capacity_2": 8304640, "accesses_total": 288000000, "accesses_2": 32000000, "bytes_2": 4096000000, "cache_entries_total": 65535, "bytes_sram_total": 2246267392}