{"hitrate_2": 36.349725, "bytes_total": 8192000000, "bytes_sram_2": 1488884736, "filter_ratio": 0.125, "cache_entries_2": 19660, "hitrate_1": 43.837071875, "hitrate_total": 43.00514444444445, "hits_total": 123854816, "hits_1": 112222904, "cache_capacity_1": 734000, "cache_entries_1": 45875, "cache_capacity_total": 8388608, "hits_2": 11631912, "bytes_1": 4096000000, "bytes_sram_1": 1795566464, "cache_ratio": 0.7, "accesses_1": 256000000, "cache_capacity_2": 2516480, "accesses_total": 288000000, "accesses_2": 32000000, "bytes_2": 4096000000, "cache_entries_total": 65535, "bytes_sram_total": 3284451200}