{"hitrate_2": 8.8544875, "bytes_total": 8192000000, "bytes_sram_2": 362679808, "filter_ratio": 0.125, "cache_entries_2": 737, "hitrate_1": 27.441965625, "hitrate_total": 25.37669027777778, "hits_total": 73084868, "hits_1": 70251432, "cache_capacity_1": 119264, "cache_entries_1": 7454, "cache_capacity_total": 1048576, "hits_2": 2833436, "bytes_1": 4096000000, "bytes_sram_1": 1124022912, "cache_ratio": 0.91, "accesses_1": 256000000, "cache_capacity_2": 94336, "accesses_total": 288000000, "accesses_2": 32000000, "bytes_2": 4096000000, "cache_entries_total": 8191, "bytes_sram_total": 1486702720}