{"hitrate_2": 21.9871375, "bytes_total": 8192000000, "bytes_sram_2": 900593152, "filter_ratio": 0.125, "cache_entries_2": 4096, "hitrate_1": 21.9925140625, "hitrate_total": 21.99191666666667, "hits_total": 63336720, "hits_1": 56300836, "cache_capacity_1": 65536, "cache_entries_1": 4096, "cache_capacity_total": 1048576, "hits_2": 7035884, "bytes_1": 4096000000, "bytes_sram_1": 900813376, "cache_ratio": 0.5, "accesses_1": 256000000, "cache_capacity_2": 524288, "accesses_total": 288000000, "accesses_2": 32000000, "bytes_2": 4096000000, "cache_entries_total": 8192, "bytes_sram_total": 1801406528}