{"hitrate_2": 36.349725, "bytes_total": 8192000000, "bytes_sram_2": 1488884736, "filter_ratio": 0.125, "cache_entries_2": 19660, "hitrate_1": 32.6500390625, "hitrate_total": 33.06111527777778, "hits_total": 95216012, "hits_1": 83584100, "cache_capacity_1": 209712, "cache_entries_1": 13107, "cache_capacity_total": 4194304, "hits_2": 11631912, "bytes_1": 4096000000, "bytes_sram_1": 1337345600, "cache_ratio": 0.4, "accesses_1": 256000000, "cache_capacity_2": 2516480, "accesses_total": 288000000, "accesses_2": 32000000, "bytes_2": 4096000000, "cache_entries_total": 32767, "bytes_sram_total": 2826230336}