{"hitrate_2": 8.1444625, "bytes_total": 8192000000, "bytes_sram_2": 333597184, "filter_ratio": 0.125, "cache_entries_2": 655, "hitrate_1": 46.74530625, "hitrate_total": 42.45632361111111, "hits_total": 122274212, "hits_1": 119667984, "cache_capacity_1": 1038080, "cache_entries_1": 64880, "cache_capacity_total": 8388608, "hits_2": 2606228, "bytes_1": 4096000000, "bytes_sram_1": 1914687744, "cache_ratio": 0.99, "accesses_1": 256000000, "cache_capacity_2": 83840, "accesses_total": 288000000, "accesses_2": 32000000, "bytes_2": 4096000000, "cache_entries_total": 65535, "bytes_sram_total": 2248284928}