{"hitrate_2": 0.0, "bytes_total": 8192000000, "bytes_sram_2": 0, "filter_ratio": 0.125, "cache_entries_2": 0, "hitrate_1": 50.08699375, "hitrate_total": 44.521772222222225, "hits_total": 128222704, "hits_1": 128222704, "cache_capacity_1": 1572864, "cache_entries_1": 98304, "cache_capacity_total": 12582912, "hits_2": 0, "bytes_1": 4096000000, "bytes_sram_1": 2051563264, "cache_ratio": 1.0, "accesses_1": 256000000, "cache_capacity_2": 0, "accesses_total": 288000000, "accesses_2": 32000000, "bytes_2": 4096000000, "cache_entries_total": 98304, "bytes_sram_total": 2051563264}