{"hitrate_2": 51.5438, "bytes_total": 8192000000, "bytes_sram_2": 2111234048, "filter_ratio": 0.125, "cache_entries_2": 119275, "hitrate_1": 31.678746875, "hitrate_total": 33.885975, "hits_total": 97591608, "hits_1": 81097592, "cache_capacity_1": 188736, "cache_entries_1": 11796, "cache_capacity_total": 16777216, "hits_2": 16494016, "bytes_1": 4096000000, "bytes_sram_1": 1297561472, "cache_ratio": 0.09, "accesses_1": 256000000, "cache_capacity_2": 15267200, "accesses_total": 288000000, "accesses_2": 32000000, "bytes_2": 4096000000, "cache_entries_total": 131071, "bytes_sram_total": 3408795520}