{"hitrate_2": 29.9952625, "bytes_total": 8192000000, "bytes_sram_2": 1228605952, "filter_ratio": 0.125, "cache_entries_2": 9830, "hitrate_1": 49.2563453125, "hitrate_total": 47.116225, "hits_total": 135694728, "hits_1": 126096244, "cache_capacity_1": 1415568, "cache_entries_1": 88473, "cache_capacity_total": 12582912, "hits_2": 9598484, "bytes_1": 4096000000, "bytes_sram_1": 2017539904, "cache_ratio": 0.9, "accesses_1": 256000000, "cache_capacity_2": 1258240, "accesses_total": 288000000, "accesses_2": 32000000, "bytes_2": 4096000000, "cache_entries_total": 98303, "bytes_sram_total": 3246145856}