{"hitrate_2": 13.524925, "bytes_total": 8192000000, "bytes_sram_2": 553980928, "filter_ratio": 0.125, "cache_entries_2": 1474, "hitrate_1": 33.838096875, "hitrate_total": 31.58107777777778, "hits_total": 90953504, "hits_1": 86625528, "cache_capacity_1": 238544, "cache_entries_1": 14909, "cache_capacity_total": 2097152, "hits_2": 4327976, "bytes_1": 4096000000, "bytes_sram_1": 1386008448, "cache_ratio": 0.91, "accesses_1": 256000000, "cache_capacity_2": 188672, "accesses_total": 288000000, "accesses_2": 32000000, "bytes_2": 4096000000, "cache_entries_total": 16383, "bytes_sram_total": 1939989376}