{"hitrate_2": 41.332875, "bytes_total": 8192000000, "bytes_sram_2": 1692994560, "filter_ratio": 0.125, "cache_entries_2": 34406, "hitrate_1": 33.7357171875, "hitrate_total": 34.57984583333333, "hits_total": 99589956, "hits_1": 86363436, "cache_capacity_1": 235920, "cache_entries_1": 14745, "cache_capacity_total": 6291456, "hits_2": 13226520, "bytes_1": 4096000000, "bytes_sram_1": 1381814976, "cache_ratio": 0.3, "accesses_1": 256000000, "cache_capacity_2": 4403968, "accesses_total": 288000000, "accesses_2": 32000000, "bytes_2": 4096000000, "cache_entries_total": 49151, "bytes_sram_total": 3074809536}