{"hitrate_2": 10.6509125, "bytes_total": 8192000000, "bytes_sram_2": 436261376, "filter_ratio": 0.125, "cache_entries_2": 983, "hitrate_1": 40.664071875, "hitrate_total": 37.329276388888886, "hits_total": 107508316, "hits_1": 104100024, "cache_capacity_1": 508544, "cache_entries_1": 31784, "cache_capacity_total": 4194304, "hits_2": 3408292, "bytes_1": 4096000000, "bytes_sram_1": 1665600384, "cache_ratio": 0.97, "accesses_1": 256000000, "cache_capacity_2": 125824, "accesses_total": 288000000, "accesses_2": 32000000, "bytes_2": 4096000000, "cache_entries_total": 32767, "bytes_sram_total": 2101861760}