{"hitrate_2": 52.02245, "bytes_total": 8192000000, "bytes_sram_2": 2130839552, "filter_ratio": 0.125, "cache_entries_2": 127139, "hitrate_1": 21.627915625, "hitrate_total": 25.005086111111112, "hits_total": 72014648, "hits_1": 55367464, "cache_capacity_1": 62912, "cache_entries_1": 3932, "cache_capacity_total": 16777216, "hits_2": 16647184, "bytes_1": 4096000000, "bytes_sram_1": 885879424, "cache_ratio": 0.03, "accesses_1": 256000000, "cache_capacity_2": 16273792, "accesses_total": 288000000, "accesses_2": 32000000, "bytes_2": 4096000000, "cache_entries_total": 131071, "bytes_sram_total": 3016718976}