{"hitrate_2": 44.3768, "bytes_total": 8192000000, "bytes_sram_2": 1817673728, "filter_ratio": 0.125, "cache_entries_2": 49152, "hitrate_1": 44.4246796875, "hitrate_total": 44.419359722222225, "hits_total": 127927756, "hits_1": 113727180, "cache_capacity_1": 786432, "cache_entries_1": 49152, "cache_capacity_total": 12582912, "hits_2": 14200576, "bytes_1": 4096000000, "bytes_sram_1": 1819634880, "cache_ratio": 0.5, "accesses_1": 256000000, "cache_capacity_2": 6291456, "accesses_total": 288000000, "accesses_2": 32000000, "bytes_2": 4096000000, "cache_entries_total": 98304, "bytes_sram_total": 3637308608}