{"hitrate_2": 43.802275, "bytes_total": 8192000000, "bytes_sram_2": 1794141184, "filter_ratio": 0.125, "cache_entries_2": 45875, "hitrate_1": 36.3599578125, "hitrate_total": 37.186881944444444, "hits_total": 107098220, "hits_1": 93081492, "cache_capacity_1": 314560, "cache_entries_1": 19660, "cache_capacity_total": 8388608, "hits_2": 14016728, "bytes_1": 4096000000, "bytes_sram_1": 1489303872, "cache_ratio": 0.3, "accesses_1": 256000000, "cache_capacity_2": 5872000, "accesses_total": 288000000, "accesses_2": 32000000, "bytes_2": 4096000000, "cache_entries_total": 65535, "bytes_sram_total": 3283445056}