{"hitrate_2": 44.9210875, "bytes_total": 8192000000, "bytes_sram_2": 1839967744, "filter_ratio": 0.125, "cache_entries_2": 52428, "hitrate_1": 32.6500390625, "hitrate_total": 34.01348888888889, "hits_total": 97958848, "hits_1": 83584100, "cache_capacity_1": 209712, "cache_entries_1": 13107, "cache_capacity_total": 8388608, "hits_2": 14374748, "bytes_1": 4096000000, "bytes_sram_1": 1337345600, "cache_ratio": 0.2, "accesses_1": 256000000, "cache_capacity_2": 6710784, "accesses_total": 288000000, "accesses_2": 32000000, "bytes_2": 4096000000, "cache_entries_total": 65535, "bytes_sram_total": 3177313344}