{"hitrate_2": 14.318525, "bytes_total": 8192000000, "bytes_sram_2": 586486784, "filter_ratio": 0.125, "cache_entries_2": 1638, "hitrate_1": 26.2582796875, "hitrate_total": 24.931640277777777, "hits_total": 71803124, "hits_1": 67221196, "cache_capacity_1": 104848, "cache_entries_1": 6553, "cache_capacity_total": 1048576, "hits_2": 4581928, "bytes_1": 4096000000, "bytes_sram_1": 1075539136, "cache_ratio": 0.8, "accesses_1": 256000000, "cache_capacity_2": 209664, "accesses_total": 288000000, "accesses_2": 32000000, "bytes_2": 4096000000, "cache_entries_total": 8191, "bytes_sram_total": 1662025920}