{"hitrate_2": 28.223625, "bytes_total": 8192000000, "bytes_sram_2": 1156039680, "filter_ratio": 0.125, "cache_entries_2": 8110, "hitrate_1": 1.43594375, "hitrate_total": 4.412352777777778, "hits_total": 12707576, "hits_1": 3676016, "cache_capacity_1": 1296, "cache_entries_1": 81, "cache_capacity_total": 1048576, "hits_2": 9031560, "bytes_1": 4096000000, "bytes_sram_1": 58816256, "cache_ratio": 0.01, "accesses_1": 256000000, "cache_capacity_2": 1038080, "accesses_total": 288000000, "accesses_2": 32000000, "bytes_2": 4096000000, "cache_entries_total": 8191, "bytes_sram_total": 1214855936}