{"hitrate_2": 37.739875, "bytes_total": 8192000000, "bytes_sram_2": 1545825280, "filter_ratio": 0.125, "cache_entries_2": 22937, "hitrate_1": 29.994425, "hitrate_total": 30.855030555555555, "hits_total": 88862488, "hits_1": 76785728, "cache_capacity_1": 157280, "cache_entries_1": 9830, "cache_capacity_total": 4194304, "hits_2": 12076760, "bytes_1": 4096000000, "bytes_sram_1": 1228571648, "cache_ratio": 0.3, "accesses_1": 256000000, "cache_capacity_2": 2935936, "accesses_total": 288000000, "accesses_2": 32000000, "bytes_2": 4096000000, "cache_entries_total": 32767, "bytes_sram_total": 2774396928}