{"hitrate_2": 44.1234375, "bytes_total": 8192000000, "bytes_sram_2": 1807296000, "filter_ratio": 0.125, "cache_entries_2": 47677, "hitrate_1": 13.5138765625, "hitrate_total": 16.914938888888887, "hits_total": 48715024, "hits_1": 34595524, "cache_capacity_1": 23584, "cache_entries_1": 1474, "cache_capacity_total": 6291456, "hits_2": 14119500, "bytes_1": 4096000000, "bytes_sram_1": 553528384, "cache_ratio": 0.03, "accesses_1": 256000000, "cache_capacity_2": 6102656, "accesses_total": 288000000, "accesses_2": 32000000, "bytes_2": 4096000000, "cache_entries_total": 49151, "bytes_sram_total": 2360824384}