{"hitrate_2": 32.6610375, "bytes_total": 8192000000, "bytes_sram_2": 1337796096, "filter_ratio": 0.125, "cache_entries_2": 13107, "hitrate_1": 20.0287421875, "hitrate_total": 21.432330555555556, "hits_total": 61725112, "hits_1": 51273580, "cache_capacity_1": 52416, "cache_entries_1": 3276, "cache_capacity_total": 2097152, "hits_2": 10451532, "bytes_1": 4096000000, "bytes_sram_1": 820377280, "cache_ratio": 0.2, "accesses_1": 256000000, "cache_capacity_2": 1677696, "accesses_total": 288000000, "accesses_2": 32000000, "bytes_2": 4096000000, "cache_entries_total": 16383, "bytes_sram_total": 2158173376}