{"hitrate_2": 40.8177375, "bytes_total": 8192000000, "bytes_sram_2": 1671894528, "filter_ratio": 0.125, "cache_entries_2": 32440, "hitrate_1": 4.826325, "hitrate_total": 8.825370833333332, "hits_total": 25417068, "hits_1": 12355392, "cache_capacity_1": 5232, "cache_entries_1": 327, "cache_capacity_total": 4194304, "hits_2": 13061676, "bytes_1": 4096000000, "bytes_sram_1": 197686272, "cache_ratio": 0.01, "accesses_1": 256000000, "cache_capacity_2": 4152320, "accesses_total": 288000000, "accesses_2": 32000000, "bytes_2": 4096000000, "cache_entries_total": 32767, "bytes_sram_total": 1869580800}