{"hitrate_2": 50.545825, "bytes_total": 8192000000, "bytes_sram_2": 2070356992, "filter_ratio": 0.125, "cache_entries_2": 104857, "hitrate_1": 38.9497734375, "hitrate_total": 40.23822361111111, "hits_total": 115886084, "hits_1": 99711420, "cache_capacity_1": 419424, "cache_entries_1": 26214, "cache_capacity_total": 16777216, "hits_2": 16174664, "bytes_1": 4096000000, "bytes_sram_1": 1595382720, "cache_ratio": 0.2, "accesses_1": 256000000, "cache_capacity_2": 13421696, "accesses_total": 288000000, "accesses_2": 32000000, "bytes_2": 4096000000, "cache_entries_total": 131071, "bytes_sram_total": 3665739712}