{"hitrate_2": 25.2866375, "bytes_total": 8192000000, "bytes_sram_2": 1035740672, "filter_ratio": 0.125, "cache_entries_2": 5898, "hitrate_1": 46.045346875, "hitrate_total": 43.73882361111111, "hits_total": 125967812, "hits_1": 117876088, "cache_capacity_1": 954192, "cache_entries_1": 59637, "cache_capacity_total": 8388608, "hits_2": 8091724, "bytes_1": 4096000000, "bytes_sram_1": 1886017408, "cache_ratio": 0.91, "accesses_1": 256000000, "cache_capacity_2": 754944, "accesses_total": 288000000, "accesses_2": 32000000, "bytes_2": 4096000000, "cache_entries_total": 65535, "bytes_sram_total": 2921758080}