{"hitrate_2": 51.7085625, "bytes_total": 8192000000, "bytes_sram_2": 2117982720, "filter_ratio": 0.125, "cache_entries_2": 121896, "hitrate_1": 29.356475, "hitrate_total": 31.840040277777778, "hits_total": 91699316, "hits_1": 75152576, "cache_capacity_1": 146800, "cache_entries_1": 9175, "cache_capacity_total": 16777216, "hits_2": 16546740, "bytes_1": 4096000000, "bytes_sram_1": 1202441216, "cache_ratio": 0.07, "accesses_1": 256000000, "cache_capacity_2": 15602688, "accesses_total": 288000000, "accesses_2": 32000000, "bytes_2": 4096000000, "cache_entries_total": 131071, "bytes_sram_total": 3320423936}