{"hitrate_2": 23.6236, "bytes_total": 8192000000, "bytes_sram_2": 967622656, "filter_ratio": 0.125, "cache_entries_2": 4915, "hitrate_1": 49.6847421875, "hitrate_total": 46.78905972222222, "hits_total": 134752492, "hits_1": 127192940, "cache_capacity_1": 1494208, "cache_entries_1": 93388, "cache_capacity_total": 12582912, "hits_2": 7559552, "bytes_1": 4096000000, "bytes_sram_1": 2035087040, "cache_ratio": 0.95, "accesses_1": 256000000, "cache_capacity_2": 629120, "accesses_total": 288000000, "accesses_2": 32000000, "bytes_2": 4096000000, "cache_entries_total": 98303, "bytes_sram_total": 3002709696}