{"hitrate_2": 40.071525, "bytes_total": 8192000000, "bytes_sram_2": 1641329664, "filter_ratio": 0.125, "cache_entries_2": 29818, "hitrate_1": 19.11884375, "hitrate_total": 21.446919444444443, "hits_total": 61767128, "hits_1": 48944240, "cache_capacity_1": 47184, "cache_entries_1": 2949, "cache_capacity_total": 4194304, "hits_2": 12822888, "bytes_1": 4096000000, "bytes_sram_1": 783107840, "cache_ratio": 0.09, "accesses_1": 256000000, "cache_capacity_2": 3816704, "accesses_total": 288000000, "accesses_2": 32000000, "bytes_2": 4096000000, "cache_entries_total": 32767, "bytes_sram_total": 2424437504}