{"hitrate_2": 49.216975, "bytes_total": 8192000000, "bytes_sram_2": 2015927296, "filter_ratio": 0.125, "cache_entries_2": 88473, "hitrate_1": 29.994425, "hitrate_total": 32.13026388888889, "hits_total": 92535160, "hits_1": 76785728, "cache_capacity_1": 157280, "cache_entries_1": 9830, "cache_capacity_total": 12582912, "hits_2": 15749432, "bytes_1": 4096000000, "bytes_sram_1": 1228571648, "cache_ratio": 0.1, "accesses_1": 256000000, "cache_capacity_2": 11324544, "accesses_total": 288000000, "accesses_2": 32000000, "bytes_2": 4096000000, "cache_entries_total": 98303, "bytes_sram_total": 3244498944}