{"hitrate_2": 26.26075, "bytes_total": 8192000000, "bytes_sram_2": 1075640320, "filter_ratio": 0.125, "cache_entries_2": 6553, "hitrate_1": 45.954659375, "hitrate_total": 43.76644722222222, "hits_total": 126047368, "hits_1": 117643928, "cache_capacity_1": 943712, "cache_entries_1": 58982, "cache_capacity_total": 8388608, "hits_2": 8403440, "bytes_1": 4096000000, "bytes_sram_1": 1882302848, "cache_ratio": 0.9, "accesses_1": 256000000, "cache_capacity_2": 838784, "accesses_total": 288000000, "accesses_2": 32000000, "bytes_2": 4096000000, "cache_entries_total": 65535, "bytes_sram_total": 2957943168}