{"hitrate_2": 15.7561, "bytes_total": 8192000000, "bytes_sram_2": 645369856, "filter_ratio": 0.125, "cache_entries_2": 1966, "hitrate_1": 46.573953125, "hitrate_total": 43.149747222222224, "hits_total": 124271272, "hits_1": 119229320, "cache_capacity_1": 1017104, "cache_entries_1": 63569, "cache_capacity_total": 8388608, "hits_2": 5041952, "bytes_1": 4096000000, "bytes_sram_1": 1907669120, "cache_ratio": 0.97, "accesses_1": 256000000, "cache_capacity_2": 251648, "accesses_total": 288000000, "accesses_2": 32000000, "bytes_2": 4096000000, "cache_entries_total": 65535, "bytes_sram_total": 2553038976}