{"hitrate_2": 40.9041875, "bytes_total": 8192000000, "bytes_sram_2": 1675435520, "filter_ratio": 0.125, "cache_entries_2": 32768, "hitrate_1": 40.93488125, "hitrate_total": 40.931470833333336, "hits_total": 117882636, "hits_1": 104793296, "cache_capacity_1": 524288, "cache_entries_1": 32768, "cache_capacity_total": 8388608, "hits_2": 13089340, "bytes_1": 4096000000, "bytes_sram_1": 1676692736, "cache_ratio": 0.5, "accesses_1": 256000000, "cache_capacity_2": 4194304, "accesses_total": 288000000, "accesses_2": 32000000, "bytes_2": 4096000000, "cache_entries_total": 65536, "bytes_sram_total": 3352128256}