{"hitrate_2": 49.305625, "bytes_total": 8192000000, "bytes_sram_2": 2019558400, "filter_ratio": 0.125, "cache_entries_2": 89456, "hitrate_1": 29.019809375, "hitrate_total": 31.273788888888888, "hits_total": 90068512, "hits_1": 74290712, "cache_capacity_1": 141552, "cache_entries_1": 8847, "cache_capacity_total": 12582912, "hits_2": 15777800, "bytes_1": 4096000000, "bytes_sram_1": 1188651392, "cache_ratio": 0.09, "accesses_1": 256000000, "cache_capacity_2": 11450368, "accesses_total": 288000000, "accesses_2": 32000000, "bytes_2": 4096000000, "cache_entries_total": 98303, "bytes_sram_total": 3208209792}