{"hitrate_2": 38.927825, "bytes_total": 8192000000, "bytes_sram_2": 1594483712, "filter_ratio": 0.125, "cache_entries_2": 26214, "hitrate_1": 26.2582796875, "hitrate_total": 27.666006944444444, "hits_total": 79678100, "hits_1": 67221196, "cache_capacity_1": 104848, "cache_entries_1": 6553, "cache_capacity_total": 4194304, "hits_2": 12456904, "bytes_1": 4096000000, "bytes_sram_1": 1075539136, "cache_ratio": 0.2, "accesses_1": 256000000, "cache_capacity_2": 3355392, "accesses_total": 288000000, "accesses_2": 32000000, "bytes_2": 4096000000, "cache_entries_total": 32767, "bytes_sram_total": 2670022848}