{"hitrate_2": 28.0362125, "bytes_total": 8192000000, "bytes_sram_2": 1148363264, "filter_ratio": 0.125, "cache_entries_2": 7946, "hitrate_1": 3.81958125, "hitrate_total": 6.5103180555555555, "hits_total": 18749716, "hits_1": 9778128, "cache_capacity_1": 3920, "cache_entries_1": 245, "cache_capacity_total": 1048576, "hits_2": 8971588, "bytes_1": 4096000000, "bytes_sram_1": 156450048, "cache_ratio": 0.03, "accesses_1": 256000000, "cache_capacity_2": 1017088, "accesses_total": 288000000, "accesses_2": 32000000, "bytes_2": 4096000000, "cache_entries_total": 8191, "bytes_sram_total": 1304813312}