{"hitrate_2": 19.1232125, "bytes_total": 8192000000, "bytes_sram_2": 783286784, "filter_ratio": 0.125, "cache_entries_2": 2949, "hitrate_1": 49.84940625, "hitrate_total": 46.435384722222224, "hits_total": 133733908, "hits_1": 127614480, "cache_capacity_1": 1525664, "cache_entries_1": 95354, "cache_capacity_total": 12582912, "hits_2": 6119428, "bytes_1": 4096000000, "bytes_sram_1": 2041831680, "cache_ratio": 0.97, "accesses_1": 256000000, "cache_capacity_2": 377472, "accesses_total": 288000000, "accesses_2": 32000000, "bytes_2": 4096000000, "cache_entries_total": 98303, "bytes_sram_total": 2825118464}