{"hitrate_2": 43.9489625, "bytes_total": 8192000000, "bytes_sram_2": 1800149504, "filter_ratio": 0.125, "cache_entries_2": 46694, "hitrate_1": 17.5746625, "hitrate_total": 20.505140277777777, "hits_total": 59054804, "hits_1": 44991136, "cache_capacity_1": 39312, "cache_entries_1": 2457, "cache_capacity_total": 6291456, "hits_2": 14063668, "bytes_1": 4096000000, "bytes_sram_1": 719858176, "cache_ratio": 0.05, "accesses_1": 256000000, "cache_capacity_2": 5976832, "accesses_total": 288000000, "accesses_2": 32000000, "bytes_2": 4096000000, "cache_entries_total": 49151, "bytes_sram_total": 2520007680}