{"hitrate_2": 42.49705, "bytes_total": 8192000000, "bytes_sram_2": 1740679168, "filter_ratio": 0.125, "cache_entries_2": 39321, "hitrate_1": 45.954659375, "hitrate_total": 45.570480555555555, "hits_total": 131242984, "hits_1": 117643928, "cache_capacity_1": 943712, "cache_entries_1": 58982, "cache_capacity_total": 12582912, "hits_2": 13599056, "bytes_1": 4096000000, "bytes_sram_1": 1882302848, "cache_ratio": 0.6, "accesses_1": 256000000, "cache_capacity_2": 5033088, "accesses_total": 288000000, "accesses_2": 32000000, "bytes_2": 4096000000, "cache_entries_total": 98303, "bytes_sram_total": 3622982016}