{"hitrate_2": 49.475325, "bytes_total": 8192000000, "bytes_sram_2": 2026509312, "filter_ratio": 0.125, "cache_entries_2": 91422, "hitrate_1": 26.70596875, "hitrate_total": 29.23589722222222, "hits_total": 84199384, "hits_1": 68367280, "cache_capacity_1": 110096, "cache_entries_1": 6881, "cache_capacity_total": 12582912, "hits_2": 15832104, "bytes_1": 4096000000, "bytes_sram_1": 1093876480, "cache_ratio": 0.07, "accesses_1": 256000000, "cache_capacity_2": 11702016, "accesses_total": 288000000, "accesses_2": 32000000, "bytes_2": 4096000000, "cache_entries_total": 98303, "bytes_sram_total": 3120385792}