{"hitrate_2": 38.927825, "bytes_total": 8192000000, "bytes_sram_2": 1594483712, "filter_ratio": 0.125, "cache_entries_2": 26214, "hitrate_1": 42.5176875, "hitrate_total": 42.11881388888889, "hits_total": 121302184, "hits_1": 108845280, "cache_capacity_1": 629136, "cache_entries_1": 39321, "cache_capacity_total": 8388608, "hits_2": 12456904, "bytes_1": 4096000000, "bytes_sram_1": 1741524480, "cache_ratio": 0.6, "accesses_1": 256000000, "cache_capacity_2": 3355392, "accesses_total": 288000000, "accesses_2": 32000000, "bytes_2": 4096000000, "cache_entries_total": 65535, "bytes_sram_total": 3336008192}