{"hitrate_2": 27.6495875, "bytes_total": 8192000000, "bytes_sram_2": 1132527104, "filter_ratio": 0.125, "cache_entries_2": 7618, "hitrate_1": 7.4073875, "hitrate_total": 9.656520833333333, "hits_total": 27810780, "hits_1": 18962912, "cache_capacity_1": 9168, "cache_entries_1": 573, "cache_capacity_total": 1048576, "hits_2": 8847868, "bytes_1": 4096000000, "bytes_sram_1": 303406592, "cache_ratio": 0.07, "accesses_1": 256000000, "cache_capacity_2": 975104, "accesses_total": 288000000, "accesses_2": 32000000, "bytes_2": 4096000000, "cache_entries_total": 8191, "bytes_sram_total": 1435933696}