{"hitrate_2": 29.0209125, "bytes_total": 8192000000, "bytes_sram_2": 1188696576, "filter_ratio": 0.125, "cache_entries_2": 8847, "hitrate_1": 49.34281875, "hitrate_total": 47.084829166666665, "hits_total": 135604308, "hits_1": 126317616, "cache_capacity_1": 1431296, "cache_entries_1": 89456, "cache_capacity_total": 12582912, "hits_2": 9286692, "bytes_1": 4096000000, "bytes_sram_1": 2021081856, "cache_ratio": 0.91, "accesses_1": 256000000, "cache_capacity_2": 1132416, "accesses_total": 288000000, "accesses_2": 32000000, "bytes_2": 4096000000, "cache_entries_total": 98303, "bytes_sram_total": 3209778432}