{"hitrate_2": 5.773075, "bytes_total": 8192000000, "bytes_sram_2": 236465152, "filter_ratio": 0.125, "cache_entries_2": 409, "hitrate_1": 27.837903125, "hitrate_total": 25.386255555555554, "hits_total": 73112416, "hits_1": 71265032, "cache_capacity_1": 124512, "cache_entries_1": 7782, "cache_capacity_total": 1048576, "hits_2": 1847384, "bytes_1": 4096000000, "bytes_sram_1": 1140240512, "cache_ratio": 0.95, "accesses_1": 256000000, "cache_capacity_2": 52352, "accesses_total": 288000000, "accesses_2": 32000000, "bytes_2": 4096000000, "cache_entries_total": 8191, "bytes_sram_total": 1376705664}