{"hitrate_2": 1.4402875, "bytes_total": 8192000000, "bytes_sram_2": 58994176, "filter_ratio": 0.125, "cache_entries_2": 81, "hitrate_1": 28.2163265625, "hitrate_total": 25.24121111111111, "hits_total": 72694688, "hits_1": 72233796, "cache_capacity_1": 129760, "cache_entries_1": 8110, "cache_capacity_total": 1048576, "hits_2": 460892, "bytes_1": 4096000000, "bytes_sram_1": 1155740736, "cache_ratio": 0.99, "accesses_1": 256000000, "cache_capacity_2": 10368, "accesses_total": 288000000, "accesses_2": 32000000, "bytes_2": 4096000000, "cache_entries_total": 8191, "bytes_sram_total": 1214734912}