{"hitrate_2": 0.0, "bytes_total": 8192000000, "bytes_sram_2": 0, "filter_ratio": 0.125, "cache_entries_2": 0, "hitrate_1": 44.4246796875, "hitrate_total": 39.48860416666667, "hits_total": 113727180, "hits_1": 113727180, "cache_capacity_1": 786432, "cache_entries_1": 49152, "cache_capacity_total": 6291456, "hits_2": 0, "bytes_1": 4096000000, "bytes_sram_1": 1819634880, "cache_ratio": 1.0, "accesses_1": 256000000, "cache_capacity_2": 0, "accesses_total": 288000000, "accesses_2": 32000000, "bytes_2": 4096000000, "cache_entries_total": 49152, "bytes_sram_total": 1819634880}