{"hitrate_2": 33.7381625, "bytes_total": 8192000000, "bytes_sram_2": 1381915136, "filter_ratio": 0.125, "cache_entries_2": 14745, "hitrate_1": 41.3614046875, "hitrate_total": 40.514377777777774, "hits_total": 116681408, "hits_1": 105885196, "cache_capacity_1": 550496, "cache_entries_1": 34406, "cache_capacity_total": 6291456, "hits_2": 10796212, "bytes_1": 4096000000, "bytes_sram_1": 1694163136, "cache_ratio": 0.7, "accesses_1": 256000000, "cache_capacity_2": 1887360, "accesses_total": 288000000, "accesses_2": 32000000, "bytes_2": 4096000000, "cache_entries_total": 49151, "bytes_sram_total": 3076078272}