{"hitrate_2": 0.0, "bytes_total": 8192000000, "bytes_sram_2": 0, "filter_ratio": 0.125, "cache_entries_2": 0, "hitrate_1": 52.3122171875, "hitrate_total": 46.49974861111111, "hits_total": 133919276, "hits_1": 133919276, "cache_capacity_1": 2097152, "cache_entries_1": 131072, "cache_capacity_total": 16777216, "hits_2": 0, "bytes_1": 4096000000, "bytes_sram_1": 2142708416, "cache_ratio": 1.0, "accesses_1": 256000000, "cache_capacity_2": 0, "accesses_total": 288000000, "accesses_2": 32000000, "bytes_2": 4096000000, "cache_entries_total": 131072, "bytes_sram_total": 2142708416}