{"hitrate_2": 48.272425, "bytes_total": 8192000000, "bytes_sram_2": 1977238528, "filter_ratio": 0.125, "cache_entries_2": 78643, "hitrate_1": 44.968759375, "hitrate_total": 45.33583333333333, "hits_total": 130567200, "hits_1": 115120024, "cache_capacity_1": 838848, "cache_entries_1": 52428, "cache_capacity_total": 16777216, "hits_2": 15447176, "bytes_1": 4096000000, "bytes_sram_1": 1841920384, "cache_ratio": 0.4, "accesses_1": 256000000, "cache_capacity_2": 10066304, "accesses_total": 288000000, "accesses_2": 32000000, "bytes_2": 4096000000, "cache_entries_total": 131071, "bytes_sram_total": 3819158912}