{"hitrate_2": 9.4796125, "bytes_total": 8192000000, "bytes_sram_2": 388284928, "filter_ratio": 0.125, "cache_entries_2": 819, "hitrate_1": 34.2323078125, "hitrate_total": 31.482008333333333, "hits_total": 90668184, "hits_1": 87634708, "cache_capacity_1": 249024, "cache_entries_1": 15564, "cache_capacity_total": 2097152, "hits_2": 3033476, "bytes_1": 4096000000, "bytes_sram_1": 1402155328, "cache_ratio": 0.95, "accesses_1": 256000000, "cache_capacity_2": 104832, "accesses_total": 288000000, "accesses_2": 32000000, "bytes_2": 4096000000, "cache_entries_total": 16383, "bytes_sram_total": 1790440256}