{"hitrate_2": 9.4796125, "bytes_total": 8192000000, "bytes_sram_2": 388284928, "filter_ratio": 0.125, "cache_entries_2": 819, "hitrate_1": 27.34324375, "hitrate_total": 25.358395833333333, "hits_total": 73032180, "hits_1": 69998704, "cache_capacity_1": 117952, "cache_entries_1": 7372, "cache_capacity_total": 1048576, "hits_2": 3033476, "bytes_1": 4096000000, "bytes_sram_1": 1119979264, "cache_ratio": 0.9, "accesses_1": 256000000, "cache_capacity_2": 104832, "accesses_total": 288000000, "accesses_2": 32000000, "bytes_2": 4096000000, "cache_entries_total": 8191, "bytes_sram_total": 1508264192}