{"hitrate_2": 29.9952625, "bytes_total": 8192000000, "bytes_sram_2": 1228605952, "filter_ratio": 0.125, "cache_entries_2": 9830, "hitrate_1": 37.75256875, "hitrate_total": 36.89064583333333, "hits_total": 106245060, "hits_1": 96646576, "cache_capacity_1": 366992, "cache_entries_1": 22937, "cache_capacity_total": 4194304, "hits_2": 9598484, "bytes_1": 4096000000, "bytes_sram_1": 1546345216, "cache_ratio": 0.7, "accesses_1": 256000000, "cache_capacity_2": 1258240, "accesses_total": 288000000, "accesses_2": 32000000, "bytes_2": 4096000000, "cache_entries_total": 32767, "bytes_sram_total": 2774951168}