{"hitrate_2": 32.6610375, "bytes_total": 8192000000, "bytes_sram_2": 1337796096, "filter_ratio": 0.125, "cache_entries_2": 13107, "hitrate_1": 44.968759375, "hitrate_total": 43.60123472222222, "hits_total": 125571556, "hits_1": 115120024, "cache_capacity_1": 838848, "cache_entries_1": 52428, "cache_capacity_total": 8388608, "hits_2": 10451532, "bytes_1": 4096000000, "bytes_sram_1": 1841920384, "cache_ratio": 0.8, "accesses_1": 256000000, "cache_capacity_2": 1677696, "accesses_total": 288000000, "accesses_2": 32000000, "bytes_2": 4096000000, "cache_entries_total": 65535, "bytes_sram_total": 3179716480}