{"hitrate_2": 34.6953, "bytes_total": 8192000000, "bytes_sram_2": 1421119488, "filter_ratio": 0.125, "cache_entries_2": 16384, "hitrate_1": 34.7024875, "hitrate_total": 34.70168888888889, "hits_total": 99940864, "hits_1": 88838368, "cache_capacity_1": 262144, "cache_entries_1": 16384, "cache_capacity_total": 4194304, "hits_2": 11102496, "bytes_1": 4096000000, "bytes_sram_1": 1421413888, "cache_ratio": 0.5, "accesses_1": 256000000, "cache_capacity_2": 2097152, "accesses_total": 288000000, "accesses_2": 32000000, "bytes_2": 4096000000, "cache_entries_total": 32768, "bytes_sram_total": 2842533376}