{"hitrate_2": 42.49705, "bytes_total": 8192000000, "bytes_sram_2": 1740679168, "filter_ratio": 0.125, "cache_entries_2": 39321, "hitrate_1": 49.54405, "hitrate_total": 48.76105, "hits_total": 140431824, "hits_1": 126832768, "cache_capacity_1": 1468000, "cache_entries_1": 91750, "cache_capacity_total": 16777216, "hits_2": 13599056, "bytes_1": 4096000000, "bytes_sram_1": 2029324288, "cache_ratio": 0.7, "accesses_1": 256000000, "cache_capacity_2": 5033088, "accesses_total": 288000000, "accesses_2": 32000000, "bytes_2": 4096000000, "cache_entries_total": 131071, "bytes_sram_total": 3770003456}