{"hitrate_2": 39.9778125, "bytes_total": 8192000000, "bytes_sram_2": 1637491200, "filter_ratio": 0.125, "cache_entries_2": 29491, "hitrate_1": 36.3599578125, "hitrate_total": 36.761941666666665, "hits_total": 105874392, "hits_1": 93081492, "cache_capacity_1": 314560, "cache_entries_1": 19660, "cache_capacity_total": 6291456, "hits_2": 12792900, "bytes_1": 4096000000, "bytes_sram_1": 1489303872, "cache_ratio": 0.4, "accesses_1": 256000000, "cache_capacity_2": 3774848, "accesses_total": 288000000, "accesses_2": 32000000, "bytes_2": 4096000000, "cache_entries_total": 49151, "bytes_sram_total": 3126795072}