{"hitrate_2": 51.459625, "bytes_total": 8192000000, "bytes_sram_2": 2107786240, "filter_ratio": 0.125, "cache_entries_2": 117964, "hitrate_1": 32.6500390625, "hitrate_total": 34.73999305555556, "hits_total": 100051180, "hits_1": 83584100, "cache_capacity_1": 209712, "cache_entries_1": 13107, "cache_capacity_total": 16777216, "hits_2": 16467080, "bytes_1": 4096000000, "bytes_sram_1": 1337345600, "cache_ratio": 0.1, "accesses_1": 256000000, "cache_capacity_2": 15099392, "accesses_total": 288000000, "accesses_2": 32000000, "bytes_2": 4096000000, "cache_entries_total": 131071, "bytes_sram_total": 3445131840}