{"hitrate_2": 32.6610375, "bytes_total": 8192000000, "bytes_sram_2": 1337796096, "filter_ratio": 0.125, "cache_entries_2": 13107, "hitrate_1": 36.3599578125, "hitrate_total": 35.948966666666664, "hits_total": 103533024, "hits_1": 93081492, "cache_capacity_1": 314560, "cache_entries_1": 19660, "cache_capacity_total": 4194304, "hits_2": 10451532, "bytes_1": 4096000000, "bytes_sram_1": 1489303872, "cache_ratio": 0.6, "accesses_1": 256000000, "cache_capacity_2": 1677696, "accesses_total": 288000000, "accesses_2": 32000000, "bytes_2": 4096000000, "cache_entries_total": 32767, "bytes_sram_total": 2827099968}