{"hitrate_2": 10.6509125, "bytes_total": 8192000000, "bytes_sram_2": 436261376, "filter_ratio": 0.125, "cache_entries_2": 983, "hitrate_1": 50.0080734375, "hitrate_total": 45.63505555555555, "hits_total": 131428960, "hits_1": 128020668, "cache_capacity_1": 1557120, "cache_entries_1": 97320, "cache_capacity_total": 12582912, "hits_2": 3408292, "bytes_1": 4096000000, "bytes_sram_1": 2048330688, "cache_ratio": 0.99, "accesses_1": 256000000, "cache_capacity_2": 125824, "accesses_total": 288000000, "accesses_2": 32000000, "bytes_2": 4096000000, "cache_entries_total": 98303, "bytes_sram_total": 2484592064}