{"hitrate_2": 17.576425, "bytes_total": 8192000000, "bytes_sram_2": 719930368, "filter_ratio": 0.125, "cache_entries_2": 2457, "hitrate_1": 25.0304296875, "hitrate_total": 24.202206944444445, "hits_total": 69702356, "hits_1": 64077900, "cache_capacity_1": 91744, "cache_entries_1": 5734, "cache_capacity_total": 1048576, "hits_2": 5624456, "bytes_1": 4096000000, "bytes_sram_1": 1025246400, "cache_ratio": 0.7, "accesses_1": 256000000, "cache_capacity_2": 314496, "accesses_total": 288000000, "accesses_2": 32000000, "bytes_2": 4096000000, "cache_entries_total": 8191, "bytes_sram_total": 1745176768}