{"hitrate_2": 43.5060125, "bytes_total": 8192000000, "bytes_sram_2": 1782006272, "filter_ratio": 0.125, "cache_entries_2": 44236, "hitrate_1": 23.6228734375, "hitrate_total": 25.83211111111111, "hits_total": 74396480, "hits_1": 60474556, "cache_capacity_1": 78640, "cache_entries_1": 4915, "cache_capacity_total": 6291456, "hits_2": 13921924, "bytes_1": 4096000000, "bytes_sram_1": 967592896, "cache_ratio": 0.1, "accesses_1": 256000000, "cache_capacity_2": 5662208, "accesses_total": 288000000, "accesses_2": 32000000, "bytes_2": 4096000000, "cache_entries_total": 49151, "bytes_sram_total": 2749599168}