{"hitrate_2": 34.2323625, "bytes_total": 8192000000, "bytes_sram_2": 1402157568, "filter_ratio": 0.125, "cache_entries_2": 15564, "hitrate_1": 9.4726484375, "hitrate_total": 12.223727777777778, "hits_total": 35204336, "hits_1": 24249980, "cache_capacity_1": 13104, "cache_entries_1": 819, "cache_capacity_total": 2097152, "hits_2": 10954356, "bytes_1": 4096000000, "bytes_sram_1": 387999680, "cache_ratio": 0.05, "accesses_1": 256000000, "cache_capacity_2": 1992192, "accesses_total": 288000000, "accesses_2": 32000000, "bytes_2": 4096000000, "cache_entries_total": 16383, "bytes_sram_total": 1790157248}