{"hitrate_2": 39.9778125, "bytes_total": 8192000000, "bytes_sram_2": 1637491200, "filter_ratio": 0.125, "cache_entries_2": 29491, "hitrate_1": 47.2270625, "hitrate_total": 46.421590277777774, "hits_total": 133694180, "hits_1": 120901280, "cache_capacity_1": 1100992, "cache_entries_1": 68812, "cache_capacity_total": 12582912, "hits_2": 12792900, "bytes_1": 4096000000, "bytes_sram_1": 1934420480, "cache_ratio": 0.7, "accesses_1": 256000000, "cache_capacity_2": 3774848, "accesses_total": 288000000, "accesses_2": 32000000, "bytes_2": 4096000000, "cache_entries_total": 98303, "bytes_sram_total": 3571911680}