{"hitrate_2": 42.49705, "bytes_total": 8192000000, "bytes_sram_2": 1740679168, "filter_ratio": 0.125, "cache_entries_2": 39321, "hitrate_1": 38.9497734375, "hitrate_total": 39.343915277777775, "hits_total": 113310476, "hits_1": 99711420, "cache_capacity_1": 419424, "cache_entries_1": 26214, "cache_capacity_total": 8388608, "hits_2": 13599056, "bytes_1": 4096000000, "bytes_sram_1": 1595382720, "cache_ratio": 0.4, "accesses_1": 256000000, "cache_capacity_2": 5033088, "accesses_total": 288000000, "accesses_2": 32000000, "bytes_2": 4096000000, "cache_entries_total": 65535, "bytes_sram_total": 3336061888}