{"hitrate_2": 17.0040625, "bytes_total": 8192000000, "bytes_sram_2": 696486400, "filter_ratio": 0.125, "cache_entries_2": 2293, "hitrate_1": 40.288775, "hitrate_total": 37.70158472222222, "hits_total": 108580564, "hits_1": 103139264, "cache_capacity_1": 487584, "cache_entries_1": 30474, "cache_capacity_total": 4194304, "hits_2": 5441300, "bytes_1": 4096000000, "bytes_sram_1": 1650228224, "cache_ratio": 0.93, "accesses_1": 256000000, "cache_capacity_2": 293504, "accesses_total": 288000000, "accesses_2": 32000000, "bytes_2": 4096000000, "cache_entries_total": 32767, "bytes_sram_total": 2346714624}