{"hitrate_2": 6.6070375, "bytes_total": 8192000000, "bytes_sram_2": 270624256, "filter_ratio": 0.125, "cache_entries_2": 491, "hitrate_1": 34.4223984375, "hitrate_total": 31.331802777777778, "hits_total": 90235592, "hits_1": 88121340, "cache_capacity_1": 254272, "cache_entries_1": 15892, "cache_capacity_total": 2097152, "hits_2": 2114252, "bytes_1": 4096000000, "bytes_sram_1": 1409941440, "cache_ratio": 0.97, "accesses_1": 256000000, "cache_capacity_2": 62848, "accesses_total": 288000000, "accesses_2": 32000000, "bytes_2": 4096000000, "cache_entries_total": 16383, "bytes_sram_total": 1680565696}