{"hitrate_2": 23.6236, "bytes_total": 8192000000, "bytes_sram_2": 967622656, "filter_ratio": 0.125, "cache_entries_2": 4915, "hitrate_1": 43.52920625, "hitrate_total": 41.31747222222222, "hits_total": 118994320, "hits_1": 111434768, "cache_capacity_1": 707776, "cache_entries_1": 44236, "cache_capacity_total": 6291456, "hits_2": 7559552, "bytes_1": 4096000000, "bytes_sram_1": 1782956288, "cache_ratio": 0.9, "accesses_1": 256000000, "cache_capacity_2": 629120, "accesses_total": 288000000, "accesses_2": 32000000, "bytes_2": 4096000000, "cache_entries_total": 49151, "bytes_sram_total": 2750578944}