{"hitrate_2": 33.8383125, "bytes_total": 8192000000, "bytes_sram_2": 1386017280, "filter_ratio": 0.125, "cache_entries_2": 14909, "hitrate_1": 13.5138765625, "hitrate_total": 15.772147222222221, "hits_total": 45423784, "hits_1": 34595524, "cache_capacity_1": 23584, "cache_entries_1": 1474, "cache_capacity_total": 2097152, "hits_2": 10828260, "bytes_1": 4096000000, "bytes_sram_1": 553528384, "cache_ratio": 0.09, "accesses_1": 256000000, "cache_capacity_2": 1908352, "accesses_total": 288000000, "accesses_2": 32000000, "bytes_2": 4096000000, "cache_entries_total": 16383, "bytes_sram_total": 1939545664}