{"hitrate_2": 20.449325, "bytes_total": 8192000000, "bytes_sram_2": 837604352, "filter_ratio": 0.125, "cache_entries_2": 3440, "hitrate_1": 43.80666875, "hitrate_total": 41.21140833333333, "hits_total": 118688856, "hits_1": 112145072, "cache_capacity_1": 731376, "cache_entries_1": 45711, "cache_capacity_total": 6291456, "hits_2": 6543784, "bytes_1": 4096000000, "bytes_sram_1": 1794321152, "cache_ratio": 0.93, "accesses_1": 256000000, "cache_capacity_2": 440320, "accesses_total": 288000000, "accesses_2": 32000000, "bytes_2": 4096000000, "cache_entries_total": 49151, "bytes_sram_total": 2631925504}