{"hitrate_2": 34.4158625, "bytes_total": 8192000000, "bytes_sram_2": 1409673728, "filter_ratio": 0.125, "cache_entries_2": 15892, "hitrate_1": 6.599590625, "hitrate_total": 9.6902875, "hits_total": 27908028, "hits_1": 16894952, "cache_capacity_1": 7856, "cache_entries_1": 491, "cache_capacity_total": 2097152, "hits_2": 11013076, "bytes_1": 4096000000, "bytes_sram_1": 270319232, "cache_ratio": 0.03, "accesses_1": 256000000, "cache_capacity_2": 2034176, "accesses_total": 288000000, "accesses_2": 32000000, "bytes_2": 4096000000, "cache_entries_total": 16383, "bytes_sram_total": 1679992960}