{"hitrate_2": 29.35195, "bytes_total": 8192000000, "bytes_sram_2": 1202255872, "filter_ratio": 0.125, "cache_entries_2": 9175, "hitrate_1": 51.759284375, "hitrate_total": 49.26958055555556, "hits_total": 141896392, "hits_1": 132503768, "cache_capacity_1": 1950336, "cache_entries_1": 121896, "cache_capacity_total": 16777216, "hits_2": 9392624, "bytes_1": 4096000000, "bytes_sram_1": 2120060288, "cache_ratio": 0.93, "accesses_1": 256000000, "cache_capacity_2": 1174400, "accesses_total": 288000000, "accesses_2": 32000000, "bytes_2": 4096000000, "cache_entries_total": 131071, "bytes_sram_total": 3322316160}