{"hitrate_2": 19.1232125, "bytes_total": 8192000000, "bytes_sram_2": 783286784, "filter_ratio": 0.125, "cache_entries_2": 2949, "hitrate_1": 40.095609375, "hitrate_total": 37.765343055555554, "hits_total": 108764188, "hits_1": 102644760, "cache_capacity_1": 477088, "cache_entries_1": 29818, "cache_capacity_total": 4194304, "hits_2": 6119428, "bytes_1": 4096000000, "bytes_sram_1": 1642316160, "cache_ratio": 0.91, "accesses_1": 256000000, "cache_capacity_2": 377472, "accesses_total": 288000000, "accesses_2": 32000000, "bytes_2": 4096000000, "cache_entries_total": 32767, "bytes_sram_total": 2425602944}