{"hitrate_2": 6.6070375, "bytes_total": 8192000000, "bytes_sram_2": 270624256, "filter_ratio": 0.125, "cache_entries_2": 491, "hitrate_1": 44.3379078125, "hitrate_total": 40.14558888888889, "hits_total": 115619296, "hits_1": 113505044, "cache_capacity_1": 778560, "cache_entries_1": 48660, "cache_capacity_total": 6291456, "hits_2": 2114252, "bytes_1": 4096000000, "bytes_sram_1": 1816080704, "cache_ratio": 0.99, "accesses_1": 256000000, "cache_capacity_2": 62848, "accesses_total": 288000000, "accesses_2": 32000000, "bytes_2": 4096000000, "cache_entries_total": 49151, "bytes_sram_total": 2086704960}