{"hitrate_2": 39.9778125, "bytes_total": 8192000000, "bytes_sram_2": 1637491200, "filter_ratio": 0.125, "cache_entries_2": 29491, "hitrate_1": 20.0287421875, "hitrate_total": 22.245305555555557, "hits_total": 64066480, "hits_1": 51273580, "cache_capacity_1": 52416, "cache_entries_1": 3276, "cache_capacity_total": 4194304, "hits_2": 12792900, "bytes_1": 4096000000, "bytes_sram_1": 820377280, "cache_ratio": 0.1, "accesses_1": 256000000, "cache_capacity_2": 3774848, "accesses_total": 288000000, "accesses_2": 32000000, "bytes_2": 4096000000, "cache_entries_total": 32767, "bytes_sram_total": 2457868480}