{"hitrate_2": 47.18615, "bytes_total": 8192000000, "bytes_sram_2": 1932744704, "filter_ratio": 0.125, "cache_entries_2": 68812, "hitrate_1": 39.997340625, "hitrate_total": 40.79609722222222, "hits_total": 117492760, "hits_1": 102393192, "cache_capacity_1": 471856, "cache_entries_1": 29491, "cache_capacity_total": 12582912, "hits_2": 15099568, "bytes_1": 4096000000, "bytes_sram_1": 1638291072, "cache_ratio": 0.3, "accesses_1": 256000000, "cache_capacity_2": 8807936, "accesses_total": 288000000, "accesses_2": 32000000, "bytes_2": 4096000000, "cache_entries_total": 98303, "bytes_sram_total": 3571035776}