{"hitrate_2": 40.4532125, "bytes_total": 8192000000, "bytes_sram_2": 1656963584, "filter_ratio": 0.125, "cache_entries_2": 31129, "hitrate_1": 14.315246875, "hitrate_total": 17.21946527777778, "hits_total": 49592060, "hits_1": 36647032, "cache_capacity_1": 26208, "cache_entries_1": 1638, "cache_capacity_total": 4194304, "hits_2": 12945028, "bytes_1": 4096000000, "bytes_sram_1": 586352512, "cache_ratio": 0.05, "accesses_1": 256000000, "cache_capacity_2": 3984512, "accesses_total": 288000000, "accesses_2": 32000000, "bytes_2": 4096000000, "cache_entries_total": 32767, "bytes_sram_total": 2243316096}