{"hitrate_2": 46.3685375, "bytes_total": 8192000000, "bytes_sram_2": 1899255296, "filter_ratio": 0.125, "cache_entries_2": 62259, "hitrate_1": 20.0287421875, "hitrate_total": 22.95538611111111, "hits_total": 66111512, "hits_1": 51273580, "cache_capacity_1": 52416, "cache_entries_1": 3276, "cache_capacity_total": 8388608, "hits_2": 14837932, "bytes_1": 4096000000, "bytes_sram_1": 820377280, "cache_ratio": 0.05, "accesses_1": 256000000, "cache_capacity_2": 7969152, "accesses_total": 288000000, "accesses_2": 32000000, "bytes_2": 4096000000, "cache_entries_total": 65535, "bytes_sram_total": 2719632576}