{"hitrate_2": 20.0254125, "bytes_total": 8192000000, "bytes_sram_2": 820240896, "filter_ratio": 0.125, "cache_entries_2": 3276, "hitrate_1": 39.997340625, "hitrate_total": 37.7782375, "hits_total": 108801324, "hits_1": 102393192, "cache_capacity_1": 471856, "cache_entries_1": 29491, "cache_capacity_total": 4194304, "hits_2": 6408132, "bytes_1": 4096000000, "bytes_sram_1": 1638291072, "cache_ratio": 0.9, "accesses_1": 256000000, "cache_capacity_2": 419328, "accesses_total": 288000000, "accesses_2": 32000000, "bytes_2": 4096000000, "cache_entries_total": 32767, "bytes_sram_total": 2458531968}