{"hitrate_2": 0.0, "bytes_total": 8192000000, "bytes_sram_2": 0, "filter_ratio": 0.125, "cache_entries_2": 0, "hitrate_1": 34.7024875, "hitrate_total": 30.846655555555557, "hits_total": 88838368, "hits_1": 88838368, "cache_capacity_1": 262144, "cache_entries_1": 16384, "cache_capacity_total": 2097152, "hits_2": 0, "bytes_1": 4096000000, "bytes_sram_1": 1421413888, "cache_ratio": 1.0, "accesses_1": 256000000, "cache_capacity_2": 0, "accesses_total": 288000000, "accesses_2": 32000000, "bytes_2": 4096000000, "cache_entries_total": 16384, "bytes_sram_total": 1421413888}