{"hitrate_2": 49.5046625, "bytes_total": 8192000000, "bytes_sram_2": 2027710976, "filter_ratio": 0.125, "cache_entries_2": 91750, "hitrate_1": 42.5176875, "hitrate_total": 43.294018055555554, "hits_total": 124686772, "hits_1": 108845280, "cache_capacity_1": 629136, "cache_entries_1": 39321, "cache_capacity_total": 16777216, "hits_2": 15841492, "bytes_1": 4096000000, "bytes_sram_1": 1741524480, "cache_ratio": 0.3, "accesses_1": 256000000, "cache_capacity_2": 11744000, "accesses_total": 288000000, "accesses_2": 32000000, "bytes_2": 4096000000, "cache_entries_total": 131071, "bytes_sram_total": 3769235456}