{"hitrate_2": 28.3170375, "bytes_total": 8192000000, "bytes_sram_2": 1159865856, "filter_ratio": 0.125, "cache_entries_2": 8192, "hitrate_1": 0.0, "hitrate_total": 3.1463375, "hits_total": 9061452, "hits_1": 0, "cache_capacity_1": 0, "cache_entries_1": 0, "cache_capacity_total": 1048576, "hits_2": 9061452, "bytes_1": 4096000000, "bytes_sram_1": 0, "cache_ratio": 0.0, "accesses_1": 256000000, "cache_capacity_2": 1048576, "accesses_total": 288000000, "accesses_2": 32000000, "bytes_2": 4096000000, "cache_entries_total": 8192, "bytes_sram_total": 1159865856}