{"hitrate_2": 44.294925, "bytes_total": 8192000000, "bytes_sram_2": 1814320128, "filter_ratio": 0.125, "cache_entries_2": 48660, "hitrate_1": 6.599590625, "hitrate_total": 10.78796111111111, "hits_total": 31069328, "hits_1": 16894952, "cache_capacity_1": 7856, "cache_entries_1": 491, "cache_capacity_total": 6291456, "hits_2": 14174376, "bytes_1": 4096000000, "bytes_sram_1": 270319232, "cache_ratio": 0.01, "accesses_1": 256000000, "cache_capacity_2": 6228480, "accesses_total": 288000000, "accesses_2": 32000000, "bytes_2": 4096000000, "cache_entries_total": 49151, "bytes_sram_total": 2084639360}