{"hitrate_2": 12.6495125, "bytes_total": 8192000000, "bytes_sram_2": 518124032, "filter_ratio": 0.125, "cache_entries_2": 1310, "hitrate_1": 52.236215625, "hitrate_total": 47.837693055555555, "hits_total": 137772556, "hits_1": 133724712, "cache_capacity_1": 2076176, "cache_entries_1": 129761, "cache_capacity_total": 16777216, "hits_2": 4047844, "bytes_1": 4096000000, "bytes_sram_1": 2139595392, "cache_ratio": 0.99, "accesses_1": 256000000, "cache_capacity_2": 167680, "accesses_total": 288000000, "accesses_2": 32000000, "bytes_2": 4096000000, "cache_entries_total": 131071, "bytes_sram_total": 2657719424}