{"hitrate_2": 51.8634, "bytes_total": 8192000000, "bytes_sram_2": 2124324864, "filter_ratio": 0.125, "cache_entries_2": 124518, "hitrate_1": 26.2582796875, "hitrate_total": 29.103293055555554, "hits_total": 83817484, "hits_1": 67221196, "cache_capacity_1": 104848, "cache_entries_1": 6553, "cache_capacity_total": 16777216, "hits_2": 16596288, "bytes_1": 4096000000, "bytes_sram_1": 1075539136, "cache_ratio": 0.05, "accesses_1": 256000000, "cache_capacity_2": 15938304, "accesses_total": 288000000, "accesses_2": 32000000, "bytes_2": 4096000000, "cache_entries_total": 131071, "bytes_sram_total": 3199864000}