{"hitrate_2": 20.0254125, "bytes_total": 8192000000, "bytes_sram_2": 820240896, "filter_ratio": 0.125, "cache_entries_2": 3276, "hitrate_1": 32.6500390625, "hitrate_total": 31.24730277777778, "hits_total": 89992232, "hits_1": 83584100, "cache_capacity_1": 209712, "cache_entries_1": 13107, "cache_capacity_total": 2097152, "hits_2": 6408132, "bytes_1": 4096000000, "bytes_sram_1": 1337345600, "cache_ratio": 0.8, "accesses_1": 256000000, "cache_capacity_2": 419328, "accesses_total": 288000000, "accesses_2": 32000000, "bytes_2": 4096000000, "cache_entries_total": 16383, "bytes_sram_total": 2157586496}