{"hitrate_2": 4.835075, "bytes_total": 8192000000, "bytes_sram_2": 198044672, "filter_ratio": 0.125, "cache_entries_2": 327, "hitrate_1": 40.8451375, "hitrate_total": 36.84401944444444, "hits_total": 106110776, "hits_1": 104563552, "cache_capacity_1": 519040, "cache_entries_1": 32440, "cache_capacity_total": 4194304, "hits_2": 1547224, "bytes_1": 4096000000, "bytes_sram_1": 1673016832, "cache_ratio": 0.99, "accesses_1": 256000000, "cache_capacity_2": 41856, "accesses_total": 288000000, "accesses_2": 32000000, "bytes_2": 4096000000, "cache_entries_total": 32767, "bytes_sram_total": 1871061504}