{"hitrate_2": 23.6236, "bytes_total": 8192000000, "bytes_sram_2": 967622656, "filter_ratio": 0.125, "cache_entries_2": 4915, "hitrate_1": 20.0287421875, "hitrate_total": 20.428170833333333, "hits_total": 58833132, "hits_1": 51273580, "cache_capacity_1": 52416, "cache_entries_1": 3276, "cache_capacity_total": 1048576, "hits_2": 7559552, "bytes_1": 4096000000, "bytes_sram_1": 820377280, "cache_ratio": 0.4, "accesses_1": 256000000, "cache_capacity_2": 629120, "accesses_total": 288000000, "accesses_2": 32000000, "bytes_2": 4096000000, "cache_entries_total": 8191, "bytes_sram_total": 1787999936}