{"hitrate_2": 31.4248, "bytes_total": 8192000000, "bytes_sram_2": 1287159808, "filter_ratio": 0.125, "cache_entries_2": 11468, "hitrate_1": 23.6228734375, "hitrate_total": 24.489754166666668, "hits_total": 70530492, "hits_1": 60474556, "cache_capacity_1": 78640, "cache_entries_1": 4915, "cache_capacity_total": 2097152, "hits_2": 10055936, "bytes_1": 4096000000, "bytes_sram_1": 967592896, "cache_ratio": 0.3, "accesses_1": 256000000, "cache_capacity_2": 1467904, "accesses_total": 288000000, "accesses_2": 32000000, "bytes_2": 4096000000, "cache_entries_total": 16383, "bytes_sram_total": 2254752704}