{"hitrate_2": 36.349725, "bytes_total": 8192000000, "bytes_sram_2": 1488884736, "filter_ratio": 0.125, "cache_entries_2": 19660, "hitrate_1": 48.3102109375, "hitrate_total": 46.98126805555555, "hits_total": 135306052, "hits_1": 123674140, "cache_capacity_1": 1258288, "cache_entries_1": 78643, "cache_capacity_total": 12582912, "hits_2": 11631912, "bytes_1": 4096000000, "bytes_sram_1": 1978786240, "cache_ratio": 0.8, "accesses_1": 256000000, "cache_capacity_2": 2516480, "accesses_total": 288000000, "accesses_2": 32000000, "bytes_2": 4096000000, "cache_entries_total": 98303, "bytes_sram_total": 3467670976}