{"hitrate_2": 38.3550625, "bytes_total": 8192000000, "bytes_sram_2": 1571023360, "filter_ratio": 0.125, "cache_entries_2": 24576, "hitrate_1": 38.369990625, "hitrate_total": 38.36833194444444, "hits_total": 110500796, "hits_1": 98227176, "cache_capacity_1": 393216, "cache_entries_1": 24576, "cache_capacity_total": 6291456, "hits_2": 12273620, "bytes_1": 4096000000, "bytes_sram_1": 1571634816, "cache_ratio": 0.5, "accesses_1": 256000000, "cache_capacity_2": 3145728, "accesses_total": 288000000, "accesses_2": 32000000, "bytes_2": 4096000000, "cache_entries_total": 49152, "bytes_sram_total": 3142658176}