{"hitrate_2": 50.037975, "bytes_total": 8192000000, "bytes_sram_2": 2049555456, "filter_ratio": 0.125, "cache_entries_2": 98304, "hitrate_1": 0.0, "hitrate_total": 5.559775, "hits_total": 16012152, "hits_1": 0, "cache_capacity_1": 0, "cache_entries_1": 0, "cache_capacity_total": 12582912, "hits_2": 16012152, "bytes_1": 4096000000, "bytes_sram_1": 0, "cache_ratio": 0.0, "accesses_1": 256000000, "cache_capacity_2": 12582912, "accesses_total": 288000000, "accesses_2": 32000000, "bytes_2": 4096000000, "cache_entries_total": 98304, "bytes_sram_total": 2049555456}