{"hitrate_2": 21.6285625, "bytes_total": 8192000000, "bytes_sram_2": 885905920, "filter_ratio": 0.125, "cache_entries_2": 3932, "hitrate_1": 52.0809390625, "hitrate_total": 48.69734166666667, "hits_total": 140248344, "hits_1": 133327204, "cache_capacity_1": 2034224, "cache_entries_1": 127139, "cache_capacity_total": 16777216, "hits_2": 6921140, "bytes_1": 4096000000, "bytes_sram_1": 2133235264, "cache_ratio": 0.97, "accesses_1": 256000000, "cache_capacity_2": 503296, "accesses_total": 288000000, "accesses_2": 32000000, "bytes_2": 4096000000, "cache_entries_total": 131071, "bytes_sram_total": 3019141184}