{"hitrate_2": 28.3170375, "bytes_total": 8192000000, "bytes_sram_2": 1159865856, "filter_ratio": 0.125, "cache_entries_2": 8192, "hitrate_1": 28.312934375, "hitrate_total": 28.313390277777778, "hits_total": 81542564, "hits_1": 72481112, "cache_capacity_1": 131072, "cache_entries_1": 8192, "cache_capacity_total": 2097152, "hits_2": 9061452, "bytes_1": 4096000000, "bytes_sram_1": 1159697792, "cache_ratio": 0.5, "accesses_1": 256000000, "cache_capacity_2": 1048576, "accesses_total": 288000000, "accesses_2": 32000000, "bytes_2": 4096000000, "cache_entries_total": 16384, "bytes_sram_total": 2319563648}