{"hitrate_2": 20.0254125, "bytes_total": 8192000000, "bytes_sram_2": 820240896, "filter_ratio": 0.125, "cache_entries_2": 3276, "hitrate_1": 46.4017015625, "hitrate_total": 43.47100277777778, "hits_total": 125196488, "hits_1": 118788356, "cache_capacity_1": 996144, "cache_entries_1": 62259, "cache_capacity_total": 8388608, "hits_2": 6408132, "bytes_1": 4096000000, "bytes_sram_1": 1900613696, "cache_ratio": 0.95, "accesses_1": 256000000, "cache_capacity_2": 419328, "accesses_total": 288000000, "accesses_2": 32000000, "bytes_2": 4096000000, "cache_entries_total": 65535, "bytes_sram_total": 2720854592}