{"hitrate_2": 20.0254125, "bytes_total": 8192000000, "bytes_sram_2": 820240896, "filter_ratio": 0.125, "cache_entries_2": 3276, "hitrate_1": 23.6228734375, "hitrate_total": 23.223155555555557, "hits_total": 66882688, "hits_1": 60474556, "cache_capacity_1": 78640, "cache_entries_1": 4915, "cache_capacity_total": 1048576, "hits_2": 6408132, "bytes_1": 4096000000, "bytes_sram_1": 967592896, "cache_ratio": 0.6, "accesses_1": 256000000, "cache_capacity_2": 419328, "accesses_total": 288000000, "accesses_2": 32000000, "bytes_2": 4096000000, "cache_entries_total": 8191, "bytes_sram_total": 1787833792}