{"hitrate_2": 14.318525, "bytes_total": 8192000000, "bytes_sram_2": 586486784, "filter_ratio": 0.125, "cache_entries_2": 1638, "hitrate_1": 40.4782296875, "hitrate_total": 37.57159583333333, "hits_total": 108206196, "hits_1": 103624268, "cache_capacity_1": 498064, "cache_entries_1": 31129, "cache_capacity_total": 4194304, "hits_2": 4581928, "bytes_1": 4096000000, "bytes_sram_1": 1657988288, "cache_ratio": 0.95, "accesses_1": 256000000, "cache_capacity_2": 209664, "accesses_total": 288000000, "accesses_2": 32000000, "bytes_2": 4096000000, "cache_entries_total": 32767, "bytes_sram_total": 2244475072}