{"hitrate_2": 46.542875, "bytes_total": 8192000000, "bytes_sram_2": 1906396160, "filter_ratio": 0.125, "cache_entries_2": 63569, "hitrate_1": 15.749278125, "hitrate_total": 19.17078888888889, "hits_total": 55211872, "hits_1": 40318152, "cache_capacity_1": 31456, "cache_entries_1": 1966, "cache_capacity_total": 8388608, "hits_2": 14893720, "bytes_1": 4096000000, "bytes_sram_1": 645090432, "cache_ratio": 0.03, "accesses_1": 256000000, "cache_capacity_2": 8136832, "accesses_total": 288000000, "accesses_2": 32000000, "bytes_2": 4096000000, "cache_entries_total": 65535, "bytes_sram_total": 2551486592}