{"hitrate_2": 11.7067375, "bytes_total": 8192000000, "bytes_sram_2": 479507968, "filter_ratio": 0.125, "cache_entries_2": 1146, "hitrate_1": 34.0389296875, "hitrate_total": 31.557575, "hits_total": 90885816, "hits_1": 87139660, "cache_capacity_1": 243792, "cache_entries_1": 15237, "cache_capacity_total": 2097152, "hits_2": 3746156, "bytes_1": 4096000000, "bytes_sram_1": 1394234560, "cache_ratio": 0.93, "accesses_1": 256000000, "cache_capacity_2": 146688, "accesses_total": 288000000, "accesses_2": 32000000, "bytes_2": 4096000000, "cache_entries_total": 16383, "bytes_sram_total": 1873742528}