{"hitrate_2": 45.9133, "bytes_total": 8192000000, "bytes_sram_2": 1880608768, "filter_ratio": 0.125, "cache_entries_2": 58982, "hitrate_1": 42.5176875, "hitrate_total": 42.894977777777775, "hits_total": 123537536, "hits_1": 108845280, "cache_capacity_1": 629136, "cache_entries_1": 39321, "cache_capacity_total": 12582912, "hits_2": 14692256, "bytes_1": 4096000000, "bytes_sram_1": 1741524480, "cache_ratio": 0.4, "accesses_1": 256000000, "cache_capacity_2": 7549696, "accesses_total": 288000000, "accesses_2": 32000000, "bytes_2": 4096000000, "cache_entries_total": 98303, "bytes_sram_total": 3622133248}