{"hitrate_2": 34.6027375, "bytes_total": 8192000000, "bytes_sram_2": 1417328128, "filter_ratio": 0.125, "cache_entries_2": 16220, "hitrate_1": 2.692478125, "hitrate_total": 6.2380625, "hits_total": 17965620, "hits_1": 6892744, "cache_capacity_1": 2608, "cache_entries_1": 163, "cache_capacity_total": 2097152, "hits_2": 11072876, "bytes_1": 4096000000, "bytes_sram_1": 110283904, "cache_ratio": 0.01, "accesses_1": 256000000, "cache_capacity_2": 2076160, "accesses_total": 288000000, "accesses_2": 32000000, "bytes_2": 4096000000, "cache_entries_total": 16383, "bytes_sram_total": 1527612032}