{"hitrate_2": 40.9041875, "bytes_total": 8192000000, "bytes_sram_2": 1675435520, "filter_ratio": 0.125, "cache_entries_2": 32768, "hitrate_1": 0.0, "hitrate_total": 4.544909722222222, "hits_total": 13089340, "hits_1": 0, "cache_capacity_1": 0, "cache_entries_1": 0, "cache_capacity_total": 4194304, "hits_2": 13089340, "bytes_1": 4096000000, "bytes_sram_1": 0, "cache_ratio": 0.0, "accesses_1": 256000000, "cache_capacity_2": 4194304, "accesses_total": 288000000, "accesses_2": 32000000, "bytes_2": 4096000000, "cache_entries_total": 32768, "bytes_sram_total": 1675435520}