{"hitrate_2": 43.5983375, "bytes_total": 8192000000, "bytes_sram_2": 1785787904, "filter_ratio": 0.125, "cache_entries_2": 44728, "hitrate_1": 22.6700171875, "hitrate_total": 24.99538611111111, "hits_total": 71986712, "hits_1": 58035244, "cache_capacity_1": 70768, "cache_entries_1": 4423, "cache_capacity_total": 6291456, "hits_2": 13951468, "bytes_1": 4096000000, "bytes_sram_1": 928563904, "cache_ratio": 0.09, "accesses_1": 256000000, "cache_capacity_2": 5725184, "accesses_total": 288000000, "accesses_2": 32000000, "bytes_2": 4096000000, "cache_entries_total": 49151, "bytes_sram_total": 2714351808}