{"hitrate_2": 45.9133, "bytes_total": 8192000000, "bytes_sram_2": 1880608768, "filter_ratio": 0.125, "cache_entries_2": 58982, "hitrate_1": 26.2582796875, "hitrate_total": 28.442170833333332, "hits_total": 81913452, "hits_1": 67221196, "cache_capacity_1": 104848, "cache_entries_1": 6553, "cache_capacity_total": 8388608, "hits_2": 14692256, "bytes_1": 4096000000, "bytes_sram_1": 1075539136, "cache_ratio": 0.1, "accesses_1": 256000000, "cache_capacity_2": 7549696, "accesses_total": 288000000, "accesses_2": 32000000, "bytes_2": 4096000000, "cache_entries_total": 65535, "bytes_sram_total": 2956147904}