{"hitrate_2": 0.0, "bytes_total": 8192000000, "bytes_sram_2": 0, "filter_ratio": 0.125, "cache_entries_2": 0, "hitrate_1": 40.93488125, "hitrate_total": 36.386561111111114, "hits_total": 104793296, "hits_1": 104793296, "cache_capacity_1": 524288, "cache_entries_1": 32768, "cache_capacity_total": 4194304, "hits_2": 0, "bytes_1": 4096000000, "bytes_sram_1": 1676692736, "cache_ratio": 1.0, "accesses_1": 256000000, "cache_capacity_2": 0, "accesses_total": 288000000, "accesses_2": 32000000, "bytes_2": 4096000000, "cache_entries_total": 32768, "bytes_sram_total": 1676692736}