{"hitrate_2": 22.66435, "bytes_total": 8192000000, "bytes_sram_2": 928331776, "filter_ratio": 0.125, "cache_entries_2": 4423, "hitrate_1": 43.623184375, "hitrate_total": 41.294425, "hits_total": 118927944, "hits_1": 111675352, "cache_capacity_1": 715648, "cache_entries_1": 44728, "cache_capacity_total": 6291456, "hits_2": 7252592, "bytes_1": 4096000000, "bytes_sram_1": 1786805632, "cache_ratio": 0.91, "accesses_1": 256000000, "cache_capacity_2": 566144, "accesses_total": 288000000, "accesses_2": 32000000, "bytes_2": 4096000000, "cache_entries_total": 49151, "bytes_sram_total": 2715137408}