{"hitrate_2": 0.0, "bytes_total": 8192000000, "bytes_sram_2": 0, "filter_ratio": 0.125, "cache_entries_2": 0, "hitrate_1": 28.312934375, "hitrate_total": 25.167052777777776, "hits_total": 72481112, "hits_1": 72481112, "cache_capacity_1": 131072, "cache_entries_1": 8192, "cache_capacity_total": 1048576, "hits_2": 0, "bytes_1": 4096000000, "bytes_sram_1": 1159697792, "cache_ratio": 1.0, "accesses_1": 256000000, "cache_capacity_2": 0, "accesses_total": 288000000, "accesses_2": 32000000, "bytes_2": 4096000000, "cache_entries_total": 8192, "bytes_sram_total": 1159697792}