{"hitrate_2": 14.318525, "bytes_total": 8192000000, "bytes_sram_2": 586486784, "filter_ratio": 0.125, "cache_entries_2": 1638, "hitrate_1": 33.7357171875, "hitrate_total": 31.578251388888887, "hits_total": 90945364, "hits_1": 86363436, "cache_capacity_1": 235920, "cache_entries_1": 14745, "cache_capacity_total": 2097152, "hits_2": 4581928, "bytes_1": 4096000000, "bytes_sram_1": 1381814976, "cache_ratio": 0.9, "accesses_1": 256000000, "cache_capacity_2": 209664, "accesses_total": 288000000, "accesses_2": 32000000, "bytes_2": 4096000000, "cache_entries_total": 16383, "bytes_sram_total": 1968301760}