{"hitrate_2": 46.7930875, "bytes_total": 8192000000, "bytes_sram_2": 1916644864, "filter_ratio": 0.125, "cache_entries_2": 65536, "hitrate_1": 46.82821875, "hitrate_total": 46.82431527777778, "hits_total": 134854028, "hits_1": 119880240, "cache_capacity_1": 1048576, "cache_entries_1": 65536, "cache_capacity_total": 16777216, "hits_2": 14973788, "bytes_1": 4096000000, "bytes_sram_1": 1918083840, "cache_ratio": 0.5, "accesses_1": 256000000, "cache_capacity_2": 8388608, "accesses_total": 288000000, "accesses_2": 32000000, "bytes_2": 4096000000, "cache_entries_total": 131072, "bytes_sram_total": 3834728704}