{"hitrate_2": 7.4125125, "bytes_total": 8192000000, "bytes_sram_2": 303616512, "filter_ratio": 0.125, "cache_entries_2": 573, "hitrate_1": 27.64251875, "hitrate_total": 25.394740277777778, "hits_total": 73136852, "hits_1": 70764848, "cache_capacity_1": 121888, "cache_entries_1": 7618, "cache_capacity_total": 1048576, "hits_2": 2372004, "bytes_1": 4096000000, "bytes_sram_1": 1132237568, "cache_ratio": 0.93, "accesses_1": 256000000, "cache_capacity_2": 73344, "accesses_total": 288000000, "accesses_2": 32000000, "bytes_2": 4096000000, "cache_entries_total": 8191, "bytes_sram_total": 1435854080}