{"hitrate_2": 25.034, "bytes_total": 8192000000, "bytes_sram_2": 1025392640, "filter_ratio": 0.125, "cache_entries_2": 5734, "hitrate_1": 17.5746625, "hitrate_total": 18.403477777777777, "hits_total": 53002016, "hits_1": 44991136, "cache_capacity_1": 39312, "cache_entries_1": 2457, "cache_capacity_total": 1048576, "hits_2": 8010880, "bytes_1": 4096000000, "bytes_sram_1": 719858176, "cache_ratio": 0.3, "accesses_1": 256000000, "cache_capacity_2": 733952, "accesses_total": 288000000, "accesses_2": 32000000, "bytes_2": 4096000000, "cache_entries_total": 8191, "bytes_sram_total": 1745250816}