{"hitrate_2": 36.349725, "bytes_total": 8192000000, "bytes_sram_2": 1488884736, "filter_ratio": 0.125, "cache_entries_2": 19660, "hitrate_1": 39.997340625, "hitrate_total": 39.59205, "hits_total": 114025104, "hits_1": 102393192, "cache_capacity_1": 471856, "cache_entries_1": 29491, "cache_capacity_total": 6291456, "hits_2": 11631912, "bytes_1": 4096000000, "bytes_sram_1": 1638291072, "cache_ratio": 0.6, "accesses_1": 256000000, "cache_capacity_2": 2516480, "accesses_total": 288000000, "accesses_2": 32000000, "bytes_2": 4096000000, "cache_entries_total": 49151, "bytes_sram_total": 3127175808}