{"hitrate_2": 32.6610375, "bytes_total": 8192000000, "bytes_sram_2": 1337796096, "filter_ratio": 0.125, "cache_entries_2": 13107, "hitrate_1": 51.5066953125, "hitrate_total": 49.412733333333335, "hits_total": 142308672, "hits_1": 131857140, "cache_capacity_1": 1887424, "cache_entries_1": 117964, "cache_capacity_total": 16777216, "hits_2": 10451532, "bytes_1": 4096000000, "bytes_sram_1": 2109714240, "cache_ratio": 0.9, "accesses_1": 256000000, "cache_capacity_2": 1677696, "accesses_total": 288000000, "accesses_2": 32000000, "bytes_2": 4096000000, "cache_entries_total": 131071, "bytes_sram_total": 3447510336}