{"hitrate_2": 49.6468125, "bytes_total": 8192000000, "bytes_sram_2": 2033533440, "filter_ratio": 0.125, "cache_entries_2": 93388, "hitrate_1": 23.6228734375, "hitrate_total": 26.514422222222223, "hits_total": 76361536, "hits_1": 60474556, "cache_capacity_1": 78640, "cache_entries_1": 4915, "cache_capacity_total": 12582912, "hits_2": 15886980, "bytes_1": 4096000000, "bytes_sram_1": 967592896, "cache_ratio": 0.05, "accesses_1": 256000000, "cache_capacity_2": 11953664, "accesses_total": 288000000, "accesses_2": 32000000, "bytes_2": 4096000000, "cache_entries_total": 98303, "bytes_sram_total": 3001126336}