{"hitrate_2": 46.004225, "bytes_total": 8192000000, "bytes_sram_2": 1884333056, "filter_ratio": 0.125, "cache_entries_2": 59637, "hitrate_1": 25.2884796875, "hitrate_total": 27.590229166666667, "hits_total": 79459860, "hits_1": 64738508, "cache_capacity_1": 94368, "cache_entries_1": 5898, "cache_capacity_total": 8388608, "hits_2": 14721352, "bytes_1": 4096000000, "bytes_sram_1": 1035816128, "cache_ratio": 0.09, "accesses_1": 256000000, "cache_capacity_2": 7633536, "accesses_total": 288000000, "accesses_2": 32000000, "bytes_2": 4096000000, "cache_entries_total": 65535, "bytes_sram_total": 2920149184}