{"hitrate_2": 22.9917375, "bytes_total": 8192000000, "bytes_sram_2": 941741568, "filter_ratio": 0.125, "cache_entries_2": 4587, "hitrate_1": 46.2267046875, "hitrate_total": 43.645041666666664, "hits_total": 125697720, "hits_1": 118340364, "cache_capacity_1": 975168, "cache_entries_1": 60948, "cache_capacity_total": 8388608, "hits_2": 7357356, "bytes_1": 4096000000, "bytes_sram_1": 1893445824, "cache_ratio": 0.93, "accesses_1": 256000000, "cache_capacity_2": 587136, "accesses_total": 288000000, "accesses_2": 32000000, "bytes_2": 4096000000, "cache_entries_total": 65535, "bytes_sram_total": 2835187392}