{"hitrate_2": 43.7754625, "bytes_total": 8192000000, "bytes_sram_2": 1793042944, "filter_ratio": 0.125, "cache_entries_2": 45711, "hitrate_1": 20.4526625, "hitrate_total": 23.044084722222223, "hits_total": 66366964, "hits_1": 52358816, "cache_capacity_1": 55040, "cache_entries_1": 3440, "cache_capacity_total": 6291456, "hits_2": 14008148, "bytes_1": 4096000000, "bytes_sram_1": 837741056, "cache_ratio": 0.07, "accesses_1": 256000000, "cache_capacity_2": 5851008, "accesses_total": 288000000, "accesses_2": 32000000, "bytes_2": 4096000000, "cache_entries_total": 49151, "bytes_sram_total": 2630784000}