{"hitrate_2": 48.272425, "bytes_total": 8192000000, "bytes_sram_2": 1977238528, "filter_ratio": 0.125, "cache_entries_2": 78643, "hitrate_1": 36.3599578125, "hitrate_total": 37.68356527777778, "hits_total": 108528668, "hits_1": 93081492, "cache_capacity_1": 314560, "cache_entries_1": 19660, "cache_capacity_total": 12582912, "hits_2": 15447176, "bytes_1": 4096000000, "bytes_sram_1": 1489303872, "cache_ratio": 0.2, "accesses_1": 256000000, "cache_capacity_2": 10066304, "accesses_total": 288000000, "accesses_2": 32000000, "bytes_2": 4096000000, "cache_entries_total": 98303, "bytes_sram_total": 3466542400}