{"hitrate_2": 52.1802875, "bytes_total": 8192000000, "bytes_sram_2": 2137304576, "filter_ratio": 0.125, "cache_entries_2": 129761, "hitrate_1": 12.6432609375, "hitrate_total": 17.03626388888889, "hits_total": 49064440, "hits_1": 32366748, "cache_capacity_1": 20960, "cache_entries_1": 1310, "cache_capacity_total": 16777216, "hits_2": 16697692, "bytes_1": 4096000000, "bytes_sram_1": 517867968, "cache_ratio": 0.01, "accesses_1": 256000000, "cache_capacity_2": 16609408, "accesses_total": 288000000, "accesses_2": 32000000, "bytes_2": 4096000000, "cache_entries_total": 131071, "bytes_sram_total": 2655172544}