{"hitrate_2": 26.26075, "bytes_total": 8192000000, "bytes_sram_2": 1075640320, "filter_ratio": 0.125, "cache_entries_2": 6553, "hitrate_1": 51.9223234375, "hitrate_total": 49.0710375, "hits_total": 141324588, "hits_1": 132921148, "cache_capacity_1": 1992288, "cache_entries_1": 124518, "cache_capacity_total": 16777216, "hits_2": 8403440, "bytes_1": 4096000000, "bytes_sram_1": 2126738368, "cache_ratio": 0.95, "accesses_1": 256000000, "cache_capacity_2": 838784, "accesses_total": 288000000, "accesses_2": 32000000, "bytes_2": 4096000000, "cache_entries_total": 131071, "bytes_sram_total": 3202378688}