{"hitrate_2": 13.524925, "bytes_total": 8192000000, "bytes_sram_2": 553980928, "filter_ratio": 0.125, "cache_entries_2": 1474, "hitrate_1": 44.166371875, "hitrate_total": 40.76176666666667, "hits_total": 117393888, "hits_1": 113065912, "cache_capacity_1": 762832, "cache_entries_1": 47677, "cache_capacity_total": 6291456, "hits_2": 4327976, "bytes_1": 4096000000, "bytes_sram_1": 1809054592, "cache_ratio": 0.97, "accesses_1": 256000000, "cache_capacity_2": 188672, "accesses_total": 288000000, "accesses_2": 32000000, "bytes_2": 4096000000, "cache_entries_total": 49151, "bytes_sram_total": 2363035520}