{"hitrate_2": 27.845725, "bytes_total": 8192000000, "bytes_sram_2": 1140560896, "filter_ratio": 0.125, "cache_entries_2": 7782, "hitrate_1": 5.7557078125, "hitrate_total": 8.210154166666667, "hits_total": 23645244, "hits_1": 14734612, "cache_capacity_1": 6544, "cache_entries_1": 409, "cache_capacity_total": 1048576, "hits_2": 8910632, "bytes_1": 4096000000, "bytes_sram_1": 235753792, "cache_ratio": 0.05, "accesses_1": 256000000, "cache_capacity_2": 996096, "accesses_total": 288000000, "accesses_2": 32000000, "bytes_2": 4096000000, "cache_entries_total": 8191, "bytes_sram_total": 1376314688}