{"hitrate_2": 49.959725, "bytes_total": 8192000000, "bytes_sram_2": 2046350336, "filter_ratio": 0.125, "cache_entries_2": 97320, "hitrate_1": 10.6464375, "hitrate_total": 15.014580555555556, "hits_total": 43241992, "hits_1": 27254880, "cache_capacity_1": 15728, "cache_entries_1": 983, "cache_capacity_total": 12582912, "hits_2": 15987112, "bytes_1": 4096000000, "bytes_sram_1": 436078080, "cache_ratio": 0.01, "accesses_1": 256000000, "cache_capacity_2": 12456960, "accesses_total": 288000000, "accesses_2": 32000000, "bytes_2": 4096000000, "cache_entries_total": 98303, "bytes_sram_total": 2482428416}