{"hitrate_2": 17.576425, "bytes_total": 8192000000, "bytes_sram_2": 719930368, "filter_ratio": 0.125, "cache_entries_2": 2457, "hitrate_1": 43.9899640625, "hitrate_total": 41.05512638888889, "hits_total": 118238764, "hits_1": 112614308, "cache_capacity_1": 747104, "cache_entries_1": 46694, "cache_capacity_total": 6291456, "hits_2": 5624456, "bytes_1": 4096000000, "bytes_sram_1": 1801828928, "cache_ratio": 0.95, "accesses_1": 256000000, "cache_capacity_2": 314496, "accesses_total": 288000000, "accesses_2": 32000000, "bytes_2": 4096000000, "cache_entries_total": 49151, "bytes_sram_total": 2521759296}