{"hitrate_2": 29.9952625, "bytes_total": 8192000000, "bytes_sram_2": 1228605952, "filter_ratio": 0.125, "cache_entries_2": 9830, "hitrate_1": 42.5176875, "hitrate_total": 41.126306944444444, "hits_total": 118443764, "hits_1": 108845280, "cache_capacity_1": 629136, "cache_entries_1": 39321, "cache_capacity_total": 6291456, "hits_2": 9598484, "bytes_1": 4096000000, "bytes_sram_1": 1741524480, "cache_ratio": 0.8, "accesses_1": 256000000, "cache_capacity_2": 1258240, "accesses_total": 288000000, "accesses_2": 32000000, "bytes_2": 4096000000, "cache_entries_total": 49151, "bytes_sram_total": 2970130432}