{"hitrate_2": 40.6409375, "bytes_total": 8192000000, "bytes_sram_2": 1664652800, "filter_ratio": 0.125, "cache_entries_2": 31784, "hitrate_1": 10.6464375, "hitrate_total": 13.979159722222223, "hits_total": 40259980, "hits_1": 27254880, "cache_capacity_1": 15728, "cache_entries_1": 983, "cache_capacity_total": 4194304, "hits_2": 13005100, "bytes_1": 4096000000, "bytes_sram_1": 436078080, "cache_ratio": 0.03, "accesses_1": 256000000, "cache_capacity_2": 4068352, "accesses_total": 288000000, "accesses_2": 32000000, "bytes_2": 4096000000, "cache_entries_total": 32767, "bytes_sram_total": 2100730880}