{"hitrate_2": 44.9210875, "bytes_total": 8192000000, "bytes_sram_2": 1839967744, "filter_ratio": 0.125, "cache_entries_2": 52428, "hitrate_1": 48.3102109375, "hitrate_total": 47.93364166666667, "hits_total": 138048888, "hits_1": 123674140, "cache_capacity_1": 1258288, "cache_entries_1": 78643, "cache_capacity_total": 16777216, "hits_2": 14374748, "bytes_1": 4096000000, "bytes_sram_1": 1978786240, "cache_ratio": 0.6, "accesses_1": 256000000, "cache_capacity_2": 6710784, "accesses_total": 288000000, "accesses_2": 32000000, "bytes_2": 4096000000, "cache_entries_total": 131071, "bytes_sram_total": 3818753984}