{"hitrate_2": 34.0371375, "bytes_total": 8192000000, "bytes_sram_2": 1394161152, "filter_ratio": 0.125, "cache_entries_2": 15237, "hitrate_1": 11.6973453125, "hitrate_total": 14.179544444444444, "hits_total": 40837088, "hits_1": 29945204, "cache_capacity_1": 18336, "cache_entries_1": 1146, "cache_capacity_total": 2097152, "hits_2": 10891884, "bytes_1": 4096000000, "bytes_sram_1": 479123264, "cache_ratio": 0.07, "accesses_1": 256000000, "cache_capacity_2": 1950336, "accesses_total": 288000000, "accesses_2": 32000000, "bytes_2": 4096000000, "cache_entries_total": 16383, "bytes_sram_total": 1873284416}