{"hitrate_2": 26.26075, "bytes_total": 8192000000, "bytes_sram_2": 1075640320, "filter_ratio": 0.125, "cache_entries_2": 6553, "hitrate_1": 14.315246875, "hitrate_total": 15.642525, "hits_total": 45050472, "hits_1": 36647032, "cache_capacity_1": 26208, "cache_entries_1": 1638, "cache_capacity_total": 1048576, "hits_2": 8403440, "bytes_1": 4096000000, "bytes_sram_1": 586352512, "cache_ratio": 0.2, "accesses_1": 256000000, "cache_capacity_2": 838784, "accesses_total": 288000000, "accesses_2": 32000000, "bytes_2": 4096000000, "cache_entries_total": 8191, "bytes_sram_total": 1661992832}