{"hitrate_2": 38.927825, "bytes_total": 8192000000, "bytes_sram_2": 1594483712, "filter_ratio": 0.125, "cache_entries_2": 26214, "hitrate_1": 50.595709375, "hitrate_total": 49.299277777777775, "hits_total": 141981920, "hits_1": 129525016, "cache_capacity_1": 1677712, "cache_entries_1": 104857, "cache_capacity_total": 16777216, "hits_2": 12456904, "bytes_1": 4096000000, "bytes_sram_1": 2072400256, "cache_ratio": 0.8, "accesses_1": 256000000, "cache_capacity_2": 3355392, "accesses_total": 288000000, "accesses_2": 32000000, "bytes_2": 4096000000, "cache_entries_total": 131071, "bytes_sram_total": 3666883968}