{"hitrate_2": 31.6817875, "bytes_total": 8192000000, "bytes_sram_2": 1297686016, "filter_ratio": 0.125, "cache_entries_2": 11796, "hitrate_1": 51.5919296875, "hitrate_total": 49.379691666666666, "hits_total": 142213512, "hits_1": 132075340, "cache_capacity_1": 1908400, "cache_entries_1": 119275, "cache_capacity_total": 16777216, "hits_2": 10138172, "bytes_1": 4096000000, "bytes_sram_1": 2113205440, "cache_ratio": 0.91, "accesses_1": 256000000, "cache_capacity_2": 1509888, "accesses_total": 288000000, "accesses_2": 32000000, "bytes_2": 4096000000, "cache_entries_total": 131071, "bytes_sram_total": 3410891456}