{"hitrate_2": 40.264725, "bytes_total": 8192000000, "bytes_sram_2": 1649243136, "filter_ratio": 0.125, "cache_entries_2": 30474, "hitrate_1": 17.0021671875, "hitrate_total": 19.586895833333333, "hits_total": 56410260, "hits_1": 43525548, "cache_capacity_1": 36688, "cache_entries_1": 2293, "cache_capacity_total": 4194304, "hits_2": 12884712, "bytes_1": 4096000000, "bytes_sram_1": 696408768, "cache_ratio": 0.07, "accesses_1": 256000000, "cache_capacity_2": 3900672, "accesses_total": 288000000, "accesses_2": 32000000, "bytes_2": 4096000000, "cache_entries_total": 32767, "bytes_sram_total": 2345651904}