{"hitrate_2": 42.49705, "bytes_total": 8192000000, "bytes_sram_2": 1740679168, "filter_ratio": 0.125, "cache_entries_2": 39321, "hitrate_1": 29.994425, "hitrate_total": 31.383605555555555, "hits_total": 90384784, "hits_1": 76785728, "cache_capacity_1": 157280, "cache_entries_1": 9830, "cache_capacity_total": 6291456, "hits_2": 13599056, "bytes_1": 4096000000, "bytes_sram_1": 1228571648, "cache_ratio": 0.2, "accesses_1": 256000000, "cache_capacity_2": 5033088, "accesses_total": 288000000, "accesses_2": 32000000, "bytes_2": 4096000000, "cache_entries_total": 49151, "bytes_sram_total": 2969250816}