{"hitrate_2": 46.7930875, "bytes_total": 8192000000, "bytes_sram_2": 1916644864, "filter_ratio": 0.125, "cache_entries_2": 65536, "hitrate_1": 0.0, "hitrate_total": 5.199231944444445, "hits_total": 14973788, "hits_1": 0, "cache_capacity_1": 0, "cache_entries_1": 0, "cache_capacity_total": 8388608, "hits_2": 14973788, "bytes_1": 4096000000, "bytes_sram_1": 0, "cache_ratio": 0.0, "accesses_1": 256000000, "cache_capacity_2": 8388608, "accesses_total": 288000000, "accesses_2": 32000000, "bytes_2": 4096000000, "cache_entries_total": 65536, "bytes_sram_total": 1916644864}