{"hitrate_2": 0.0, "bytes_total": 8192000000, "bytes_sram_2": 0, "filter_ratio": 0.125, "cache_entries_2": 0, "hitrate_1": 46.82821875, "hitrate_total": 41.625083333333336, "hits_total": 119880240, "hits_1": 119880240, "cache_capacity_1": 1048576, "cache_entries_1": 65536, "cache_capacity_total": 8388608, "hits_2": 0, "bytes_1": 4096000000, "bytes_sram_1": 1918083840, "cache_ratio": 1.0, "accesses_1": 256000000, "cache_capacity_2": 0, "accesses_total": 288000000, "accesses_2": 32000000, "bytes_2": 4096000000, "cache_entries_total": 65536, "bytes_sram_total": 1918083840}