{"hitrate_2": 23.6236, "bytes_total": 8192000000, "bytes_sram_2": 967622656, "filter_ratio": 0.125, "cache_entries_2": 4915, "hitrate_1": 31.4201578125, "hitrate_total": 30.55387361111111, "hits_total": 87995156, "hits_1": 80435604, "cache_capacity_1": 183488, "cache_entries_1": 11468, "cache_capacity_total": 2097152, "hits_2": 7559552, "bytes_1": 4096000000, "bytes_sram_1": 1286969664, "cache_ratio": 0.7, "accesses_1": 256000000, "cache_capacity_2": 629120, "accesses_total": 288000000, "accesses_2": 32000000, "bytes_2": 4096000000, "cache_entries_total": 16383, "bytes_sram_total": 2254592320}