{"hitrate_2": 49.807075, "bytes_total": 8192000000, "bytes_sram_2": 2040097792, "filter_ratio": 0.125, "cache_entries_2": 95354, "hitrate_1": 19.11884375, "hitrate_total": 22.528647222222222, "hits_total": 64882504, "hits_1": 48944240, "cache_capacity_1": 47184, "cache_entries_1": 2949, "cache_capacity_total": 12582912, "hits_2": 15938264, "bytes_1": 4096000000, "bytes_sram_1": 783107840, "cache_ratio": 0.03, "accesses_1": 256000000, "cache_capacity_2": 12205312, "accesses_total": 288000000, "accesses_2": 32000000, "bytes_2": 4096000000, "cache_entries_total": 98303, "bytes_sram_total": 2823205632}