{"hitrate_2": 27.4465875, "bytes_total": 8192000000, "bytes_sram_2": 1124212224, "filter_ratio": 0.125, "cache_entries_2": 7454, "hitrate_1": 8.8456609375, "hitrate_total": 10.912430555555556, "hits_total": 31427800, "hits_1": 22644892, "cache_capacity_1": 11792, "cache_entries_1": 737, "cache_capacity_total": 1048576, "hits_2": 8782908, "bytes_1": 4096000000, "bytes_sram_1": 362318272, "cache_ratio": 0.09, "accesses_1": 256000000, "cache_capacity_2": 954112, "accesses_total": 288000000, "accesses_2": 32000000, "bytes_2": 4096000000, "cache_entries_total": 8191, "bytes_sram_total": 1486530496}