{"hitrate_2": 52.2595625, "bytes_total": 8192000000, "bytes_sram_2": 2140551680, "filter_ratio": 0.125, "cache_entries_2": 131072, "hitrate_1": 0.0, "hitrate_total": 5.806618055555556, "hits_total": 16723060, "hits_1": 0, "cache_capacity_1": 0, "cache_entries_1": 0, "cache_capacity_total": 16777216, "hits_2": 16723060, "bytes_1": 4096000000, "bytes_sram_1": 0, "cache_ratio": 0.0, "accesses_1": 256000000, "cache_capacity_2": 16777216, "accesses_total": 288000000, "accesses_2": 32000000, "bytes_2": 4096000000, "cache_entries_total": 131072, "bytes_sram_total": 2140551680}