{"hitrate_2": 27.3493375, "bytes_total": 8192000000, "bytes_sram_2": 1120228864, "filter_ratio": 0.125, "cache_entries_2": 7372, "hitrate_1": 9.4726484375, "hitrate_total": 11.458947222222223, "hits_total": 33001768, "hits_1": 24249980, "cache_capacity_1": 13104, "cache_entries_1": 819, "cache_capacity_total": 1048576, "hits_2": 8751788, "bytes_1": 4096000000, "bytes_sram_1": 387999680, "cache_ratio": 0.1, "accesses_1": 256000000, "cache_capacity_2": 943616, "accesses_total": 288000000, "accesses_2": 32000000, "bytes_2": 4096000000, "cache_entries_total": 8191, "bytes_sram_total": 1508228544}