{"hitrate_1": 50.595709375, "bytes_sram_total": 3347649408, "cache_ratio": 0.8, "cache_capacity_2": 3355392, "cache_entries_1": 104857, "bytes_sram_1": 2072400256, "hits_2": 9962884, "hits_1": 129525016, "accesses_total": 281600000, "bytes_1": 4096000000, "bytes_sram_2": 1275249152, "accesses_1": 256000000, "cache_capacity_1": 1677712, "cache_capacity_total": 16777216, "cache_entries_2": 26214, "accesses_2": 25600000, "hitrate_total": 49.53405539772727, "bytes_total": 7372800000, "bytes_2": 3276800000, "hits_total": 139487900, "cache_entries_total": 131071, "filter_ratio": 0.1, "hitrate_2": 38.917515625}