{"hitrate_1": 51.759284375, "bytes_sram_total": 3082141568, "cache_ratio": 0.93, "cache_capacity_2": 1174400, "cache_entries_1": 121896, "bytes_sram_1": 2120060288, "hits_2": 7516260, "hits_1": 132503768, "accesses_total": 281600000, "bytes_1": 4096000000, "bytes_sram_2": 962081280, "accesses_1": 256000000, "cache_capacity_1": 1950336, "cache_capacity_total": 16777216, "cache_entries_2": 9175, "accesses_2": 25600000, "hitrate_total": 49.72302130681818, "bytes_total": 7372800000, "bytes_2": 3276800000, "hits_total": 140020028, "cache_entries_total": 131071, "filter_ratio": 0.1, "hitrate_2": 29.360390625}