{"hitrate_1": 22.9987859375, "bytes_sram_total": 2455414208, "cache_ratio": 0.07, "cache_capacity_2": 7801344, "cache_entries_1": 4587, "bytes_sram_1": 942030272, "hits_2": 11823312, "hits_1": 58876892, "accesses_total": 281600000, "bytes_1": 4096000000, "bytes_sram_2": 1513383936, "accesses_1": 256000000, "cache_capacity_1": 73392, "cache_capacity_total": 8388608, "cache_entries_2": 60948, "accesses_2": 25600000, "hitrate_total": 25.106606534090908, "bytes_total": 7372800000, "bytes_2": 3276800000, "hits_total": 70700204, "cache_entries_total": 65535, "filter_ratio": 0.1, "hitrate_2": 46.1848125}