{"hitrate_1": 38.369990625, "bytes_sram_total": 2828215936, "cache_ratio": 0.5, "cache_capacity_2": 3145728, "cache_entries_1": 24576, "bytes_sram_1": 1571634816, "hits_2": 9817040, "hits_1": 98227176, "accesses_total": 281600000, "bytes_1": 4096000000, "bytes_sram_2": 1256581120, "accesses_1": 256000000, "cache_capacity_1": 393216, "cache_capacity_total": 6291456, "cache_entries_2": 24576, "accesses_2": 25600000, "hitrate_total": 38.36797443181818, "bytes_total": 7372800000, "bytes_2": 3276800000, "hits_total": 108044216, "cache_entries_total": 49152, "filter_ratio": 0.1, "hitrate_2": 38.3478125}