{"hitrate_1": 37.75256875, "bytes_sram_total": 2529380096, "cache_ratio": 0.7, "cache_capacity_2": 1258240, "cache_entries_1": 22937, "bytes_sram_1": 1546345216, "hits_2": 7679960, "hits_1": 96646576, "accesses_total": 281600000, "bytes_1": 4096000000, "bytes_sram_2": 983034880, "accesses_1": 256000000, "cache_capacity_1": 366992, "cache_capacity_total": 4194304, "cache_entries_2": 9830, "accesses_2": 25600000, "hitrate_total": 37.04777556818182, "bytes_total": 7372800000, "bytes_2": 3276800000, "hits_total": 104326536, "cache_entries_total": 32767, "filter_ratio": 0.1, "hitrate_2": 29.99984375}