{"hitrate_1": 39.997340625, "bytes_sram_total": 3184153216, "cache_ratio": 0.3, "cache_capacity_2": 8807936, "cache_entries_1": 29491, "bytes_sram_1": 1638291072, "hits_2": 12077048, "hits_1": 102393192, "accesses_total": 281600000, "bytes_1": 4096000000, "bytes_sram_2": 1545862144, "accesses_1": 256000000, "cache_capacity_1": 471856, "cache_capacity_total": 12582912, "cache_entries_2": 68812, "accesses_2": 25600000, "hitrate_total": 40.64994318181818, "bytes_total": 7372800000, "bytes_2": 3276800000, "hits_total": 114470240, "cache_entries_total": 98303, "filter_ratio": 0.1, "hitrate_2": 47.17596875}