{"hitrate_1": 26.2582796875, "bytes_sram_total": 1544625344, "cache_ratio": 0.8, "cache_capacity_2": 209664, "cache_entries_1": 6553, "bytes_sram_1": 1075539136, "hits_2": 3664736, "hits_1": 67221196, "accesses_total": 281600000, "bytes_1": 4096000000, "bytes_sram_2": 469086208, "accesses_1": 256000000, "cache_capacity_1": 104848, "cache_capacity_total": 1048576, "cache_entries_2": 1638, "accesses_2": 25600000, "hitrate_total": 25.172561079545453, "bytes_total": 7372800000, "bytes_2": 3276800000, "hits_total": 70885932, "cache_entries_total": 8191, "filter_ratio": 0.1, "hitrate_2": 14.315375}