{"hitrate_1": 40.664071875, "bytes_sram_total": 2014451072, "cache_ratio": 0.97, "cache_capacity_2": 125824, "cache_entries_1": 31784, "bytes_sram_1": 1665600384, "hits_2": 2725396, "hits_1": 104100024, "accesses_total": 281600000, "bytes_1": 4096000000, "bytes_sram_2": 348850688, "accesses_1": 256000000, "cache_capacity_1": 508544, "cache_capacity_total": 4194304, "cache_entries_2": 983, "accesses_2": 25600000, "hitrate_total": 37.935163352272724, "bytes_total": 7372800000, "bytes_2": 3276800000, "hits_total": 106825420, "cache_entries_total": 32767, "filter_ratio": 0.1, "hitrate_2": 10.646078125}