{"hitrate_1": 13.5138765625, "bytes_sram_total": 1999175744, "cache_ratio": 0.03, "cache_capacity_2": 6102656, "cache_entries_1": 1474, "bytes_sram_1": 553528384, "hits_2": 11294120, "hits_1": 34595524, "accesses_total": 281600000, "bytes_1": 4096000000, "bytes_sram_2": 1445647360, "accesses_1": 256000000, "cache_capacity_1": 23584, "cache_capacity_total": 6291456, "cache_entries_2": 47677, "accesses_2": 25600000, "hitrate_total": 16.296038352272728, "bytes_total": 7372800000, "bytes_2": 3276800000, "hits_total": 45889644, "cache_entries_total": 49151, "filter_ratio": 0.1, "hitrate_2": 44.11765625}