{"hitrate_1": 10.6464375, "bytes_sram_total": 1767468544, "cache_ratio": 0.03, "cache_capacity_2": 4068352, "cache_entries_1": 983, "bytes_sram_1": 436078080, "hits_2": 10401488, "hits_1": 27254880, "accesses_total": 281600000, "bytes_1": 4096000000, "bytes_sram_2": 1331390464, "accesses_1": 256000000, "cache_capacity_1": 15728, "cache_capacity_total": 4194304, "cache_entries_2": 31784, "accesses_2": 25600000, "hitrate_total": 13.372289772727273, "bytes_total": 7372800000, "bytes_2": 3276800000, "hits_total": 37656368, "cache_entries_total": 32767, "filter_ratio": 0.1, "hitrate_2": 40.6308125}