{"hitrate_1": 31.4201578125, "bytes_sram_total": 2060987200, "cache_ratio": 0.7, "cache_capacity_2": 629120, "cache_entries_1": 11468, "bytes_sram_1": 1286969664, "hits_2": 6047012, "hits_1": 80435604, "accesses_total": 281600000, "bytes_1": 4096000000, "bytes_sram_2": 774017536, "accesses_1": 256000000, "cache_capacity_1": 183488, "cache_capacity_total": 2097152, "cache_entries_2": 4915, "accesses_2": 25600000, "hitrate_total": 30.71115625, "bytes_total": 7372800000, "bytes_2": 3276800000, "hits_total": 86482616, "cache_entries_total": 16383, "filter_ratio": 0.1, "hitrate_2": 23.621140625}