{"hitrate_1": 44.968759375, "bytes_sram_total": 3423390592, "cache_ratio": 0.4, "cache_capacity_2": 10066304, "cache_entries_1": 52428, "bytes_sram_1": 1841920384, "hits_2": 12355236, "hits_1": 115120024, "accesses_total": 281600000, "bytes_1": 4096000000, "bytes_sram_2": 1581470208, "accesses_1": 256000000, "cache_capacity_1": 838848, "cache_capacity_total": 16777216, "cache_entries_2": 78643, "accesses_2": 25600000, "hitrate_total": 45.268203125, "bytes_total": 7372800000, "bytes_2": 3276800000, "hits_total": 127475260, "cache_entries_total": 131071, "filter_ratio": 0.1, "hitrate_2": 48.262640625}