{"hitrate_1": 36.3599578125, "bytes_sram_total": 3070774080, "cache_ratio": 0.2, "cache_capacity_2": 10066304, "cache_entries_1": 19660, "bytes_sram_1": 1489303872, "hits_2": 12355236, "hits_1": 93081492, "accesses_total": 281600000, "bytes_1": 4096000000, "bytes_sram_2": 1581470208, "accesses_1": 256000000, "cache_capacity_1": 314560, "cache_capacity_total": 12582912, "cache_entries_2": 78643, "accesses_2": 25600000, "hitrate_total": 37.44201988636364, "bytes_total": 7372800000, "bytes_2": 3276800000, "hits_total": 105436728, "cache_entries_total": 98303, "filter_ratio": 0.1, "hitrate_2": 48.262640625}