{"hitrate_1": 19.11884375, "bytes_sram_total": 2414908672, "cache_ratio": 0.03, "cache_capacity_2": 12205312, "cache_entries_1": 2949, "bytes_sram_1": 783107840, "hits_2": 12748444, "hits_1": 48944240, "accesses_total": 281600000, "bytes_1": 4096000000, "bytes_sram_2": 1631800832, "accesses_1": 256000000, "cache_capacity_1": 47184, "cache_capacity_total": 12582912, "cache_entries_2": 95354, "accesses_2": 25600000, "hitrate_total": 21.90791335227273, "bytes_total": 7372800000, "bytes_2": 3276800000, "hits_total": 61692684, "cache_entries_total": 98303, "filter_ratio": 0.1, "hitrate_2": 49.798609375}