{"hitrate_1": 19.11884375, "bytes_sram_total": 2095809792, "cache_ratio": 0.09, "cache_capacity_2": 3816704, "cache_entries_1": 2949, "bytes_sram_1": 783107840, "hits_2": 10255484, "hits_1": 48944240, "accesses_total": 281600000, "bytes_1": 4096000000, "bytes_sram_2": 1312701952, "accesses_1": 256000000, "cache_capacity_1": 47184, "cache_capacity_total": 4194304, "cache_entries_2": 29818, "accesses_2": 25600000, "hitrate_total": 21.022629261363637, "bytes_total": 7372800000, "bytes_2": 3276800000, "hits_total": 59199724, "cache_entries_total": 32767, "filter_ratio": 0.1, "hitrate_2": 40.060484375}