{"hitrate_1": 29.994425, "bytes_sram_total": 2620668928, "cache_ratio": 0.2, "cache_capacity_2": 5033088, "cache_entries_1": 9830, "bytes_sram_1": 1228571648, "hits_2": 10875760, "hits_1": 76785728, "accesses_total": 281600000, "bytes_1": 4096000000, "bytes_sram_2": 1392097280, "accesses_1": 256000000, "cache_capacity_1": 157280, "cache_capacity_total": 6291456, "cache_entries_2": 39321, "accesses_2": 25600000, "hitrate_total": 31.12978977272727, "bytes_total": 7372800000, "bytes_2": 3276800000, "hits_total": 87661488, "cache_entries_total": 49151, "filter_ratio": 0.1, "hitrate_2": 42.4834375}