{"hitrate_1": 23.6228734375, "bytes_sram_total": 1997487040, "cache_ratio": 0.3, "cache_capacity_2": 1467904, "cache_entries_1": 4915, "bytes_sram_1": 967592896, "hits_2": 8046048, "hits_1": 60474556, "accesses_total": 281600000, "bytes_1": 4096000000, "bytes_sram_2": 1029894144, "accesses_1": 256000000, "cache_capacity_1": 78640, "cache_capacity_total": 2097152, "cache_entries_2": 11468, "accesses_2": 25600000, "hitrate_total": 24.332600852272726, "bytes_total": 7372800000, "bytes_2": 3276800000, "hits_total": 68520604, "cache_entries_total": 16383, "filter_ratio": 0.1, "hitrate_2": 31.429875}