{"hitrate_1": 21.627915625, "bytes_sram_total": 2590141568, "cache_ratio": 0.03, "cache_capacity_2": 16273792, "cache_entries_1": 3932, "bytes_sram_1": 885879424, "hits_2": 13314548, "hits_1": 55367464, "accesses_total": 281600000, "bytes_1": 4096000000, "bytes_sram_2": 1704262144, "accesses_1": 256000000, "cache_capacity_1": 62912, "cache_capacity_total": 16777216, "cache_entries_2": 127139, "accesses_2": 25600000, "hitrate_total": 24.38991903409091, "bytes_total": 7372800000, "bytes_2": 3276800000, "hits_total": 68682012, "cache_entries_total": 131071, "filter_ratio": 0.1, "hitrate_2": 52.009953125}