{"hitrate_1": 14.315246875, "bytes_sram_total": 1691880320, "cache_ratio": 0.1, "cache_capacity_2": 1887360, "cache_entries_1": 1638, "bytes_sram_1": 586352512, "hits_2": 8636936, "hits_1": 36647032, "accesses_total": 281600000, "bytes_1": 4096000000, "bytes_sram_2": 1105527808, "accesses_1": 256000000, "cache_capacity_1": 26208, "cache_capacity_total": 2097152, "cache_entries_2": 14745, "accesses_2": 25600000, "hitrate_total": 16.080954545454546, "bytes_total": 7372800000, "bytes_2": 3276800000, "hits_total": 45283968, "cache_entries_total": 16383, "filter_ratio": 0.1, "hitrate_2": 33.73803125}