{"hitrate_1": 28.027515625, "bytes_sram_total": 1273589888, "cache_ratio": 0.97, "cache_capacity_2": 31360, "cache_entries_1": 7946, "bytes_sram_1": 1148007040, "hits_2": 981116, "hits_1": 71750440, "accesses_total": 281600000, "bytes_1": 4096000000, "bytes_sram_2": 125582848, "accesses_1": 256000000, "cache_capacity_1": 127136, "cache_capacity_total": 1048576, "cache_entries_2": 245, "accesses_2": 25600000, "hitrate_total": 25.827967329545455, "bytes_total": 7372800000, "bytes_2": 3276800000, "hits_total": 72731556, "cache_entries_total": 8191, "filter_ratio": 0.1, "hitrate_2": 3.832484375}