{"hitrate_1": 49.6847421875, "bytes_sram_total": 2809104576, "cache_ratio": 0.95, "cache_capacity_2": 629120, "cache_entries_1": 93388, "bytes_sram_1": 2035087040, "hits_2": 6047012, "hits_1": 127192940, "accesses_total": 281600000, "bytes_1": 4096000000, "bytes_sram_2": 774017536, "accesses_1": 256000000, "cache_capacity_1": 1494208, "cache_capacity_total": 12582912, "cache_entries_2": 4915, "accesses_2": 25600000, "hitrate_total": 47.315323863636365, "bytes_total": 7372800000, "bytes_2": 3276800000, "hits_total": 133239952, "cache_entries_total": 98303, "filter_ratio": 0.1, "hitrate_2": 23.621140625}