{"hitrate_1": 52.0809390625, "bytes_sram_total": 2841732672, "cache_ratio": 0.97, "cache_capacity_2": 503296, "cache_entries_1": 127139, "bytes_sram_1": 2133235264, "hits_2": 5535136, "hits_1": 133327204, "accesses_total": 281600000, "bytes_1": 4096000000, "bytes_sram_2": 708497408, "accesses_1": 256000000, "cache_capacity_1": 2034224, "cache_capacity_total": 16777216, "cache_entries_2": 3932, "accesses_2": 25600000, "hitrate_total": 49.311910511363635, "bytes_total": 7372800000, "bytes_2": 3276800000, "hits_total": 138862340, "cache_entries_total": 131071, "filter_ratio": 0.1, "hitrate_2": 21.621625}