{"hitrate_1": 34.7024875, "bytes_sram_total": 2558147584, "cache_ratio": 0.5, "cache_capacity_2": 2097152, "cache_entries_1": 16384, "bytes_sram_1": 1421413888, "hits_2": 8880732, "hits_1": 88838368, "accesses_total": 281600000, "bytes_1": 4096000000, "bytes_sram_2": 1136733696, "accesses_1": 256000000, "cache_capacity_1": 262144, "cache_capacity_total": 4194304, "cache_entries_2": 16384, "accesses_2": 25600000, "hitrate_total": 34.70138494318182, "bytes_total": 7372800000, "bytes_2": 3276800000, "hits_total": 97719100, "cache_entries_total": 32768, "filter_ratio": 0.1, "hitrate_2": 34.690359375}