{"hitrate_1": 51.5919296875, "bytes_sram_total": 3151634112, "cache_ratio": 0.91, "cache_capacity_2": 1509888, "cache_entries_1": 119275, "bytes_sram_1": 2113205440, "hits_2": 8112724, "hits_1": 132075340, "accesses_total": 281600000, "bytes_1": 4096000000, "bytes_sram_2": 1038428672, "accesses_1": 256000000, "cache_capacity_1": 1908400, "cache_capacity_total": 16777216, "cache_entries_2": 11796, "accesses_2": 25600000, "hitrate_total": 49.78269318181818, "bytes_total": 7372800000, "bytes_2": 3276800000, "hits_total": 140188064, "cache_entries_total": 131071, "filter_ratio": 0.1, "hitrate_2": 31.690328125}