{"hitrate_1": 44.166371875, "bytes_sram_total": 2251986816, "cache_ratio": 0.97, "cache_capacity_2": 188672, "cache_entries_1": 47677, "bytes_sram_1": 1809054592, "hits_2": 3460408, "hits_1": 113065912, "accesses_total": 281600000, "bytes_1": 4096000000, "bytes_sram_2": 442932224, "accesses_1": 256000000, "cache_capacity_1": 762832, "cache_capacity_total": 6291456, "cache_entries_2": 1474, "accesses_2": 25600000, "hitrate_total": 41.38008522727273, "bytes_total": 7372800000, "bytes_2": 3276800000, "hits_total": 116526320, "cache_entries_total": 49151, "filter_ratio": 0.1, "hitrate_2": 13.51721875}