{"hitrate_1": 52.3122171875, "bytes_sram_total": 2142708416, "cache_ratio": 1.0, "cache_capacity_2": 0, "cache_entries_1": 131072, "bytes_sram_1": 2142708416, "hits_2": 0, "hits_1": 133919276, "accesses_total": 281600000, "bytes_1": 4096000000, "bytes_sram_2": 0, "accesses_1": 256000000, "cache_capacity_1": 2097152, "cache_capacity_total": 16777216, "cache_entries_2": 0, "accesses_2": 25600000, "hitrate_total": 47.55656107954545, "bytes_total": 7372800000, "bytes_2": 3276800000, "hits_total": 133919276, "cache_entries_total": 131072, "filter_ratio": 0.1, "hitrate_2": 0.0}