{"hitrate_1": 27.34324375, "bytes_sram_total": 1430448384, "cache_ratio": 0.9, "cache_capacity_2": 104832, "cache_entries_1": 7372, "bytes_sram_1": 1119979264, "hits_2": 2425540, "hits_1": 69998704, "accesses_total": 281600000, "bytes_1": 4096000000, "bytes_sram_2": 310469120, "accesses_1": 256000000, "cache_capacity_1": 117952, "cache_capacity_total": 1048576, "cache_entries_2": 819, "accesses_2": 25600000, "hitrate_total": 25.718836647727272, "bytes_total": 7372800000, "bytes_2": 3276800000, "hits_total": 72424244, "cache_entries_total": 8191, "filter_ratio": 0.1, "hitrate_2": 9.474765625}