{"hitrate_1": 46.82821875, "bytes_sram_total": 3451084032, "cache_ratio": 0.5, "cache_capacity_2": 8388608, "cache_entries_1": 65536, "bytes_sram_1": 1918083840, "hits_2": 11976564, "hits_1": 119880240, "accesses_total": 281600000, "bytes_1": 4096000000, "bytes_sram_2": 1533000192, "accesses_1": 256000000, "cache_capacity_1": 1048576, "cache_capacity_total": 16777216, "cache_entries_2": 65536, "accesses_2": 25600000, "hitrate_total": 46.824149147727276, "bytes_total": 7372800000, "bytes_2": 3276800000, "hits_total": 131856804, "cache_entries_total": 131072, "filter_ratio": 0.1, "hitrate_2": 46.783453125}