{"hitrate_1": 49.5151125, "bytes_sram_total": 2903255552, "cache_ratio": 0.93, "cache_capacity_2": 880768, "cache_entries_1": 91422, "bytes_sram_1": 2028139008, "hits_2": 6836848, "hits_1": 126758688, "accesses_total": 281600000, "bytes_1": 4096000000, "bytes_sram_2": 875116544, "accesses_1": 256000000, "cache_capacity_1": 1462752, "cache_capacity_total": 12582912, "cache_entries_2": 6881, "accesses_2": 25600000, "hitrate_total": 47.44159659090909, "bytes_total": 7372800000, "bytes_2": 3276800000, "hits_total": 133595536, "cache_entries_total": 98303, "filter_ratio": 0.1, "hitrate_2": 26.7064375}