{"hitrate_1": 13.5138765625, "bytes_sram_total": 1662348352, "cache_ratio": 0.09, "cache_capacity_2": 1908352, "cache_entries_1": 1474, "bytes_sram_1": 553528384, "hits_2": 8662656, "hits_1": 34595524, "accesses_total": 281600000, "bytes_1": 4096000000, "bytes_sram_2": 1108819968, "accesses_1": 256000000, "cache_capacity_1": 23584, "cache_capacity_total": 2097152, "cache_entries_2": 14909, "accesses_2": 25600000, "hitrate_total": 15.361569602272727, "bytes_total": 7372800000, "bytes_2": 3276800000, "hits_total": 43258180, "cache_entries_total": 16383, "filter_ratio": 0.1, "hitrate_2": 33.8385}