{"hitrate_1": 28.312934375, "bytes_sram_total": 2087883136, "cache_ratio": 0.5, "cache_capacity_2": 1048576, "cache_entries_1": 8192, "bytes_sram_1": 1159697792, "hits_2": 7251448, "hits_1": 72481112, "accesses_total": 281600000, "bytes_1": 4096000000, "bytes_sram_2": 928185344, "accesses_1": 256000000, "cache_capacity_1": 131072, "cache_capacity_total": 2097152, "cache_entries_2": 8192, "accesses_2": 25600000, "hitrate_total": 28.314119318181817, "bytes_total": 7372800000, "bytes_2": 3276800000, "hits_total": 79732560, "cache_entries_total": 16384, "filter_ratio": 0.1, "hitrate_2": 28.32596875}