{"hitrate_1": 0.0, "bytes_sram_total": 1453998592, "cache_ratio": 0.0, "cache_capacity_2": 6291456, "cache_entries_1": 0, "bytes_sram_1": 0, "hits_2": 11359364, "hits_1": 0, "accesses_total": 281600000, "bytes_1": 4096000000, "bytes_sram_2": 1453998592, "accesses_1": 256000000, "cache_capacity_1": 0, "cache_capacity_total": 6291456, "cache_entries_2": 49152, "accesses_2": 25600000, "hitrate_total": 4.033865056818182, "bytes_total": 7372800000, "bytes_2": 3276800000, "hits_total": 11359364, "cache_entries_total": 49152, "filter_ratio": 0.1, "hitrate_2": 44.372515625}