{"hitrate_1": 46.74530625, "bytes_sram_total": 2181197056, "cache_ratio": 0.99, "cache_capacity_2": 83840, "cache_entries_1": 64880, "bytes_sram_1": 1914687744, "hits_2": 2082104, "hits_1": 119667984, "accesses_total": 281600000, "bytes_1": 4096000000, "bytes_sram_2": 266509312, "accesses_1": 256000000, "cache_capacity_1": 1038080, "cache_capacity_total": 8388608, "cache_entries_2": 655, "accesses_2": 25600000, "hitrate_total": 43.235116477272726, "bytes_total": 7372800000, "bytes_2": 3276800000, "hits_total": 121750088, "cache_entries_total": 65535, "filter_ratio": 0.1, "hitrate_2": 8.13321875}