{"hitrate_1": 27.441965625, "bytes_sram_total": 1413893760, "cache_ratio": 0.91, "cache_capacity_2": 94336, "cache_entries_1": 7454, "bytes_sram_1": 1124022912, "hits_2": 2264616, "hits_1": 70251432, "accesses_total": 281600000, "bytes_1": 4096000000, "bytes_sram_2": 289870848, "accesses_1": 256000000, "cache_capacity_1": 119264, "cache_capacity_total": 1048576, "cache_entries_2": 737, "accesses_2": 25600000, "hitrate_total": 25.7514375, "bytes_total": 7372800000, "bytes_2": 3276800000, "hits_total": 72516048, "cache_entries_total": 8191, "filter_ratio": 0.1, "hitrate_2": 8.84615625}