{"hitrate_1": 1.43594375, "bytes_sram_total": 983872768, "cache_ratio": 0.01, "cache_capacity_2": 1038080, "cache_entries_1": 81, "bytes_sram_1": 58816256, "hits_2": 7227004, "hits_1": 3676016, "accesses_total": 281600000, "bytes_1": 4096000000, "bytes_sram_2": 925056512, "accesses_1": 256000000, "cache_capacity_1": 1296, "cache_capacity_total": 1048576, "cache_entries_2": 8110, "accesses_2": 25600000, "hitrate_total": 3.8718110795454543, "bytes_total": 7372800000, "bytes_2": 3276800000, "hits_total": 10903020, "cache_entries_total": 8191, "filter_ratio": 0.1, "hitrate_2": 28.230484375}