{"hitrate_1": 48.3102109375, "bytes_sram_total": 3450470336, "cache_ratio": 0.6, "cache_capacity_2": 6710784, "cache_entries_1": 78643, "bytes_sram_1": 1978786240, "hits_2": 11497532, "hits_1": 123674140, "accesses_total": 281600000, "bytes_1": 4096000000, "bytes_sram_2": 1471684096, "accesses_1": 256000000, "cache_capacity_1": 1258288, "cache_capacity_total": 16777216, "cache_entries_2": 52428, "accesses_2": 25600000, "hitrate_total": 48.00130397727273, "bytes_total": 7372800000, "bytes_2": 3276800000, "hits_total": 135171672, "cache_entries_total": 131071, "filter_ratio": 0.1, "hitrate_2": 44.912234375}