{"hitrate_1": 12.6432609375, "bytes_sram_total": 2227393984, "cache_ratio": 0.01, "cache_capacity_2": 16609408, "cache_entries_1": 1310, "bytes_sram_1": 517867968, "hits_2": 13355672, "hits_1": 32366748, "accesses_total": 281600000, "bytes_1": 4096000000, "bytes_sram_2": 1709526016, "accesses_1": 256000000, "cache_capacity_1": 20960, "cache_capacity_total": 16777216, "cache_entries_2": 129761, "accesses_2": 25600000, "hitrate_total": 16.236654829545454, "bytes_total": 7372800000, "bytes_2": 3276800000, "hits_total": 45722420, "cache_entries_total": 131071, "filter_ratio": 0.1, "hitrate_2": 52.17059375}