{"hitrate_1": 40.4782296875, "bytes_sram_total": 2127074496, "cache_ratio": 0.95, "cache_capacity_2": 209664, "cache_entries_1": 31129, "bytes_sram_1": 1657988288, "hits_2": 3664736, "hits_1": 103624268, "accesses_total": 281600000, "bytes_1": 4096000000, "bytes_sram_2": 469086208, "accesses_1": 256000000, "cache_capacity_1": 498064, "cache_capacity_total": 4194304, "cache_entries_2": 1638, "accesses_2": 25600000, "hitrate_total": 38.099788352272725, "bytes_total": 7372800000, "bytes_2": 3276800000, "hits_total": 107289004, "cache_entries_total": 32767, "filter_ratio": 0.1, "hitrate_2": 14.315375}