{"hitrate_1": 17.5746625, "bytes_sram_total": 1540114432, "cache_ratio": 0.3, "cache_capacity_2": 733952, "cache_entries_1": 2457, "bytes_sram_1": 719858176, "hits_2": 6408252, "hits_1": 44991136, "accesses_total": 281600000, "bytes_1": 4096000000, "bytes_sram_2": 820256256, "accesses_1": 256000000, "cache_capacity_1": 39312, "cache_capacity_total": 1048576, "cache_entries_2": 5734, "accesses_2": 25600000, "hitrate_total": 18.252623579545453, "bytes_total": 7372800000, "bytes_2": 3276800000, "hits_total": 51399388, "cache_entries_total": 8191, "filter_ratio": 0.1, "hitrate_2": 25.032234375}