{"hitrate_1": 50.08699375, "bytes_sram_total": 2051563264, "cache_ratio": 1.0, "cache_capacity_2": 0, "cache_entries_1": 98304, "bytes_sram_1": 2051563264, "hits_2": 0, "hits_1": 128222704, "accesses_total": 281600000, "bytes_1": 4096000000, "bytes_sram_2": 0, "accesses_1": 256000000, "cache_capacity_1": 1572864, "cache_capacity_total": 12582912, "cache_entries_2": 0, "accesses_2": 25600000, "hitrate_total": 45.53363068181818, "bytes_total": 7372800000, "bytes_2": 3276800000, "hits_total": 128222704, "cache_entries_total": 98304, "filter_ratio": 0.1, "hitrate_2": 0.0}