{"hitrate_1": 26.2582796875, "bytes_sram_total": 2350788288, "cache_ratio": 0.2, "cache_capacity_2": 3355392, "cache_entries_1": 6553, "bytes_sram_1": 1075539136, "hits_2": 9962884, "hits_1": 67221196, "accesses_total": 281600000, "bytes_1": 4096000000, "bytes_sram_2": 1275249152, "accesses_1": 256000000, "cache_capacity_1": 104848, "cache_capacity_total": 4194304, "cache_entries_2": 26214, "accesses_2": 25600000, "hitrate_total": 27.40911931818182, "bytes_total": 7372800000, "bytes_2": 3276800000, "hits_total": 77184080, "cache_entries_total": 32767, "filter_ratio": 0.1, "hitrate_2": 38.917515625}