{"hitrate_1": 0.0, "bytes_sram_total": 1712109056, "cache_ratio": 0.0, "cache_capacity_2": 16777216, "cache_entries_1": 0, "bytes_sram_1": 0, "hits_2": 13375852, "hits_1": 0, "accesses_total": 281600000, "bytes_1": 4096000000, "bytes_sram_2": 1712109056, "accesses_1": 256000000, "cache_capacity_1": 0, "cache_capacity_total": 16777216, "cache_entries_2": 131072, "accesses_2": 25600000, "hitrate_total": 4.749947443181818, "bytes_total": 7372800000, "bytes_2": 3276800000, "hits_total": 13375852, "cache_entries_total": 131072, "filter_ratio": 0.1, "hitrate_2": 52.249421875}