{"hitrate_1": 43.837071875, "bytes_sram_total": 2986589568, "cache_ratio": 0.7, "cache_capacity_2": 2516480, "cache_entries_1": 45875, "bytes_sram_1": 1795566464, "hits_2": 9304868, "hits_1": 112222904, "accesses_total": 281600000, "bytes_1": 4096000000, "bytes_sram_2": 1191023104, "accesses_1": 256000000, "cache_capacity_1": 734000, "cache_capacity_total": 8388608, "cache_entries_2": 19660, "accesses_2": 25600000, "hitrate_total": 43.15616903409091, "bytes_total": 7372800000, "bytes_2": 3276800000, "hits_total": 121527772, "cache_entries_total": 65535, "filter_ratio": 0.1, "hitrate_2": 36.347140625}