{"hitrate_1": 10.6464375, "bytes_sram_total": 2072799232, "cache_ratio": 0.01, "cache_capacity_2": 12456960, "cache_entries_1": 983, "bytes_sram_1": 436078080, "hits_2": 12786884, "hits_1": 27254880, "accesses_total": 281600000, "bytes_1": 4096000000, "bytes_sram_2": 1636721152, "accesses_1": 256000000, "cache_capacity_1": 15728, "cache_capacity_total": 12582912, "cache_entries_2": 97320, "accesses_2": 25600000, "hitrate_total": 14.219376420454546, "bytes_total": 7372800000, "bytes_2": 3276800000, "hits_total": 40041764, "cache_entries_total": 98303, "filter_ratio": 0.1, "hitrate_2": 49.948765625}