{"hitrate_1": 2.692478125, "bytes_sram_total": 1243953792, "cache_ratio": 0.01, "cache_capacity_2": 2076160, "cache_entries_1": 163, "bytes_sram_1": 110283904, "hits_2": 8856796, "hits_1": 6892744, "accesses_total": 281600000, "bytes_1": 4096000000, "bytes_sram_2": 1133669888, "accesses_1": 256000000, "cache_capacity_1": 2608, "cache_capacity_total": 2097152, "cache_entries_2": 16220, "accesses_2": 25600000, "hitrate_total": 5.592876420454545, "bytes_total": 7372800000, "bytes_2": 3276800000, "hits_total": 15749540, "cache_entries_total": 16383, "filter_ratio": 0.1, "hitrate_2": 34.596859375}