{"hitrate_1": 0.0, "bytes_sram_total": 928185344, "cache_ratio": 0.0, "cache_capacity_2": 1048576, "cache_entries_1": 0, "bytes_sram_1": 0, "hits_2": 7251448, "hits_1": 0, "accesses_total": 281600000, "bytes_1": 4096000000, "bytes_sram_2": 928185344, "accesses_1": 256000000, "cache_capacity_1": 0, "cache_capacity_total": 1048576, "cache_entries_2": 8192, "accesses_2": 25600000, "hitrate_total": 2.575088068181818, "bytes_total": 7372800000, "bytes_2": 3276800000, "hits_total": 7251448, "cache_entries_total": 8192, "filter_ratio": 0.1, "hitrate_2": 28.32596875}