{"hitrate_1": 43.623184375, "bytes_sram_total": 2529297792, "cache_ratio": 0.91, "cache_capacity_2": 566144, "cache_entries_1": 44728, "bytes_sram_1": 1786805632, "hits_2": 5800720, "hits_1": 111675352, "accesses_total": 281600000, "bytes_1": 4096000000, "bytes_sram_2": 742492160, "accesses_1": 256000000, "cache_capacity_1": 715648, "cache_capacity_total": 6291456, "cache_entries_2": 4423, "accesses_2": 25600000, "hitrate_total": 41.717355113636366, "bytes_total": 7372800000, "bytes_2": 3276800000, "hits_total": 117476072, "cache_entries_total": 49151, "filter_ratio": 0.1, "hitrate_2": 22.6590625}