{"hitrate_1": 20.0287421875, "bytes_sram_total": 2130023104, "cache_ratio": 0.1, "cache_capacity_2": 3774848, "cache_entries_1": 3276, "bytes_sram_1": 820377280, "hits_2": 10231608, "hits_1": 51273580, "accesses_total": 281600000, "bytes_1": 4096000000, "bytes_sram_2": 1309645824, "accesses_1": 256000000, "cache_capacity_1": 52416, "cache_capacity_total": 4194304, "cache_entries_2": 29491, "accesses_2": 25600000, "hitrate_total": 21.84133096590909, "bytes_total": 7372800000, "bytes_2": 3276800000, "hits_total": 61505188, "cache_entries_total": 32767, "filter_ratio": 0.1, "hitrate_2": 39.96721875}