{"hitrate_1": 20.0287421875, "bytes_sram_total": 1890676416, "cache_ratio": 0.2, "cache_capacity_2": 1677696, "cache_entries_1": 3276, "bytes_sram_1": 820377280, "hits_2": 8361712, "hits_1": 51273580, "accesses_total": 281600000, "bytes_1": 4096000000, "bytes_sram_2": 1070299136, "accesses_1": 256000000, "cache_capacity_1": 52416, "cache_capacity_total": 2097152, "cache_entries_2": 13107, "accesses_2": 25600000, "hitrate_total": 21.177305397727274, "bytes_total": 7372800000, "bytes_2": 3276800000, "hits_total": 59635292, "cache_entries_total": 16383, "filter_ratio": 0.1, "hitrate_2": 32.6629375}