{"hitrate_1": 26.2582796875, "bytes_sram_total": 2579830976, "cache_ratio": 0.1, "cache_capacity_2": 7549696, "cache_entries_1": 6553, "bytes_sram_1": 1075539136, "hits_2": 11752280, "hits_1": 67221196, "accesses_total": 281600000, "bytes_1": 4096000000, "bytes_sram_2": 1504291840, "accesses_1": 256000000, "cache_capacity_1": 104848, "cache_capacity_total": 8388608, "cache_entries_2": 58982, "accesses_2": 25600000, "hitrate_total": 28.044558238636363, "bytes_total": 7372800000, "bytes_2": 3276800000, "hits_total": 78973476, "cache_entries_total": 65535, "filter_ratio": 0.1, "hitrate_2": 45.90734375}