{"hitrate_1": 46.573953125, "bytes_sram_total": 2423810688, "cache_ratio": 0.97, "cache_capacity_2": 251648, "cache_entries_1": 63569, "bytes_sram_1": 1907669120, "hits_2": 4032356, "hits_1": 119229320, "accesses_total": 281600000, "bytes_1": 4096000000, "bytes_sram_2": 516141568, "accesses_1": 256000000, "cache_capacity_1": 1017104, "cache_capacity_total": 8388608, "cache_entries_2": 1966, "accesses_2": 25600000, "hitrate_total": 43.771901988636365, "bytes_total": 7372800000, "bytes_2": 3276800000, "hits_total": 123261676, "cache_entries_total": 65535, "filter_ratio": 0.1, "hitrate_2": 15.751390625}