{"hitrate_1": 0.0, "bytes_sram_total": 1340085248, "cache_ratio": 0.0, "cache_capacity_2": 4194304, "cache_entries_1": 0, "bytes_sram_1": 0, "hits_2": 10469416, "hits_1": 0, "accesses_total": 281600000, "bytes_1": 4096000000, "bytes_sram_2": 1340085248, "accesses_1": 256000000, "cache_capacity_1": 0, "cache_capacity_total": 4194304, "cache_entries_2": 32768, "accesses_2": 25600000, "hitrate_total": 3.717832386363636, "bytes_total": 7372800000, "bytes_2": 3276800000, "hits_total": 10469416, "cache_entries_total": 32768, "filter_ratio": 0.1, "hitrate_2": 40.89615625}