{"hitrate_1": 38.9497734375, "bytes_sram_total": 2987480000, "cache_ratio": 0.4, "cache_capacity_2": 5033088, "cache_entries_1": 26214, "bytes_sram_1": 1595382720, "hits_2": 10875760, "hits_1": 99711420, "accesses_total": 281600000, "bytes_1": 4096000000, "bytes_sram_2": 1392097280, "accesses_1": 256000000, "cache_capacity_1": 419424, "cache_capacity_total": 8388608, "cache_entries_2": 39321, "accesses_2": 25600000, "hitrate_total": 39.271015625, "bytes_total": 7372800000, "bytes_2": 3276800000, "hits_total": 110587180, "cache_entries_total": 65535, "filter_ratio": 0.1, "hitrate_2": 42.4834375}