{"hitrate_1": 14.315246875, "bytes_sram_total": 1911583104, "cache_ratio": 0.05, "cache_capacity_2": 3984512, "cache_entries_1": 1638, "bytes_sram_1": 586352512, "hits_2": 10353364, "hits_1": 36647032, "accesses_total": 281600000, "bytes_1": 4096000000, "bytes_sram_2": 1325230592, "accesses_1": 256000000, "cache_capacity_1": 26208, "cache_capacity_total": 4194304, "cache_entries_2": 31129, "accesses_2": 25600000, "hitrate_total": 16.69048153409091, "bytes_total": 7372800000, "bytes_2": 3276800000, "hits_total": 47000396, "cache_entries_total": 32767, "filter_ratio": 0.1, "hitrate_2": 40.442828125}