{"hitrate_1": 17.0021671875, "bytes_sram_total": 2015424192, "cache_ratio": 0.07, "cache_capacity_2": 3900672, "cache_entries_1": 2293, "bytes_sram_1": 696408768, "hits_2": 10304808, "hits_1": 43525548, "accesses_total": 281600000, "bytes_1": 4096000000, "bytes_sram_2": 1319015424, "accesses_1": 256000000, "cache_capacity_1": 36688, "cache_capacity_total": 4194304, "cache_entries_2": 30474, "accesses_2": 25600000, "hitrate_total": 19.115893465909092, "bytes_total": 7372800000, "bytes_2": 3276800000, "hits_total": 53830356, "cache_entries_total": 32767, "filter_ratio": 0.1, "hitrate_2": 40.25315625}