{"hitrate_1": 0.0, "bytes_sram_total": 1533000192, "cache_ratio": 0.0, "cache_capacity_2": 8388608, "cache_entries_1": 0, "bytes_sram_1": 0, "hits_2": 11976564, "hits_1": 0, "accesses_total": 281600000, "bytes_1": 4096000000, "bytes_sram_2": 1533000192, "accesses_1": 256000000, "cache_capacity_1": 0, "cache_capacity_total": 8388608, "cache_entries_2": 65536, "accesses_2": 25600000, "hitrate_total": 4.253041193181819, "bytes_total": 7372800000, "bytes_2": 3276800000, "hits_total": 11976564, "cache_entries_total": 65536, "filter_ratio": 0.1, "hitrate_2": 46.783453125}