{"hitrate_1": 42.5176875, "bytes_sram_total": 3245816320, "cache_ratio": 0.4, "cache_capacity_2": 7549696, "cache_entries_1": 39321, "bytes_sram_1": 1741524480, "hits_2": 11752280, "hits_1": 108845280, "accesses_total": 281600000, "bytes_1": 4096000000, "bytes_sram_2": 1504291840, "accesses_1": 256000000, "cache_capacity_1": 629136, "cache_capacity_total": 12582912, "cache_entries_2": 58982, "accesses_2": 25600000, "hitrate_total": 42.82583806818182, "bytes_total": 7372800000, "bytes_2": 3276800000, "hits_total": 120597560, "cache_entries_total": 98303, "filter_ratio": 0.1, "hitrate_2": 45.90734375}