{"hitrate_1": 46.2267046875, "bytes_sram_total": 2646600896, "cache_ratio": 0.93, "cache_capacity_2": 587136, "cache_entries_1": 60948, "bytes_sram_1": 1893445824, "hits_2": 5884024, "hits_1": 118340364, "accesses_total": 281600000, "bytes_1": 4096000000, "bytes_sram_2": 753155072, "accesses_1": 256000000, "cache_capacity_1": 975168, "cache_capacity_total": 8388608, "cache_entries_2": 4587, "accesses_2": 25600000, "hitrate_total": 44.11377414772727, "bytes_total": 7372800000, "bytes_2": 3276800000, "hits_total": 124224388, "cache_entries_total": 65535, "filter_ratio": 0.1, "hitrate_2": 22.98446875}