{"hitrate_1": 32.6500390625, "bytes_sram_total": 2809029696, "cache_ratio": 0.2, "cache_capacity_2": 6710784, "cache_entries_1": 13107, "bytes_sram_1": 1337345600, "hits_2": 11497532, "hits_1": 83584100, "accesses_total": 281600000, "bytes_1": 4096000000, "bytes_sram_2": 1471684096, "accesses_1": 256000000, "cache_capacity_1": 209712, "cache_capacity_total": 8388608, "cache_entries_2": 52428, "accesses_2": 25600000, "hitrate_total": 33.76478409090909, "bytes_total": 7372800000, "bytes_2": 3276800000, "hits_total": 95081632, "cache_entries_total": 65535, "filter_ratio": 0.1, "hitrate_2": 44.912234375}