{"hitrate_1": 44.4246796875, "bytes_sram_total": 3273633472, "cache_ratio": 0.5, "cache_capacity_2": 6291456, "cache_entries_1": 49152, "bytes_sram_1": 1819634880, "hits_2": 11359364, "hits_1": 113727180, "accesses_total": 281600000, "bytes_1": 4096000000, "bytes_sram_2": 1453998592, "accesses_1": 256000000, "cache_capacity_1": 786432, "cache_capacity_total": 12582912, "cache_entries_2": 49152, "accesses_2": 25600000, "hitrate_total": 44.4199375, "bytes_total": 7372800000, "bytes_2": 3276800000, "hits_total": 125086544, "cache_entries_total": 98304, "filter_ratio": 0.1, "hitrate_2": 44.372515625}