{"hitrate_1": 5.7557078125, "bytes_sram_total": 1148393280, "cache_ratio": 0.05, "cache_capacity_2": 996096, "cache_entries_1": 409, "bytes_sram_1": 235753792, "hits_2": 7129996, "hits_1": 14734612, "accesses_total": 281600000, "bytes_1": 4096000000, "bytes_sram_2": 912639488, "accesses_1": 256000000, "cache_capacity_1": 6544, "cache_capacity_total": 1048576, "cache_entries_2": 7782, "accesses_2": 25600000, "hitrate_total": 7.764420454545455, "bytes_total": 7372800000, "bytes_2": 3276800000, "hits_total": 21864608, "cache_entries_total": 8191, "filter_ratio": 0.1, "hitrate_2": 27.851546875}