{"hitrate_1": 51.9223234375, "bytes_sram_total": 2987192768, "cache_ratio": 0.95, "cache_capacity_2": 838784, "cache_entries_1": 124518, "bytes_sram_1": 2126738368, "hits_2": 6722300, "hits_1": 132921148, "accesses_total": 281600000, "bytes_1": 4096000000, "bytes_sram_2": 860454400, "accesses_1": 256000000, "cache_capacity_1": 1992288, "cache_capacity_total": 16777216, "cache_entries_2": 6553, "accesses_2": 25600000, "hitrate_total": 49.58929261363637, "bytes_total": 7372800000, "bytes_2": 3276800000, "hits_total": 139643448, "cache_entries_total": 131071, "filter_ratio": 0.1, "hitrate_2": 26.258984375}