{"hitrate_1": 45.954659375, "bytes_sram_total": 2742757248, "cache_ratio": 0.9, "cache_capacity_2": 838784, "cache_entries_1": 58982, "bytes_sram_1": 1882302848, "hits_2": 6722300, "hits_1": 117643928, "accesses_total": 281600000, "bytes_1": 4096000000, "bytes_sram_2": 860454400, "accesses_1": 256000000, "cache_capacity_1": 943712, "cache_capacity_total": 8388608, "cache_entries_2": 6553, "accesses_2": 25600000, "hitrate_total": 44.16414346590909, "bytes_total": 7372800000, "bytes_2": 3276800000, "hits_total": 124366228, "cache_entries_total": 65535, "filter_ratio": 0.1, "hitrate_2": 26.258984375}