{"hitrate_1": 48.3102109375, "bytes_sram_total": 3169809344, "cache_ratio": 0.8, "cache_capacity_2": 2516480, "cache_entries_1": 78643, "bytes_sram_1": 1978786240, "hits_2": 9304868, "hits_1": 123674140, "accesses_total": 281600000, "bytes_1": 4096000000, "bytes_sram_2": 1191023104, "accesses_1": 256000000, "cache_capacity_1": 1258288, "cache_capacity_total": 12582912, "cache_entries_2": 19660, "accesses_2": 25600000, "hitrate_total": 47.22265909090909, "bytes_total": 7372800000, "bytes_2": 3276800000, "hits_total": 132979008, "cache_entries_total": 98303, "filter_ratio": 0.1, "hitrate_2": 36.347140625}