{"hitrate_1": 40.288775, "bytes_sram_total": 2207340032, "cache_ratio": 0.93, "cache_capacity_2": 293504, "cache_entries_1": 30474, "bytes_sram_1": 1650228224, "hits_2": 4352436, "hits_1": 103139264, "accesses_total": 281600000, "bytes_1": 4096000000, "bytes_sram_2": 557111808, "accesses_1": 256000000, "cache_capacity_1": 487584, "cache_capacity_total": 4194304, "cache_entries_2": 2293, "accesses_2": 25600000, "hitrate_total": 38.17176846590909, "bytes_total": 7372800000, "bytes_2": 3276800000, "hits_total": 107491700, "cache_entries_total": 32767, "filter_ratio": 0.1, "hitrate_2": 17.001703125}