{"hitrate_1": 34.2323078125, "bytes_sram_total": 1712624448, "cache_ratio": 0.95, "cache_capacity_2": 104832, "cache_entries_1": 15564, "bytes_sram_1": 1402155328, "hits_2": 2425540, "hits_1": 87634708, "accesses_total": 281600000, "bytes_1": 4096000000, "bytes_sram_2": 310469120, "accesses_1": 256000000, "cache_capacity_1": 249024, "cache_capacity_total": 2097152, "cache_entries_2": 819, "accesses_2": 25600000, "hitrate_total": 31.981622159090907, "bytes_total": 7372800000, "bytes_2": 3276800000, "hits_total": 90060248, "cache_entries_total": 16383, "filter_ratio": 0.1, "hitrate_2": 9.474765625}