{"hitrate_1": 33.838096875, "bytes_sram_total": 1828940672, "cache_ratio": 0.91, "cache_capacity_2": 188672, "cache_entries_1": 14909, "bytes_sram_1": 1386008448, "hits_2": 3460408, "hits_1": 86625528, "accesses_total": 281600000, "bytes_1": 4096000000, "bytes_sram_2": 442932224, "accesses_1": 256000000, "cache_capacity_1": 238544, "cache_capacity_total": 2097152, "cache_entries_2": 1474, "accesses_2": 25600000, "hitrate_total": 31.990744318181818, "bytes_total": 7372800000, "bytes_2": 3276800000, "hits_total": 90085936, "cache_entries_total": 16383, "filter_ratio": 0.1, "hitrate_2": 13.51721875}