{"hitrate_1": 36.3599578125, "bytes_sram_total": 2559603008, "cache_ratio": 0.6, "cache_capacity_2": 1677696, "cache_entries_1": 19660, "bytes_sram_1": 1489303872, "hits_2": 8361712, "hits_1": 93081492, "accesses_total": 281600000, "bytes_1": 4096000000, "bytes_sram_2": 1070299136, "accesses_1": 256000000, "cache_capacity_1": 314560, "cache_capacity_total": 4194304, "cache_entries_2": 13107, "accesses_2": 25600000, "hitrate_total": 36.02386505681818, "bytes_total": 7372800000, "bytes_2": 3276800000, "hits_total": 101443204, "cache_entries_total": 32767, "filter_ratio": 0.1, "hitrate_2": 32.6629375}