{"hitrate_1": 34.0389296875, "bytes_sram_total": 1777700032, "cache_ratio": 0.93, "cache_capacity_2": 146688, "cache_entries_1": 15237, "bytes_sram_1": 1394234560, "hits_2": 2995824, "hits_1": 87139660, "accesses_total": 281600000, "bytes_1": 4096000000, "bytes_sram_2": 383465472, "accesses_1": 256000000, "cache_capacity_1": 243792, "cache_capacity_total": 2097152, "cache_entries_2": 1146, "accesses_2": 25600000, "hitrate_total": 32.008339488636366, "bytes_total": 7372800000, "bytes_2": 3276800000, "hits_total": 90135484, "cache_entries_total": 16383, "filter_ratio": 0.1, "hitrate_2": 11.7024375}