{"hitrate_1": 8.8456609375, "bytes_sram_total": 1261917120, "cache_ratio": 0.09, "cache_capacity_2": 954112, "cache_entries_1": 737, "bytes_sram_1": 362318272, "hits_2": 7028116, "hits_1": 22644892, "accesses_total": 281600000, "bytes_1": 4096000000, "bytes_sram_2": 899598848, "accesses_1": 256000000, "cache_capacity_1": 11792, "cache_capacity_total": 1048576, "cache_entries_2": 7454, "accesses_2": 25600000, "hitrate_total": 10.537289772727272, "bytes_total": 7372800000, "bytes_2": 3276800000, "hits_total": 29673008, "cache_entries_total": 8191, "filter_ratio": 0.1, "hitrate_2": 27.453578125}