{"hitrate_1": 32.6500390625, "bytes_sram_total": 2528368704, "cache_ratio": 0.4, "cache_capacity_2": 2516480, "cache_entries_1": 13107, "bytes_sram_1": 1337345600, "hits_2": 9304868, "hits_1": 83584100, "accesses_total": 281600000, "bytes_1": 4096000000, "bytes_sram_2": 1191023104, "accesses_1": 256000000, "cache_capacity_1": 209712, "cache_capacity_total": 4194304, "cache_entries_2": 19660, "accesses_2": 25600000, "hitrate_total": 32.98613920454545, "bytes_total": 7372800000, "bytes_2": 3276800000, "hits_total": 92888968, "cache_entries_total": 32767, "filter_ratio": 0.1, "hitrate_2": 36.347140625}