{"hitrate_1": 38.9497734375, "bytes_sram_total": 2455837120, "cache_ratio": 0.8, "cache_capacity_2": 838784, "cache_entries_1": 26214, "bytes_sram_1": 1595382720, "hits_2": 6722300, "hits_1": 99711420, "accesses_total": 281600000, "bytes_1": 4096000000, "bytes_sram_2": 860454400, "accesses_1": 256000000, "cache_capacity_1": 419424, "cache_capacity_total": 4194304, "cache_entries_2": 6553, "accesses_2": 25600000, "hitrate_total": 37.79606534090909, "bytes_total": 7372800000, "bytes_2": 3276800000, "hits_total": 106433720, "cache_entries_total": 32767, "filter_ratio": 0.1, "hitrate_2": 26.258984375}