{"hitrate_1": 44.4246796875, "bytes_sram_total": 1819634880, "cache_ratio": 1.0, "cache_capacity_2": 0, "cache_entries_1": 49152, "bytes_sram_1": 1819634880, "hits_2": 0, "hits_1": 113727180, "accesses_total": 281600000, "bytes_1": 4096000000, "bytes_sram_2": 0, "accesses_1": 256000000, "cache_capacity_1": 786432, "cache_capacity_total": 6291456, "cache_entries_2": 0, "accesses_2": 25600000, "hitrate_total": 40.38607244318182, "bytes_total": 7372800000, "bytes_2": 3276800000, "hits_total": 113727180, "cache_entries_total": 49152, "filter_ratio": 0.1, "hitrate_2": 0.0}