{"hitrate_1": 14.315246875, "bytes_sram_total": 1446806912, "cache_ratio": 0.2, "cache_capacity_2": 838784, "cache_entries_1": 1638, "bytes_sram_1": 586352512, "hits_2": 6722300, "hits_1": 36647032, "accesses_total": 281600000, "bytes_1": 4096000000, "bytes_sram_2": 860454400, "accesses_1": 256000000, "cache_capacity_1": 26208, "cache_capacity_total": 1048576, "cache_entries_2": 6553, "accesses_2": 25600000, "hitrate_total": 15.401041193181818, "bytes_total": 7372800000, "bytes_2": 3276800000, "hits_total": 43369332, "cache_entries_total": 8191, "filter_ratio": 0.1, "hitrate_2": 26.258984375}