{"hitrate_1": 47.2270625, "bytes_sram_total": 3244066304, "cache_ratio": 0.7, "cache_capacity_2": 3774848, "cache_entries_1": 68812, "bytes_sram_1": 1934420480, "hits_2": 10231608, "hits_1": 120901280, "accesses_total": 281600000, "bytes_1": 4096000000, "bytes_sram_2": 1309645824, "accesses_1": 256000000, "cache_capacity_1": 1100992, "cache_capacity_total": 12582912, "cache_entries_2": 29491, "accesses_2": 25600000, "hitrate_total": 46.56707670454546, "bytes_total": 7372800000, "bytes_2": 3276800000, "hits_total": 131132888, "cache_entries_total": 98303, "filter_ratio": 0.1, "hitrate_2": 39.96721875}