{"hitrate_1": 50.0080734375, "bytes_sram_total": 2397181376, "cache_ratio": 0.99, "cache_capacity_2": 125824, "cache_entries_1": 97320, "bytes_sram_1": 2048330688, "hits_2": 2725396, "hits_1": 128020668, "accesses_total": 281600000, "bytes_1": 4096000000, "bytes_sram_2": 348850688, "accesses_1": 256000000, "cache_capacity_1": 1557120, "cache_capacity_total": 12582912, "cache_entries_2": 983, "accesses_2": 25600000, "hitrate_total": 46.42971022727273, "bytes_total": 7372800000, "bytes_2": 3276800000, "hits_total": 130746064, "cache_entries_total": 98303, "filter_ratio": 0.1, "hitrate_2": 10.646078125}