{"hitrate_1": 34.6100484375, "bytes_sram_total": 1505686976, "cache_ratio": 0.99, "cache_capacity_2": 20864, "cache_entries_1": 16220, "bytes_sram_1": 1417627584, "hits_2": 687964, "hits_1": 88601724, "accesses_total": 281600000, "bytes_1": 4096000000, "bytes_sram_2": 88059392, "accesses_1": 256000000, "cache_capacity_1": 259520, "cache_capacity_total": 2097152, "cache_entries_2": 163, "accesses_2": 25600000, "hitrate_total": 31.707985795454544, "bytes_total": 7372800000, "bytes_2": 3276800000, "hits_total": 89289688, "cache_entries_total": 16383, "filter_ratio": 0.1, "hitrate_2": 2.687359375}