{"hitrate_1": 22.6700171875, "bytes_sram_total": 2356920512, "cache_ratio": 0.09, "cache_capacity_2": 5725184, "cache_entries_1": 4423, "bytes_sram_1": 928563904, "hits_2": 11159036, "hits_1": 58035244, "accesses_total": 281600000, "bytes_1": 4096000000, "bytes_sram_2": 1428356608, "accesses_1": 256000000, "cache_capacity_1": 70768, "cache_capacity_total": 6291456, "cache_entries_2": 44728, "accesses_2": 25600000, "hitrate_total": 24.571832386363635, "bytes_total": 7372800000, "bytes_2": 3276800000, "hits_total": 69194280, "cache_entries_total": 49151, "filter_ratio": 0.1, "hitrate_2": 43.589984375}