{"hitrate_1": 33.7357171875, "bytes_sram_total": 2735740608, "cache_ratio": 0.3, "cache_capacity_2": 4403968, "cache_entries_1": 14745, "bytes_sram_1": 1381814976, "hits_2": 10577544, "hits_1": 86363436, "accesses_total": 281600000, "bytes_1": 4096000000, "bytes_sram_2": 1353925632, "accesses_1": 256000000, "cache_capacity_1": 235920, "cache_capacity_total": 6291456, "cache_entries_2": 34406, "accesses_2": 25600000, "hitrate_total": 34.42506392045455, "bytes_total": 7372800000, "bytes_2": 3276800000, "hits_total": 96940980, "cache_entries_total": 49151, "filter_ratio": 0.1, "hitrate_2": 41.31853125}