{"hitrate_1": 40.095609375, "bytes_sram_total": 2268888960, "cache_ratio": 0.91, "cache_capacity_2": 377472, "cache_entries_1": 29818, "bytes_sram_1": 1642316160, "hits_2": 4895100, "hits_1": 102644760, "accesses_total": 281600000, "bytes_1": 4096000000, "bytes_sram_2": 626572800, "accesses_1": 256000000, "cache_capacity_1": 477088, "cache_capacity_total": 4194304, "cache_entries_2": 2949, "accesses_2": 25600000, "hitrate_total": 38.18887073863636, "bytes_total": 7372800000, "bytes_2": 3276800000, "hits_total": 107539860, "cache_entries_total": 32767, "filter_ratio": 0.1, "hitrate_2": 19.121484375}