{"hitrate_1": 3.81958125, "bytes_sram_total": 1075340032, "cache_ratio": 0.03, "cache_capacity_2": 1017088, "cache_entries_1": 245, "bytes_sram_1": 156450048, "hits_2": 7178828, "hits_1": 9778128, "accesses_total": 281600000, "bytes_1": 4096000000, "bytes_sram_2": 918889984, "accesses_1": 256000000, "cache_capacity_1": 3920, "cache_capacity_total": 1048576, "cache_entries_2": 7946, "accesses_2": 25600000, "hitrate_total": 6.021646306818182, "bytes_total": 7372800000, "bytes_2": 3276800000, "hits_total": 16956956, "cache_entries_total": 8191, "filter_ratio": 0.1, "hitrate_2": 28.042296875}