{"hitrate_1": 0.0, "bytes_sram_total": 1136733696, "cache_ratio": 0.0, "cache_capacity_2": 2097152, "cache_entries_1": 0, "bytes_sram_1": 0, "hits_2": 8880732, "hits_1": 0, "accesses_total": 281600000, "bytes_1": 4096000000, "bytes_sram_2": 1136733696, "accesses_1": 256000000, "cache_capacity_1": 0, "cache_capacity_total": 2097152, "cache_entries_2": 16384, "accesses_2": 25600000, "hitrate_total": 3.153669034090909, "bytes_total": 7372800000, "bytes_2": 3276800000, "hits_total": 8880732, "cache_entries_total": 16384, "filter_ratio": 0.1, "hitrate_2": 34.690359375}