{"hitrate_1": 20.4526625, "bytes_sram_total": 2271942144, "cache_ratio": 0.07, "cache_capacity_2": 5851008, "cache_entries_1": 3440, "bytes_sram_1": 837741056, "hits_2": 11204696, "hits_1": 52358816, "accesses_total": 281600000, "bytes_1": 4096000000, "bytes_sram_2": 1434201088, "accesses_1": 256000000, "cache_capacity_1": 55040, "cache_capacity_total": 6291456, "cache_entries_2": 45711, "accesses_2": 25600000, "hitrate_total": 22.572269886363635, "bytes_total": 7372800000, "bytes_2": 3276800000, "hits_total": 63563512, "cache_entries_total": 49151, "filter_ratio": 0.1, "hitrate_2": 43.76834375}