{"hitrate_1": 42.5176875, "bytes_sram_total": 2724559360, "cache_ratio": 0.8, "cache_capacity_2": 1258240, "cache_entries_1": 39321, "bytes_sram_1": 1741524480, "hits_2": 7679960, "hits_1": 108845280, "accesses_total": 281600000, "bytes_1": 4096000000, "bytes_sram_2": 983034880, "accesses_1": 256000000, "cache_capacity_1": 629136, "cache_capacity_total": 6291456, "cache_entries_2": 9830, "accesses_2": 25600000, "hitrate_total": 41.379701704545454, "bytes_total": 7372800000, "bytes_2": 3276800000, "hits_total": 116525240, "cache_entries_total": 49151, "filter_ratio": 0.1, "hitrate_2": 29.99984375}