{"hitrate_1": 7.4073875, "bytes_sram_total": 1209613312, "cache_ratio": 0.07, "cache_capacity_2": 975104, "cache_entries_1": 573, "bytes_sram_1": 303406592, "hits_2": 7079740, "hits_1": 18962912, "accesses_total": 281600000, "bytes_1": 4096000000, "bytes_sram_2": 906206720, "accesses_1": 256000000, "cache_capacity_1": 9168, "cache_capacity_total": 1048576, "cache_entries_2": 7618, "accesses_2": 25600000, "hitrate_total": 9.248100852272728, "bytes_total": 7372800000, "bytes_2": 3276800000, "hits_total": 26042652, "cache_entries_total": 8191, "filter_ratio": 0.1, "hitrate_2": 27.655234375}