{"hitrate_1": 34.4223984375, "bytes_sram_total": 1626209728, "cache_ratio": 0.97, "cache_capacity_2": 62848, "cache_entries_1": 15892, "bytes_sram_1": 1409941440, "hits_2": 1689596, "hits_1": 88121340, "accesses_total": 281600000, "bytes_1": 4096000000, "bytes_sram_2": 216268288, "accesses_1": 256000000, "cache_capacity_1": 254272, "cache_capacity_total": 2097152, "cache_entries_2": 491, "accesses_2": 25600000, "hitrate_total": 31.893088068181818, "bytes_total": 7372800000, "bytes_2": 3276800000, "hits_total": 89810936, "cache_entries_total": 16383, "filter_ratio": 0.1, "hitrate_2": 6.599984375}