{"hitrate_1": 9.4726484375, "bytes_sram_total": 1509601216, "cache_ratio": 0.05, "cache_capacity_2": 1992192, "cache_entries_1": 819, "bytes_sram_1": 387999680, "hits_2": 8762512, "hits_1": 24249980, "accesses_total": 281600000, "bytes_1": 4096000000, "bytes_sram_2": 1121601536, "accesses_1": 256000000, "cache_capacity_1": 13104, "cache_capacity_total": 2097152, "cache_entries_2": 15564, "accesses_2": 25600000, "hitrate_total": 11.723186079545455, "bytes_total": 7372800000, "bytes_2": 3276800000, "hits_total": 33012492, "cache_entries_total": 16383, "filter_ratio": 0.1, "hitrate_2": 34.2285625}