{"hitrate_1": 41.3614046875, "bytes_sram_total": 2799690944, "cache_ratio": 0.7, "cache_capacity_2": 1887360, "cache_entries_1": 34406, "bytes_sram_1": 1694163136, "hits_2": 8636936, "hits_1": 105885196, "accesses_total": 281600000, "bytes_1": 4096000000, "bytes_sram_2": 1105527808, "accesses_1": 256000000, "cache_capacity_1": 550496, "cache_capacity_total": 6291456, "cache_entries_2": 14745, "accesses_2": 25600000, "hitrate_total": 40.66837073863636, "bytes_total": 7372800000, "bytes_2": 3276800000, "hits_total": 114522132, "cache_entries_total": 49151, "filter_ratio": 0.1, "hitrate_2": 33.73803125}