{"hitrate_1": 39.997340625, "bytes_sram_total": 2294289024, "cache_ratio": 0.9, "cache_capacity_2": 419328, "cache_entries_1": 29491, "bytes_sram_1": 1638291072, "hits_2": 5124984, "hits_1": 102393192, "accesses_total": 281600000, "bytes_1": 4096000000, "bytes_sram_2": 655997952, "accesses_1": 256000000, "cache_capacity_1": 471856, "cache_capacity_total": 4194304, "cache_entries_2": 3276, "accesses_2": 25600000, "hitrate_total": 38.18117045454545, "bytes_total": 7372800000, "bytes_2": 3276800000, "hits_total": 107518176, "cache_entries_total": 32767, "filter_ratio": 0.1, "hitrate_2": 20.01946875}