{"hitrate_1": 32.6500390625, "bytes_sram_total": 3023197760, "cache_ratio": 0.1, "cache_capacity_2": 15099392, "cache_entries_1": 13107, "bytes_sram_1": 1337345600, "hits_2": 13170720, "hits_1": 83584100, "accesses_total": 281600000, "bytes_1": 4096000000, "bytes_sram_2": 1685852160, "accesses_1": 256000000, "cache_capacity_1": 209712, "cache_capacity_total": 16777216, "cache_entries_2": 117964, "accesses_2": 25600000, "hitrate_total": 34.35895596590909, "bytes_total": 7372800000, "bytes_2": 3276800000, "hits_total": 96754820, "cache_entries_total": 131071, "filter_ratio": 0.1, "hitrate_2": 51.448125}