{"hitrate_1": 23.6228734375, "bytes_sram_total": 2594143168, "cache_ratio": 0.05, "cache_capacity_2": 11953664, "cache_entries_1": 4915, "bytes_sram_1": 967592896, "hits_2": 12707424, "hits_1": 60474556, "accesses_total": 281600000, "bytes_1": 4096000000, "bytes_sram_2": 1626550272, "accesses_1": 256000000, "cache_capacity_1": 78640, "cache_capacity_total": 12582912, "cache_entries_2": 93388, "accesses_2": 25600000, "hitrate_total": 25.987919034090908, "bytes_total": 7372800000, "bytes_2": 3276800000, "hits_total": 73181980, "cache_entries_total": 98303, "filter_ratio": 0.1, "hitrate_2": 49.638375}