{"hitrate_1": 8.1308375, "bytes_sram_total": 1863324160, "cache_ratio": 0.01, "cache_capacity_2": 8304640, "cache_entries_1": 655, "bytes_sram_1": 333039104, "hits_2": 11955352, "hits_1": 20814944, "accesses_total": 281600000, "bytes_1": 4096000000, "bytes_sram_2": 1530285056, "accesses_1": 256000000, "cache_capacity_1": 10480, "cache_capacity_total": 8388608, "cache_entries_2": 64880, "accesses_2": 25600000, "hitrate_total": 11.637178977272727, "bytes_total": 7372800000, "bytes_2": 3276800000, "hits_total": 32770296, "cache_entries_total": 65535, "filter_ratio": 0.1, "hitrate_2": 46.70059375}