{"hitrate_1": 27.64251875, "bytes_sram_total": 1374772480, "cache_ratio": 0.93, "cache_capacity_2": 73344, "cache_entries_1": 7618, "bytes_sram_1": 1132237568, "hits_2": 1894804, "hits_1": 70764848, "accesses_total": 281600000, "bytes_1": 4096000000, "bytes_sram_2": 242534912, "accesses_1": 256000000, "cache_capacity_1": 121888, "cache_capacity_total": 1048576, "cache_entries_2": 573, "accesses_2": 25600000, "hitrate_total": 25.802433238636365, "bytes_total": 7372800000, "bytes_2": 3276800000, "hits_total": 72659652, "cache_entries_total": 8191, "filter_ratio": 0.1, "hitrate_2": 7.401578125}