{"hitrate_1": 23.6228734375, "bytes_sram_total": 2392958912, "cache_ratio": 0.1, "cache_capacity_2": 5662208, "cache_entries_1": 4915, "bytes_sram_1": 967592896, "hits_2": 11135672, "hits_1": 60474556, "accesses_total": 281600000, "bytes_1": 4096000000, "bytes_sram_2": 1425366016, "accesses_1": 256000000, "cache_capacity_1": 78640, "cache_capacity_total": 6291456, "cache_entries_2": 44236, "accesses_2": 25600000, "hitrate_total": 25.429768465909092, "bytes_total": 7372800000, "bytes_2": 3276800000, "hits_total": 71610228, "cache_entries_total": 49151, "filter_ratio": 0.1, "hitrate_2": 43.49871875}