{"hitrate_1": 44.3379078125, "bytes_sram_total": 2032348992, "cache_ratio": 0.99, "cache_capacity_2": 62848, "cache_entries_1": 48660, "bytes_sram_1": 1816080704, "hits_2": 1689596, "hits_1": 113505044, "accesses_total": 281600000, "bytes_1": 4096000000, "bytes_sram_2": 216268288, "accesses_1": 256000000, "cache_capacity_1": 778560, "cache_capacity_total": 6291456, "cache_entries_2": 491, "accesses_2": 25600000, "hitrate_total": 40.9071875, "bytes_total": 7372800000, "bytes_2": 3276800000, "hits_total": 115194640, "cache_entries_total": 49151, "filter_ratio": 0.1, "hitrate_2": 6.599984375}