{"hitrate_1": 6.599590625, "bytes_sram_total": 1397934208, "cache_ratio": 0.03, "cache_capacity_2": 2034176, "cache_entries_1": 491, "bytes_sram_1": 270319232, "hits_2": 8809492, "hits_1": 16894952, "accesses_total": 281600000, "bytes_1": 4096000000, "bytes_sram_2": 1127614976, "accesses_1": 256000000, "cache_capacity_1": 7856, "cache_capacity_total": 2097152, "cache_entries_2": 15892, "accesses_2": 25600000, "hitrate_total": 9.127998579545455, "bytes_total": 7372800000, "bytes_2": 3276800000, "hits_total": 25704444, "cache_entries_total": 16383, "filter_ratio": 0.1, "hitrate_2": 34.412078125}