{"hitrate_1": 27.837903125, "bytes_sram_total": 1329145472, "cache_ratio": 0.95, "cache_capacity_2": 52352, "cache_entries_1": 7782, "bytes_sram_1": 1140240512, "hits_2": 1475820, "hits_1": 71265032, "accesses_total": 281600000, "bytes_1": 4096000000, "bytes_sram_2": 188904960, "accesses_1": 256000000, "cache_capacity_1": 124512, "cache_capacity_total": 1048576, "cache_entries_2": 409, "accesses_2": 25600000, "hitrate_total": 25.83126846590909, "bytes_total": 7372800000, "bytes_2": 3276800000, "hits_total": 72740852, "cache_entries_total": 8191, "filter_ratio": 0.1, "hitrate_2": 5.764921875}