{"hitrate_1": 26.2582796875, "bytes_sram_total": 2058574016, "cache_ratio": 0.4, "cache_capacity_2": 1258240, "cache_entries_1": 6553, "bytes_sram_1": 1075539136, "hits_2": 7679960, "hits_1": 67221196, "accesses_total": 281600000, "bytes_1": 4096000000, "bytes_sram_2": 983034880, "accesses_1": 256000000, "cache_capacity_1": 104848, "cache_capacity_total": 2097152, "cache_entries_2": 9830, "accesses_2": 25600000, "hitrate_total": 26.598421875, "bytes_total": 7372800000, "bytes_2": 3276800000, "hits_total": 74901156, "cache_entries_total": 16383, "filter_ratio": 0.1, "hitrate_2": 29.99984375}