{"hitrate_1": 39.997340625, "bytes_sram_total": 2829314176, "cache_ratio": 0.6, "cache_capacity_2": 2516480, "cache_entries_1": 29491, "bytes_sram_1": 1638291072, "hits_2": 9304868, "hits_1": 102393192, "accesses_total": 281600000, "bytes_1": 4096000000, "bytes_sram_2": 1191023104, "accesses_1": 256000000, "cache_capacity_1": 471856, "cache_capacity_total": 6291456, "cache_entries_2": 19660, "accesses_2": 25600000, "hitrate_total": 39.66550426136364, "bytes_total": 7372800000, "bytes_2": 3276800000, "hits_total": 111698060, "cache_entries_total": 49151, "filter_ratio": 0.1, "hitrate_2": 36.347140625}