{"hitrate_1": 33.7357171875, "bytes_sram_total": 1850901184, "cache_ratio": 0.9, "cache_capacity_2": 209664, "cache_entries_1": 14745, "bytes_sram_1": 1381814976, "hits_2": 3664736, "hits_1": 86363436, "accesses_total": 281600000, "bytes_1": 4096000000, "bytes_sram_2": 469086208, "accesses_1": 256000000, "cache_capacity_1": 235920, "cache_capacity_total": 2097152, "cache_entries_2": 1638, "accesses_2": 25600000, "hitrate_total": 31.97023153409091, "bytes_total": 7372800000, "bytes_2": 3276800000, "hits_total": 90028172, "cache_entries_total": 16383, "filter_ratio": 0.1, "hitrate_2": 14.315375}