{"hitrate_1": 42.5176875, "bytes_sram_total": 3016773632, "cache_ratio": 0.6, "cache_capacity_2": 3355392, "cache_entries_1": 39321, "bytes_sram_1": 1741524480, "hits_2": 9962884, "hits_1": 108845280, "accesses_total": 281600000, "bytes_1": 4096000000, "bytes_sram_2": 1275249152, "accesses_1": 256000000, "cache_capacity_1": 629136, "cache_capacity_total": 8388608, "cache_entries_2": 26214, "accesses_2": 25600000, "hitrate_total": 42.19039914772727, "bytes_total": 7372800000, "bytes_2": 3276800000, "hits_total": 118808164, "cache_entries_total": 65535, "filter_ratio": 0.1, "hitrate_2": 38.917515625}