{"hitrate_1": 46.045346875, "bytes_sram_total": 2714513280, "cache_ratio": 0.91, "cache_capacity_2": 754944, "cache_entries_1": 59637, "bytes_sram_1": 1886017408, "hits_2": 6472624, "hits_1": 117876088, "accesses_total": 281600000, "bytes_1": 4096000000, "bytes_sram_2": 828495872, "accesses_1": 256000000, "cache_capacity_1": 954192, "cache_capacity_total": 8388608, "cache_entries_2": 5898, "accesses_2": 25600000, "hitrate_total": 44.157923295454545, "bytes_total": 7372800000, "bytes_2": 3276800000, "hits_total": 124348712, "cache_entries_total": 65535, "filter_ratio": 0.1, "hitrate_2": 25.2836875}