{"hitrate_1": 25.0304296875, "bytes_sram_total": 1600967872, "cache_ratio": 0.7, "cache_capacity_2": 314496, "cache_entries_1": 5734, "bytes_sram_1": 1025246400, "hits_2": 4497824, "hits_1": 64077900, "accesses_total": 281600000, "bytes_1": 4096000000, "bytes_sram_2": 575721472, "accesses_1": 256000000, "cache_capacity_1": 91744, "cache_capacity_total": 1048576, "cache_entries_2": 2457, "accesses_2": 25600000, "hitrate_total": 24.35217471590909, "bytes_total": 7372800000, "bytes_2": 3276800000, "hits_total": 68575724, "cache_entries_total": 8191, "filter_ratio": 0.1, "hitrate_2": 17.569625}