{"hitrate_1": 36.3599578125, "bytes_sram_total": 2924358464, "cache_ratio": 0.3, "cache_capacity_2": 5872000, "cache_entries_1": 19660, "bytes_sram_1": 1489303872, "hits_2": 11211364, "hits_1": 93081492, "accesses_total": 281600000, "bytes_1": 4096000000, "bytes_sram_2": 1435054592, "accesses_1": 256000000, "cache_capacity_1": 314560, "cache_capacity_total": 8388608, "cache_entries_2": 45875, "accesses_2": 25600000, "hitrate_total": 37.03581534090909, "bytes_total": 7372800000, "bytes_2": 3276800000, "hits_total": 104292856, "cache_entries_total": 65535, "filter_ratio": 0.1, "hitrate_2": 43.794390625}