{"hitrate_1": 40.8451375, "bytes_sram_total": 1831261184, "cache_ratio": 0.99, "cache_capacity_2": 41856, "cache_entries_1": 32440, "bytes_sram_1": 1673016832, "hits_2": 1236284, "hits_1": 104563552, "accesses_total": 281600000, "bytes_1": 4096000000, "bytes_sram_2": 158244352, "accesses_1": 256000000, "cache_capacity_1": 519040, "cache_capacity_total": 4194304, "cache_entries_2": 327, "accesses_2": 25600000, "hitrate_total": 37.57096448863636, "bytes_total": 7372800000, "bytes_2": 3276800000, "hits_total": 105799836, "cache_entries_total": 32767, "filter_ratio": 0.1, "hitrate_2": 4.829234375}