{"hitrate_1": 43.80666875, "bytes_sram_total": 2464134400, "cache_ratio": 0.93, "cache_capacity_2": 440320, "cache_entries_1": 45711, "bytes_sram_1": 1794321152, "hits_2": 5232916, "hits_1": 112145072, "accesses_total": 281600000, "bytes_1": 4096000000, "bytes_sram_2": 669813248, "accesses_1": 256000000, "cache_capacity_1": 731376, "cache_capacity_total": 6291456, "cache_entries_2": 3440, "accesses_2": 25600000, "hitrate_total": 41.68252414772727, "bytes_total": 7372800000, "bytes_2": 3276800000, "hits_total": 117377988, "cache_entries_total": 49151, "filter_ratio": 0.1, "hitrate_2": 20.441078125}