{"hitrate_1": 43.9899640625, "bytes_sram_total": 2377550400, "cache_ratio": 0.95, "cache_capacity_2": 314496, "cache_entries_1": 46694, "bytes_sram_1": 1801828928, "hits_2": 4497824, "hits_1": 112614308, "accesses_total": 281600000, "bytes_1": 4096000000, "bytes_sram_2": 575721472, "accesses_1": 256000000, "cache_capacity_1": 747104, "cache_capacity_total": 6291456, "cache_entries_2": 2457, "accesses_2": 25600000, "hitrate_total": 41.58811505681818, "bytes_total": 7372800000, "bytes_2": 3276800000, "hits_total": 117112132, "cache_entries_total": 49151, "filter_ratio": 0.1, "hitrate_2": 17.569625}