{"hitrate_1": 38.9497734375, "bytes_sram_total": 3251372992, "cache_ratio": 0.2, "cache_capacity_2": 13421696, "cache_entries_1": 26214, "bytes_sram_1": 1595382720, "hits_2": 12937424, "hits_1": 99711420, "accesses_total": 281600000, "bytes_1": 4096000000, "bytes_sram_2": 1655990272, "accesses_1": 256000000, "cache_capacity_1": 419424, "cache_capacity_total": 16777216, "cache_entries_2": 104857, "accesses_2": 25600000, "hitrate_total": 40.003140625, "bytes_total": 7372800000, "bytes_2": 3276800000, "hits_total": 112648844, "cache_entries_total": 131071, "filter_ratio": 0.1, "hitrate_2": 50.5368125}