{"hitrate_1": 32.6500390625, "bytes_sram_total": 1993343552, "cache_ratio": 0.8, "cache_capacity_2": 419328, "cache_entries_1": 13107, "bytes_sram_1": 1337345600, "hits_2": 5124984, "hits_1": 83584100, "accesses_total": 281600000, "bytes_1": 4096000000, "bytes_sram_2": 655997952, "accesses_1": 256000000, "cache_capacity_1": 209712, "cache_capacity_total": 2097152, "cache_entries_2": 3276, "accesses_2": 25600000, "hitrate_total": 31.501805397727274, "bytes_total": 7372800000, "bytes_2": 3276800000, "hits_total": 88709084, "cache_entries_total": 16383, "filter_ratio": 0.1, "hitrate_2": 20.01946875}