{"hitrate_1": 45.954659375, "bytes_sram_total": 3274400128, "cache_ratio": 0.6, "cache_capacity_2": 5033088, "cache_entries_1": 58982, "bytes_sram_1": 1882302848, "hits_2": 10875760, "hits_1": 117643928, "accesses_total": 281600000, "bytes_1": 4096000000, "bytes_sram_2": 1392097280, "accesses_1": 256000000, "cache_capacity_1": 943712, "cache_capacity_total": 12582912, "cache_entries_2": 39321, "accesses_2": 25600000, "hitrate_total": 45.63909375, "bytes_total": 7372800000, "bytes_2": 3276800000, "hits_total": 128519688, "cache_entries_total": 98303, "filter_ratio": 0.1, "hitrate_2": 42.4834375}