{"hitrate_1": 26.2582796875, "bytes_sram_total": 2774587584, "cache_ratio": 0.05, "cache_capacity_2": 15938304, "cache_entries_1": 6553, "bytes_sram_1": 1075539136, "hits_2": 13273816, "hits_1": 67221196, "accesses_total": 281600000, "bytes_1": 4096000000, "bytes_sram_2": 1699048448, "accesses_1": 256000000, "cache_capacity_1": 104848, "cache_capacity_total": 16777216, "cache_entries_2": 124518, "accesses_2": 25600000, "hitrate_total": 28.584876420454545, "bytes_total": 7372800000, "bytes_2": 3276800000, "hits_total": 80495012, "cache_entries_total": 131071, "filter_ratio": 0.1, "hitrate_2": 51.85084375}