{"hitrate_1": 51.5066953125, "bytes_sram_total": 3180013376, "cache_ratio": 0.9, "cache_capacity_2": 1677696, "cache_entries_1": 117964, "bytes_sram_1": 2109714240, "hits_2": 8361712, "hits_1": 131857140, "accesses_total": 281600000, "bytes_1": 4096000000, "bytes_sram_2": 1070299136, "accesses_1": 256000000, "cache_capacity_1": 1887424, "cache_capacity_total": 16777216, "cache_entries_2": 13107, "accesses_2": 25600000, "hitrate_total": 49.793626420454544, "bytes_total": 7372800000, "bytes_2": 3276800000, "hits_total": 140218852, "cache_entries_total": 131071, "filter_ratio": 0.1, "hitrate_2": 32.6629375}