{"hitrate_1": 25.2884796875, "bytes_sram_total": 2543049408, "cache_ratio": 0.09, "cache_capacity_2": 7633536, "cache_entries_1": 5898, "bytes_sram_1": 1035816128, "hits_2": 11775260, "hits_1": 64738508, "accesses_total": 281600000, "bytes_1": 4096000000, "bytes_sram_2": 1507233280, "accesses_1": 256000000, "cache_capacity_1": 94368, "cache_capacity_total": 8388608, "cache_entries_2": 59637, "accesses_2": 25600000, "hitrate_total": 27.171082386363636, "bytes_total": 7372800000, "bytes_2": 3276800000, "hits_total": 76513768, "cache_entries_total": 65535, "filter_ratio": 0.1, "hitrate_2": 45.997109375}