{"hitrate_1": 15.749278125, "bytes_sram_total": 2169903744, "cache_ratio": 0.03, "cache_capacity_2": 8136832, "cache_entries_1": 1966, "bytes_sram_1": 645090432, "hits_2": 11912604, "hits_1": 40318152, "accesses_total": 281600000, "bytes_1": 4096000000, "bytes_sram_2": 1524813312, "accesses_1": 256000000, "cache_capacity_1": 31456, "cache_capacity_total": 8388608, "cache_entries_2": 63569, "accesses_2": 25600000, "hitrate_total": 18.547853693181818, "bytes_total": 7372800000, "bytes_2": 3276800000, "hits_total": 52230756, "cache_entries_total": 65535, "filter_ratio": 0.1, "hitrate_2": 46.533609375}