{"hitrate_1": 49.54405, "bytes_sram_total": 3421421568, "cache_ratio": 0.7, "cache_capacity_2": 5033088, "cache_entries_1": 91750, "bytes_sram_1": 2029324288, "hits_2": 10875760, "hits_1": 126832768, "accesses_total": 281600000, "bytes_1": 4096000000, "bytes_sram_2": 1392097280, "accesses_1": 256000000, "cache_capacity_1": 1468000, "cache_capacity_total": 16777216, "cache_entries_2": 39321, "accesses_2": 25600000, "hitrate_total": 48.902176136363636, "bytes_total": 7372800000, "bytes_2": 3276800000, "hits_total": 137708528, "cache_entries_total": 131071, "filter_ratio": 0.1, "hitrate_2": 42.4834375}