{"hitrate_1": 43.52920625, "bytes_sram_total": 2556973824, "cache_ratio": 0.9, "cache_capacity_2": 629120, "cache_entries_1": 44236, "bytes_sram_1": 1782956288, "hits_2": 6047012, "hits_1": 111434768, "accesses_total": 281600000, "bytes_1": 4096000000, "bytes_sram_2": 774017536, "accesses_1": 256000000, "cache_capacity_1": 707776, "cache_capacity_total": 6291456, "cache_entries_2": 4915, "accesses_2": 25600000, "hitrate_total": 41.719382102272725, "bytes_total": 7372800000, "bytes_2": 3276800000, "hits_total": 117481780, "cache_entries_total": 49151, "filter_ratio": 0.1, "hitrate_2": 23.621140625}