{"hitrate_1": 46.4017015625, "bytes_sram_total": 2556611648, "cache_ratio": 0.95, "cache_capacity_2": 419328, "cache_entries_1": 62259, "bytes_sram_1": 1900613696, "hits_2": 5124984, "hits_1": 118788356, "accesses_total": 281600000, "bytes_1": 4096000000, "bytes_sram_2": 655997952, "accesses_1": 256000000, "cache_capacity_1": 996144, "cache_capacity_total": 8388608, "cache_entries_2": 3276, "accesses_2": 25600000, "hitrate_total": 44.003316761363635, "bytes_total": 7372800000, "bytes_2": 3276800000, "hits_total": 123913340, "cache_entries_total": 65535, "filter_ratio": 0.1, "hitrate_2": 20.01946875}