{"hitrate_1": 49.84940625, "bytes_sram_total": 2668404480, "cache_ratio": 0.97, "cache_capacity_2": 377472, "cache_entries_1": 95354, "bytes_sram_1": 2041831680, "hits_2": 4895100, "hits_1": 127614480, "accesses_total": 281600000, "bytes_1": 4096000000, "bytes_sram_2": 626572800, "accesses_1": 256000000, "cache_capacity_1": 1525664, "cache_capacity_total": 12582912, "cache_entries_2": 2949, "accesses_2": 25600000, "hitrate_total": 47.05595880681818, "bytes_total": 7372800000, "bytes_2": 3276800000, "hits_total": 132509580, "cache_entries_total": 98303, "filter_ratio": 0.1, "hitrate_2": 19.121484375}