{"hitrate_1": 40.93488125, "bytes_sram_total": 1676692736, "cache_ratio": 1.0, "cache_capacity_2": 0, "cache_entries_1": 32768, "bytes_sram_1": 1676692736, "hits_2": 0, "hits_1": 104793296, "accesses_total": 281600000, "bytes_1": 4096000000, "bytes_sram_2": 0, "accesses_1": 256000000, "cache_capacity_1": 524288, "cache_capacity_total": 4194304, "cache_entries_2": 0, "accesses_2": 25600000, "hitrate_total": 37.21352840909091, "bytes_total": 7372800000, "bytes_2": 3276800000, "hits_total": 104793296, "cache_entries_total": 32768, "filter_ratio": 0.1, "hitrate_2": 0.0}