{"hitrate_1": 49.2563453125, "bytes_sram_total": 3000574784, "cache_ratio": 0.9, "cache_capacity_2": 1258240, "cache_entries_1": 88473, "bytes_sram_1": 2017539904, "hits_2": 7679960, "hits_1": 126096244, "accesses_total": 281600000, "bytes_1": 4096000000, "bytes_sram_2": 983034880, "accesses_1": 256000000, "cache_capacity_1": 1415568, "cache_capacity_total": 12582912, "cache_entries_2": 9830, "accesses_2": 25600000, "hitrate_total": 47.505754261363634, "bytes_total": 7372800000, "bytes_2": 3276800000, "hits_total": 133776204, "cache_entries_total": 98303, "filter_ratio": 0.1, "hitrate_2": 29.99984375}