{"hitrate_1": 29.356475, "bytes_sram_total": 2896407040, "cache_ratio": 0.07, "cache_capacity_2": 15602688, "cache_entries_1": 9175, "bytes_sram_1": 1202441216, "hits_2": 13234108, "hits_1": 75152576, "accesses_total": 281600000, "bytes_1": 4096000000, "bytes_sram_2": 1693965824, "accesses_1": 256000000, "cache_capacity_1": 146800, "cache_capacity_total": 16777216, "cache_entries_2": 121896, "accesses_2": 25600000, "hitrate_total": 31.387316761363635, "bytes_total": 7372800000, "bytes_2": 3276800000, "hits_total": 88386684, "cache_entries_total": 131071, "filter_ratio": 0.1, "hitrate_2": 51.695734375}