{"hitrate_1": 26.70596875, "bytes_sram_total": 2714789120, "cache_ratio": 0.07, "cache_capacity_2": 11702016, "cache_entries_1": 6881, "bytes_sram_1": 1093876480, "hits_2": 12663380, "hits_1": 68367280, "accesses_total": 281600000, "bytes_1": 4096000000, "bytes_sram_2": 1620912640, "accesses_1": 256000000, "cache_capacity_1": 110096, "cache_capacity_total": 12582912, "cache_entries_2": 91422, "accesses_2": 25600000, "hitrate_total": 28.775092329545455, "bytes_total": 7372800000, "bytes_2": 3276800000, "hits_total": 81030660, "cache_entries_total": 98303, "filter_ratio": 0.1, "hitrate_2": 49.466328125}