{"hitrate_1": 6.599590625, "bytes_sram_total": 1721626752, "cache_ratio": 0.01, "cache_capacity_2": 6228480, "cache_entries_1": 491, "bytes_sram_1": 270319232, "hits_2": 11338340, "hits_1": 16894952, "accesses_total": 281600000, "bytes_1": 4096000000, "bytes_sram_2": 1451307520, "accesses_1": 256000000, "cache_capacity_1": 7856, "cache_capacity_total": 6291456, "cache_entries_2": 48660, "accesses_2": 25600000, "hitrate_total": 10.026026988636364, "bytes_total": 7372800000, "bytes_2": 3276800000, "hits_total": 28233292, "cache_entries_total": 49151, "filter_ratio": 0.1, "hitrate_2": 44.290390625}