{"hitrate_1": 49.34281875, "bytes_sram_total": 2972391680, "cache_ratio": 0.91, "cache_capacity_2": 1132416, "cache_entries_1": 89456, "bytes_sram_1": 2021081856, "hits_2": 7432108, "hits_1": 126317616, "accesses_total": 281600000, "bytes_1": 4096000000, "bytes_sram_2": 951309824, "accesses_1": 256000000, "cache_capacity_1": 1431296, "cache_capacity_total": 12582912, "cache_entries_2": 8847, "accesses_2": 25600000, "hitrate_total": 47.49635085227273, "bytes_total": 7372800000, "bytes_2": 3276800000, "hits_total": 133749724, "cache_entries_total": 98303, "filter_ratio": 0.1, "hitrate_2": 29.031671875}