{"hitrate_1": 29.994425, "bytes_sram_total": 2089026048, "cache_ratio": 0.6, "cache_capacity_2": 838784, "cache_entries_1": 9830, "bytes_sram_1": 1228571648, "hits_2": 6722300, "hits_1": 76785728, "accesses_total": 281600000, "bytes_1": 4096000000, "bytes_sram_2": 860454400, "accesses_1": 256000000, "cache_capacity_1": 157280, "cache_capacity_total": 2097152, "cache_entries_2": 6553, "accesses_2": 25600000, "hitrate_total": 29.654839488636362, "bytes_total": 7372800000, "bytes_2": 3276800000, "hits_total": 83508028, "cache_entries_total": 16383, "filter_ratio": 0.1, "hitrate_2": 26.258984375}