{"hitrate_1": 4.826325, "bytes_sram_total": 1534930944, "cache_ratio": 0.01, "cache_capacity_2": 4152320, "cache_entries_1": 327, "bytes_sram_1": 197686272, "hits_2": 10447224, "hits_1": 12355392, "accesses_total": 281600000, "bytes_1": 4096000000, "bytes_sram_2": 1337244672, "accesses_1": 256000000, "cache_capacity_1": 5232, "cache_capacity_total": 4194304, "cache_entries_2": 32440, "accesses_2": 25600000, "hitrate_total": 8.097519886363637, "bytes_total": 7372800000, "bytes_2": 3276800000, "hits_total": 22802616, "cache_entries_total": 32767, "filter_ratio": 0.1, "hitrate_2": 40.80946875}