{"hitrate_1": 29.019809375, "bytes_sram_total": 2803983232, "cache_ratio": 0.09, "cache_capacity_2": 11450368, "cache_entries_1": 8847, "bytes_sram_1": 1188651392, "hits_2": 12619780, "hits_1": 74290712, "accesses_total": 281600000, "bytes_1": 4096000000, "bytes_sram_2": 1615331840, "accesses_1": 256000000, "cache_capacity_1": 141552, "cache_capacity_total": 12582912, "cache_entries_2": 89456, "accesses_2": 25600000, "hitrate_total": 30.863100852272726, "bytes_total": 7372800000, "bytes_2": 3276800000, "hits_total": 86910492, "cache_entries_total": 98303, "filter_ratio": 0.1, "hitrate_2": 49.296015625}