{"hitrate_1": 23.6228734375, "bytes_sram_total": 1623590848, "cache_ratio": 0.6, "cache_capacity_2": 419328, "cache_entries_1": 4915, "bytes_sram_1": 967592896, "hits_2": 5124984, "hits_1": 60474556, "accesses_total": 281600000, "bytes_1": 4096000000, "bytes_sram_2": 655997952, "accesses_1": 256000000, "cache_capacity_1": 78640, "cache_capacity_total": 1048576, "cache_entries_2": 3276, "accesses_2": 25600000, "hitrate_total": 23.295291193181818, "bytes_total": 7372800000, "bytes_2": 3276800000, "hits_total": 65599540, "cache_entries_total": 8191, "filter_ratio": 0.1, "hitrate_2": 20.01946875}