{"hitrate_1": 52.236215625, "bytes_sram_total": 2554030208, "cache_ratio": 0.99, "cache_capacity_2": 167680, "cache_entries_1": 129761, "bytes_sram_1": 2139595392, "hits_2": 3237772, "hits_1": 133724712, "accesses_total": 281600000, "bytes_1": 4096000000, "bytes_sram_2": 414434816, "accesses_1": 256000000, "cache_capacity_1": 2076176, "cache_capacity_total": 16777216, "cache_entries_2": 1310, "accesses_2": 25600000, "hitrate_total": 48.637245738636366, "bytes_total": 7372800000, "bytes_2": 3276800000, "hits_total": 136962484, "cache_entries_total": 131071, "filter_ratio": 0.1, "hitrate_2": 12.647546875}