{"hitrate_1": 36.3599578125, "bytes_sram_total": 2798949696, "cache_ratio": 0.4, "cache_capacity_2": 3774848, "cache_entries_1": 19660, "bytes_sram_1": 1489303872, "hits_2": 10231608, "hits_1": 93081492, "accesses_total": 281600000, "bytes_1": 4096000000, "bytes_sram_2": 1309645824, "accesses_1": 256000000, "cache_capacity_1": 314560, "cache_capacity_total": 6291456, "cache_entries_2": 29491, "accesses_2": 25600000, "hitrate_total": 36.687890625, "bytes_total": 7372800000, "bytes_2": 3276800000, "hits_total": 103313100, "cache_entries_total": 49151, "filter_ratio": 0.1, "hitrate_2": 39.96721875}