{"hitrate_1": 34.7024875, "bytes_sram_total": 1421413888, "cache_ratio": 1.0, "cache_capacity_2": 0, "cache_entries_1": 16384, "bytes_sram_1": 1421413888, "hits_2": 0, "hits_1": 88838368, "accesses_total": 281600000, "bytes_1": 4096000000, "bytes_sram_2": 0, "accesses_1": 256000000, "cache_capacity_1": 262144, "cache_capacity_total": 2097152, "cache_entries_2": 0, "accesses_2": 25600000, "hitrate_total": 31.547715909090908, "bytes_total": 7372800000, "bytes_2": 3276800000, "hits_total": 88838368, "cache_entries_total": 16384, "filter_ratio": 0.1, "hitrate_2": 0.0}