{"hitrate_1": 20.0287421875, "bytes_sram_total": 2339519680, "cache_ratio": 0.05, "cache_capacity_2": 7969152, "cache_entries_1": 3276, "bytes_sram_1": 820377280, "hits_2": 11868300, "hits_1": 51273580, "accesses_total": 281600000, "bytes_1": 4096000000, "bytes_sram_2": 1519142400, "accesses_1": 256000000, "cache_capacity_1": 52416, "cache_capacity_total": 8388608, "cache_entries_2": 62259, "accesses_2": 25600000, "hitrate_total": 22.422542613636363, "bytes_total": 7372800000, "bytes_2": 3276800000, "hits_total": 63141880, "cache_entries_total": 65535, "filter_ratio": 0.1, "hitrate_2": 46.360546875}