{"hitrate_1": 46.82821875, "bytes_sram_total": 1918083840, "cache_ratio": 1.0, "cache_capacity_2": 0, "cache_entries_1": 65536, "bytes_sram_1": 1918083840, "hits_2": 0, "hits_1": 119880240, "accesses_total": 281600000, "bytes_1": 4096000000, "bytes_sram_2": 0, "accesses_1": 256000000, "cache_capacity_1": 1048576, "cache_capacity_total": 8388608, "cache_entries_2": 0, "accesses_2": 25600000, "hitrate_total": 42.571107954545454, "bytes_total": 7372800000, "bytes_2": 3276800000, "hits_total": 119880240, "cache_entries_total": 65536, "filter_ratio": 0.1, "hitrate_2": 0.0}