{"hitrate_1": 11.6973453125, "bytes_sram_total": 1594495296, "cache_ratio": 0.07, "cache_capacity_2": 1950336, "cache_entries_1": 1146, "bytes_sram_1": 479123264, "hits_2": 8713844, "hits_1": 29945204, "accesses_total": 281600000, "bytes_1": 4096000000, "bytes_sram_2": 1115372032, "accesses_1": 256000000, "cache_capacity_1": 18336, "cache_capacity_total": 2097152, "cache_entries_2": 15237, "accesses_2": 25600000, "hitrate_total": 13.728355113636363, "bytes_total": 7372800000, "bytes_2": 3276800000, "hits_total": 38659048, "cache_entries_total": 16383, "filter_ratio": 0.1, "hitrate_2": 34.038453125}