{"hitrate_1": 31.678746875, "bytes_sram_total": 2986091392, "cache_ratio": 0.09, "cache_capacity_2": 15267200, "cache_entries_1": 11796, "bytes_sram_1": 1297561472, "hits_2": 13191640, "hits_1": 81097592, "accesses_total": 281600000, "bytes_1": 4096000000, "bytes_sram_2": 1688529920, "accesses_1": 256000000, "cache_capacity_1": 188736, "cache_capacity_total": 16777216, "cache_entries_2": 119275, "accesses_2": 25600000, "hitrate_total": 33.48339204545454, "bytes_total": 7372800000, "bytes_2": 3276800000, "hits_total": 94289232, "cache_entries_total": 131071, "filter_ratio": 0.1, "hitrate_2": 51.52984375}