{"hitrate_1": 42.5176875, "bytes_sram_total": 3363409920, "cache_ratio": 0.3, "cache_capacity_2": 11744000, "cache_entries_1": 39321, "bytes_sram_1": 1741524480, "hits_2": 12670980, "hits_1": 108845280, "accesses_total": 281600000, "bytes_1": 4096000000, "bytes_sram_2": 1621885440, "accesses_1": 256000000, "cache_capacity_1": 629136, "cache_capacity_total": 16777216, "cache_entries_2": 91750, "accesses_2": 25600000, "hitrate_total": 43.15208096590909, "bytes_total": 7372800000, "bytes_2": 3276800000, "hits_total": 121516260, "cache_entries_total": 131071, "filter_ratio": 0.1, "hitrate_2": 49.496015625}