{"hitrate_1": 21.9925140625, "bytes_sram_total": 1621068352, "cache_ratio": 0.5, "cache_capacity_2": 524288, "cache_entries_1": 4096, "bytes_sram_1": 900813376, "hits_2": 5626992, "hits_1": 56300836, "accesses_total": 281600000, "bytes_1": 4096000000, "bytes_sram_2": 720254976, "accesses_1": 256000000, "cache_capacity_1": 65536, "cache_capacity_total": 1048576, "cache_entries_2": 4096, "accesses_2": 25600000, "hitrate_total": 21.99141619318182, "bytes_total": 7372800000, "bytes_2": 3276800000, "hits_total": 61927828, "cache_entries_total": 8192, "filter_ratio": 0.1, "hitrate_2": 21.9804375}