{"hitrate_1": 9.4726484375, "bytes_sram_total": 1284318144, "cache_ratio": 0.1, "cache_capacity_2": 943616, "cache_entries_1": 819, "bytes_sram_1": 387999680, "hits_2": 7002488, "hits_1": 24249980, "accesses_total": 281600000, "bytes_1": 4096000000, "bytes_sram_2": 896318464, "accesses_1": 256000000, "cache_capacity_1": 13104, "cache_capacity_total": 1048576, "cache_entries_2": 7372, "accesses_2": 25600000, "hitrate_total": 11.098177556818182, "bytes_total": 7372800000, "bytes_2": 3276800000, "hits_total": 31252468, "cache_entries_total": 8191, "filter_ratio": 0.1, "hitrate_2": 27.35346875}