{"hitrate_1": 17.5746625, "bytes_sram_total": 2159774720, "cache_ratio": 0.05, "cache_capacity_2": 5976832, "cache_entries_1": 2457, "bytes_sram_1": 719858176, "hits_2": 11249348, "hits_1": 44991136, "accesses_total": 281600000, "bytes_1": 4096000000, "bytes_sram_2": 1439916544, "accesses_1": 256000000, "cache_capacity_1": 39312, "cache_capacity_total": 6291456, "cache_entries_2": 46694, "accesses_2": 25600000, "hitrate_total": 19.97176278409091, "bytes_total": 7372800000, "bytes_2": 3276800000, "hits_total": 56240484, "cache_entries_total": 49151, "filter_ratio": 0.1, "hitrate_2": 43.942765625}