{"hitrate_1": 20.0287421875, "bytes_sram_total": 1594394816, "cache_ratio": 0.4, "cache_capacity_2": 629120, "cache_entries_1": 3276, "bytes_sram_1": 820377280, "hits_2": 6047012, "hits_1": 51273580, "accesses_total": 281600000, "bytes_1": 4096000000, "bytes_sram_2": 774017536, "accesses_1": 256000000, "cache_capacity_1": 52416, "cache_capacity_total": 1048576, "cache_entries_2": 4915, "accesses_2": 25600000, "hitrate_total": 20.355323863636364, "bytes_total": 7372800000, "bytes_2": 3276800000, "hits_total": 57320592, "cache_entries_total": 8191, "filter_ratio": 0.1, "hitrate_2": 23.621140625}