{"hitrate_1": 29.994425, "bytes_sram_total": 2465079808, "cache_ratio": 0.3, "cache_capacity_2": 2935936, "cache_entries_1": 9830, "bytes_sram_1": 1228571648, "hits_2": 9660220, "hits_1": 76785728, "accesses_total": 281600000, "bytes_1": 4096000000, "bytes_sram_2": 1236508160, "accesses_1": 256000000, "cache_capacity_1": 157280, "cache_capacity_total": 4194304, "cache_entries_2": 22937, "accesses_2": 25600000, "hitrate_total": 30.698134943181817, "bytes_total": 7372800000, "bytes_2": 3276800000, "hits_total": 86445948, "cache_entries_total": 32767, "filter_ratio": 0.1, "hitrate_2": 37.735234375}