{"hitrate_1": 28.2163265625, "bytes_sram_total": 1202704448, "cache_ratio": 0.99, "cache_capacity_2": 10368, "cache_entries_1": 8110, "bytes_sram_1": 1155740736, "hits_2": 366904, "hits_1": 72233796, "accesses_total": 281600000, "bytes_1": 4096000000, "bytes_sram_2": 46963712, "accesses_1": 256000000, "cache_capacity_1": 129760, "cache_capacity_total": 1048576, "cache_entries_2": 81, "accesses_2": 25600000, "hitrate_total": 25.781498579545456, "bytes_total": 7372800000, "bytes_2": 3276800000, "hits_total": 72600700, "cache_entries_total": 8191, "filter_ratio": 0.1, "hitrate_2": 1.43321875}