{"hitrate_1": 29.994425, "bytes_sram_total": 2841018880, "cache_ratio": 0.1, "cache_capacity_2": 11324544, "cache_entries_1": 9830, "bytes_sram_1": 1228571648, "hits_2": 12597244, "hits_1": 76785728, "accesses_total": 281600000, "bytes_1": 4096000000, "bytes_sram_2": 1612447232, "accesses_1": 256000000, "cache_capacity_1": 157280, "cache_capacity_total": 12582912, "cache_entries_2": 88473, "accesses_2": 25600000, "hitrate_total": 31.74111221590909, "bytes_total": 7372800000, "bytes_2": 3276800000, "hits_total": 89382972, "cache_entries_total": 98303, "filter_ratio": 0.1, "hitrate_2": 49.207984375}