{"hitrate_1": 40.93488125, "bytes_sram_total": 3016777984, "cache_ratio": 0.5, "cache_capacity_2": 4194304, "cache_entries_1": 32768, "bytes_sram_1": 1676692736, "hits_2": 10469416, "hits_1": 104793296, "accesses_total": 281600000, "bytes_1": 4096000000, "bytes_sram_2": 1340085248, "accesses_1": 256000000, "cache_capacity_1": 524288, "cache_capacity_total": 8388608, "cache_entries_2": 32768, "accesses_2": 25600000, "hitrate_total": 40.931360795454545, "bytes_total": 7372800000, "bytes_2": 3276800000, "hits_total": 115262712, "cache_entries_total": 65536, "filter_ratio": 0.1, "hitrate_2": 40.89615625}