{"bytes_sram_1": 387999680, "cache_capacity_total": 1048576, "hitrate_2": 27.34171875, "hitrate_1": 9.4726484375, "hitrate_total": 13.0464625, "accesses_2": 64000000, "accesses_1": 256000000, "bytes_sram_2": 2239833600, "bytes_total": 12288000000, "cache_ratio": 0.1, "bytes_sram_total": 2627833280, "hits_1": 24249980, "cache_capacity_1": 13104, "cache_entries_2": 7372, "hits_2": 17498700, "bytes_1": 4096000000, "filter_ratio": 0.25, "accesses_total": 320000000, "cache_capacity_2": 943616, "bytes_2": 8192000000, "cache_entries_1": 819, "cache_entries_total": 8191, "hits_total": 41748680}