{"bytes_sram_1": 1402155328, "cache_capacity_total": 2097152, "hitrate_2": 9.4662625, "hitrate_1": 34.2323078125, "hitrate_total": 29.27909875, "accesses_2": 64000000, "accesses_1": 256000000, "bytes_sram_2": 775476224, "bytes_total": 12288000000, "cache_ratio": 0.95, "bytes_sram_total": 2177631552, "hits_1": 87634708, "cache_capacity_1": 249024, "cache_entries_2": 819, "hits_2": 6058408, "bytes_1": 4096000000, "filter_ratio": 0.25, "accesses_total": 320000000, "cache_capacity_2": 104832, "bytes_2": 8192000000, "cache_entries_1": 15564, "cache_entries_total": 16383, "hits_total": 93693116}