{"bytes_sram_1": 0, "cache_capacity_total": 1048576, "hitrate_2": 28.31263125, "hitrate_1": 0.0, "hitrate_total": 5.66252625, "accesses_2": 64000000, "accesses_1": 256000000, "bytes_sram_2": 2319370752, "bytes_total": 12288000000, "cache_ratio": 0.0, "bytes_sram_total": 2319370752, "hits_1": 0, "cache_capacity_1": 0, "cache_entries_2": 8192, "hits_2": 18120084, "bytes_1": 4096000000, "filter_ratio": 0.25, "accesses_total": 320000000, "cache_capacity_2": 1048576, "bytes_2": 8192000000, "cache_entries_1": 0, "cache_entries_total": 8192, "hits_total": 18120084}