{"bytes_sram_1": 1918083840, "cache_capacity_total": 8388608, "hitrate_2": 0.0, "hitrate_1": 46.82821875, "hitrate_total": 37.462575, "accesses_2": 64000000, "accesses_1": 256000000, "bytes_sram_2": 0, "bytes_total": 12288000000, "cache_ratio": 1.0, "bytes_sram_total": 1918083840, "hits_1": 119880240, "cache_capacity_1": 1048576, "cache_entries_2": 0, "hits_2": 0, "bytes_1": 4096000000, "filter_ratio": 0.25, "accesses_total": 320000000, "cache_capacity_2": 0, "bytes_2": 8192000000, "cache_entries_1": 65536, "cache_entries_total": 65536, "hits_total": 119880240}