{"bytes_sram_1": 1286969664, "cache_capacity_total": 2097152, "hitrate_2": 23.6191625, "hitrate_1": 31.4201578125, "hitrate_total": 29.85995875, "accesses_2": 64000000, "accesses_1": 256000000, "bytes_sram_2": 1934881792, "bytes_total": 12288000000, "cache_ratio": 0.7, "bytes_sram_total": 3221851456, "hits_1": 80435604, "cache_capacity_1": 183488, "cache_entries_2": 4915, "hits_2": 15116264, "bytes_1": 4096000000, "filter_ratio": 0.25, "accesses_total": 320000000, "cache_capacity_2": 629120, "bytes_2": 8192000000, "cache_entries_1": 11468, "cache_entries_total": 16383, "hits_total": 95551868}