{"bytes_sram_1": 1907669120, "cache_capacity_total": 8388608, "hitrate_2": 15.75039375, "hitrate_1": 46.573953125, "hitrate_total": 40.40924125, "accesses_2": 64000000, "accesses_1": 256000000, "bytes_sram_2": 1290272256, "bytes_total": 12288000000, "cache_ratio": 0.97, "bytes_sram_total": 3197941376, "hits_1": 119229320, "cache_capacity_1": 1017104, "cache_entries_2": 1966, "hits_2": 10080252, "bytes_1": 4096000000, "filter_ratio": 0.25, "accesses_total": 320000000, "cache_capacity_2": 251648, "bytes_2": 8192000000, "cache_entries_1": 63569, "cache_entries_total": 65535, "hits_total": 129309572}