{"bytes_sram_1": 1337345600, "cache_capacity_total": 4194304, "hitrate_2": 36.35860625, "hitrate_1": 32.6500390625, "hitrate_total": 33.3917525, "accesses_2": 64000000, "accesses_1": 256000000, "bytes_sram_2": 2978497024, "bytes_total": 12288000000, "cache_ratio": 0.4, "bytes_sram_total": 4315842624, "hits_1": 83584100, "cache_capacity_1": 209712, "cache_entries_2": 19660, "hits_2": 23269508, "bytes_1": 4096000000, "filter_ratio": 0.25, "accesses_total": 320000000, "cache_capacity_2": 2516480, "bytes_2": 8192000000, "cache_entries_1": 13107, "cache_entries_total": 32767, "hits_total": 106853608}