{"bytes_sram_1": 1188651392, "cache_capacity_total": 12582912, "hitrate_2": 49.31961875, "hitrate_1": 29.019809375, "hitrate_total": 33.07977125, "accesses_2": 64000000, "accesses_1": 256000000, "bytes_sram_2": 4040263168, "bytes_total": 12288000000, "cache_ratio": 0.09, "bytes_sram_total": 5228914560, "hits_1": 74290712, "cache_capacity_1": 141552, "cache_entries_2": 89456, "hits_2": 31564556, "bytes_1": 4096000000, "filter_ratio": 0.25, "accesses_total": 320000000, "cache_capacity_2": 11450368, "bytes_2": 8192000000, "cache_entries_1": 8847, "cache_entries_total": 98303, "hits_total": 105855268}