{"bytes_sram_1": 362318272, "cache_capacity_total": 1048576, "hitrate_2": 27.44130625, "hitrate_1": 8.8456609375, "hitrate_total": 12.56479, "accesses_2": 64000000, "accesses_1": 256000000, "bytes_sram_2": 2247991808, "bytes_total": 12288000000, "cache_ratio": 0.09, "bytes_sram_total": 2610310080, "hits_1": 22644892, "cache_capacity_1": 11792, "cache_entries_2": 7454, "hits_2": 17562436, "bytes_1": 4096000000, "filter_ratio": 0.25, "accesses_total": 320000000, "cache_capacity_2": 954112, "bytes_2": 8192000000, "cache_entries_1": 737, "cache_entries_total": 8191, "hits_total": 40207328}