{"bytes_sram_1": 2021081856, "cache_capacity_total": 12582912, "hitrate_2": 29.02228125, "hitrate_1": 49.34281875, "hitrate_total": 45.27871125, "accesses_2": 64000000, "accesses_1": 256000000, "bytes_sram_2": 2377505280, "bytes_total": 12288000000, "cache_ratio": 0.91, "bytes_sram_total": 4398587136, "hits_1": 126317616, "cache_capacity_1": 1431296, "cache_entries_2": 8847, "hits_2": 18574260, "bytes_1": 4096000000, "filter_ratio": 0.25, "accesses_total": 320000000, "cache_capacity_2": 1132416, "bytes_2": 8192000000, "cache_entries_1": 89456, "cache_entries_total": 98303, "hits_total": 144891876}