{"bytes_sram_1": 586352512, "cache_capacity_total": 4194304, "hitrate_2": 40.46900625, "hitrate_1": 14.315246875, "hitrate_total": 19.54599875, "accesses_2": 64000000, "accesses_1": 256000000, "bytes_sram_2": 3315220992, "bytes_total": 12288000000, "cache_ratio": 0.05, "bytes_sram_total": 3901573504, "hits_1": 36647032, "cache_capacity_1": 26208, "cache_entries_2": 31129, "hits_2": 25900164, "bytes_1": 4096000000, "filter_ratio": 0.25, "accesses_total": 320000000, "cache_capacity_2": 3984512, "bytes_2": 8192000000, "cache_entries_1": 1638, "cache_entries_total": 32767, "hits_total": 62547196}