{"bytes_sram_1": 1337345600, "cache_capacity_total": 16777216, "hitrate_2": 51.47876875, "hitrate_1": 32.6500390625, "hitrate_total": 36.415785, "accesses_2": 64000000, "accesses_1": 256000000, "bytes_sram_2": 4217140736, "bytes_total": 12288000000, "cache_ratio": 0.1, "bytes_sram_total": 5554486336, "hits_1": 83584100, "cache_capacity_1": 209712, "cache_entries_2": 117964, "hits_2": 32946412, "bytes_1": 4096000000, "filter_ratio": 0.25, "accesses_total": 320000000, "cache_capacity_2": 15099392, "bytes_2": 8192000000, "cache_entries_1": 13107, "cache_entries_total": 131071, "hits_total": 116530512}