{"bytes_sram_1": 1841920384, "cache_capacity_total": 16777216, "hitrate_2": 48.28341875, "hitrate_1": 44.968759375, "hitrate_total": 45.63169125, "accesses_2": 64000000, "accesses_1": 256000000, "bytes_sram_2": 3955377664, "bytes_total": 12288000000, "cache_ratio": 0.4, "bytes_sram_total": 5797298048, "hits_1": 115120024, "cache_capacity_1": 838848, "cache_entries_2": 78643, "hits_2": 30901388, "bytes_1": 4096000000, "filter_ratio": 0.25, "accesses_total": 320000000, "cache_capacity_2": 10066304, "bytes_2": 8192000000, "cache_entries_1": 52428, "cache_entries_total": 131071, "hits_total": 146021412}