{"bytes_sram_1": 235753792, "cache_capacity_total": 1048576, "hitrate_2": 27.8365875, "hitrate_1": 5.7557078125, "hitrate_total": 10.17188375, "accesses_2": 64000000, "accesses_1": 256000000, "bytes_sram_2": 2280373248, "bytes_total": 12288000000, "cache_ratio": 0.05, "bytes_sram_total": 2516127040, "hits_1": 14734612, "cache_capacity_1": 6544, "cache_entries_2": 7782, "hits_2": 17815416, "bytes_1": 4096000000, "filter_ratio": 0.25, "accesses_total": 320000000, "cache_capacity_2": 996096, "bytes_2": 8192000000, "cache_entries_1": 409, "cache_entries_total": 8191, "hits_total": 32550028}