{"bytes_sram_1": 479123264, "cache_capacity_total": 2097152, "hitrate_2": 34.03566875, "hitrate_1": 11.6973453125, "hitrate_total": 16.16501, "accesses_2": 64000000, "accesses_1": 256000000, "bytes_sram_2": 2788201984, "bytes_total": 12288000000, "cache_ratio": 0.07, "bytes_sram_total": 3267325248, "hits_1": 29945204, "cache_capacity_1": 18336, "cache_entries_2": 15237, "hits_2": 21782828, "bytes_1": 4096000000, "filter_ratio": 0.25, "accesses_total": 320000000, "cache_capacity_2": 1950336, "bytes_2": 8192000000, "cache_entries_1": 1146, "cache_entries_total": 16383, "hits_total": 51728032}