{"bytes_sram_1": 0, "cache_capacity_total": 6291456, "hitrate_2": 44.40646875, "hitrate_1": 0.0, "hitrate_total": 8.88129375, "accesses_2": 64000000, "accesses_1": 256000000, "bytes_sram_2": 3637777920, "bytes_total": 12288000000, "cache_ratio": 0.0, "bytes_sram_total": 3637777920, "hits_1": 0, "cache_capacity_1": 0, "cache_entries_2": 49152, "hits_2": 28420140, "bytes_1": 4096000000, "filter_ratio": 0.25, "accesses_total": 320000000, "cache_capacity_2": 6291456, "bytes_2": 8192000000, "cache_entries_1": 0, "cache_entries_total": 49152, "hits_total": 28420140}