{"bytes_sram_1": 553528384, "cache_capacity_total": 6291456, "hitrate_2": 44.1506375, "hitrate_1": 13.5138765625, "hitrate_total": 19.64122875, "accesses_2": 64000000, "accesses_1": 256000000, "bytes_sram_2": 3616820224, "bytes_total": 12288000000, "cache_ratio": 0.03, "bytes_sram_total": 4170348608, "hits_1": 34595524, "cache_capacity_1": 23584, "cache_entries_2": 47677, "hits_2": 28256408, "bytes_1": 4096000000, "filter_ratio": 0.25, "accesses_total": 320000000, "cache_capacity_2": 6102656, "bytes_2": 8192000000, "cache_entries_1": 1474, "cache_entries_total": 49151, "hits_total": 62851932}