{"bytes_sram_1": 942030272, "cache_capacity_total": 8388608, "hitrate_2": 46.20065, "hitrate_1": 22.9987859375, "hitrate_total": 27.63915875, "accesses_2": 64000000, "accesses_1": 256000000, "bytes_sram_2": 3784757248, "bytes_total": 12288000000, "cache_ratio": 0.07, "bytes_sram_total": 4726787520, "hits_1": 58876892, "cache_capacity_1": 73392, "cache_entries_2": 60948, "hits_2": 29568416, "bytes_1": 4096000000, "filter_ratio": 0.25, "accesses_total": 320000000, "cache_capacity_2": 7801344, "bytes_2": 8192000000, "cache_entries_1": 4587, "cache_entries_total": 65535, "hits_total": 88445308}