{"bytes_sram_1": 517867968, "cache_capacity_total": 16777216, "hitrate_2": 52.20418125, "hitrate_1": 12.6432609375, "hitrate_total": 20.555445, "accesses_2": 64000000, "accesses_1": 256000000, "bytes_sram_2": 4276566528, "bytes_total": 12288000000, "cache_ratio": 0.01, "bytes_sram_total": 4794434496, "hits_1": 32366748, "cache_capacity_1": 20960, "cache_entries_2": 129761, "hits_2": 33410676, "bytes_1": 4096000000, "filter_ratio": 0.25, "accesses_total": 320000000, "cache_capacity_2": 16609408, "bytes_2": 8192000000, "cache_entries_1": 1310, "cache_entries_total": 131071, "hits_total": 65777424}