{"bytes_sram_1": 1882302848, "cache_capacity_total": 12582912, "hitrate_2": 42.5071, "hitrate_1": 45.954659375, "hitrate_total": 45.2651475, "accesses_2": 64000000, "accesses_1": 256000000, "bytes_sram_2": 3482181632, "bytes_total": 12288000000, "cache_ratio": 0.6, "bytes_sram_total": 5364484480, "hits_1": 117643928, "cache_capacity_1": 943712, "cache_entries_2": 39321, "hits_2": 27204544, "bytes_1": 4096000000, "filter_ratio": 0.25, "accesses_total": 320000000, "cache_capacity_2": 5033088, "bytes_2": 8192000000, "cache_entries_1": 58982, "cache_entries_total": 98303, "hits_total": 144848472}