{"bytes_sram_1": 1202441216, "cache_capacity_total": 16777216, "hitrate_2": 51.7298375, "hitrate_1": 29.356475, "hitrate_total": 33.8311475, "accesses_2": 64000000, "accesses_1": 256000000, "bytes_sram_2": 4237708288, "bytes_total": 12288000000, "cache_ratio": 0.07, "bytes_sram_total": 5440149504, "hits_1": 75152576, "cache_capacity_1": 146800, "cache_entries_2": 121896, "hits_2": 33107096, "bytes_1": 4096000000, "filter_ratio": 0.25, "accesses_total": 320000000, "cache_capacity_2": 15602688, "bytes_2": 8192000000, "cache_entries_1": 9175, "cache_entries_total": 131071, "hits_total": 108259672}