{"bytes_sram_1": 1159697792, "cache_capacity_total": 1048576, "hitrate_2": 0.0, "hitrate_1": 28.312934375, "hitrate_total": 22.6503475, "accesses_2": 64000000, "accesses_1": 256000000, "bytes_sram_2": 0, "bytes_total": 12288000000, "cache_ratio": 1.0, "bytes_sram_total": 1159697792, "hits_1": 72481112, "cache_capacity_1": 131072, "cache_entries_2": 0, "hits_2": 0, "bytes_1": 4096000000, "filter_ratio": 0.25, "accesses_total": 320000000, "cache_capacity_2": 0, "bytes_2": 8192000000, "cache_entries_1": 8192, "cache_entries_total": 8192, "hits_total": 72481112}