{"bytes_sram_1": 2017539904, "cache_capacity_total": 12582912, "hitrate_2": 29.9923625, "hitrate_1": 49.2563453125, "hitrate_total": 45.40354875, "accesses_2": 64000000, "accesses_1": 256000000, "bytes_sram_2": 2456974336, "bytes_total": 12288000000, "cache_ratio": 0.9, "bytes_sram_total": 4474514240, "hits_1": 126096244, "cache_capacity_1": 1415568, "cache_entries_2": 9830, "hits_2": 19195112, "bytes_1": 4096000000, "filter_ratio": 0.25, "accesses_total": 320000000, "cache_capacity_2": 1258240, "bytes_2": 8192000000, "cache_entries_1": 88473, "cache_entries_total": 98303, "hits_total": 145291356}