{"bytes_sram_1": 156450048, "cache_capacity_total": 1048576, "hitrate_2": 28.0288125, "hitrate_1": 3.81958125, "hitrate_total": 8.6614275, "accesses_2": 64000000, "accesses_1": 256000000, "bytes_sram_2": 2296120320, "bytes_total": 12288000000, "cache_ratio": 0.03, "bytes_sram_total": 2452570368, "hits_1": 9778128, "cache_capacity_1": 3920, "cache_entries_2": 7946, "hits_2": 17938440, "bytes_1": 4096000000, "filter_ratio": 0.25, "accesses_total": 320000000, "cache_capacity_2": 1017088, "bytes_2": 8192000000, "cache_entries_1": 245, "cache_entries_total": 8191, "hits_total": 27716568}