{"bytes_sram_1": 1025246400, "cache_capacity_total": 1048576, "hitrate_2": 17.5694875, "hitrate_1": 25.0304296875, "hitrate_total": 23.53824125, "accesses_2": 64000000, "accesses_1": 256000000, "bytes_sram_2": 1439292416, "bytes_total": 12288000000, "cache_ratio": 0.7, "bytes_sram_total": 2464538816, "hits_1": 64077900, "cache_capacity_1": 91744, "cache_entries_2": 2457, "hits_2": 11244472, "bytes_1": 4096000000, "filter_ratio": 0.25, "accesses_total": 320000000, "cache_capacity_2": 314496, "bytes_2": 8192000000, "cache_entries_1": 5734, "cache_entries_total": 8191, "hits_total": 75322372}