{"bytes_sram_1": 719858176, "cache_capacity_total": 1048576, "hitrate_2": 25.02854375, "hitrate_1": 17.5746625, "hitrate_total": 19.06543875, "accesses_2": 64000000, "accesses_1": 256000000, "bytes_sram_2": 2050338304, "bytes_total": 12288000000, "cache_ratio": 0.3, "bytes_sram_total": 2770196480, "hits_1": 44991136, "cache_capacity_1": 39312, "cache_entries_2": 5734, "hits_2": 16018268, "bytes_1": 4096000000, "filter_ratio": 0.25, "accesses_total": 320000000, "cache_capacity_2": 733952, "bytes_2": 8192000000, "cache_entries_1": 2457, "cache_entries_total": 8191, "hits_total": 61009404}