{"bytes_sram_1": 1381814976, "cache_capacity_total": 2097152, "hitrate_2": 14.31416875, "hitrate_1": 33.7357171875, "hitrate_total": 29.8514075, "accesses_2": 64000000, "accesses_1": 256000000, "bytes_sram_2": 1172616704, "bytes_total": 12288000000, "cache_ratio": 0.9, "bytes_sram_total": 2554431680, "hits_1": 86363436, "cache_capacity_1": 235920, "cache_entries_2": 1638, "hits_2": 9161068, "bytes_1": 4096000000, "filter_ratio": 0.25, "accesses_total": 320000000, "cache_capacity_2": 209664, "bytes_2": 8192000000, "cache_entries_1": 14745, "cache_entries_total": 16383, "hits_total": 95524504}