{"bytes_sram_1": 1819634880, "cache_capacity_total": 6291456, "hitrate_2": 0.0, "hitrate_1": 44.4246796875, "hitrate_total": 35.53974375, "accesses_2": 64000000, "accesses_1": 256000000, "bytes_sram_2": 0, "bytes_total": 12288000000, "cache_ratio": 1.0, "bytes_sram_total": 1819634880, "hits_1": 113727180, "cache_capacity_1": 786432, "cache_entries_2": 0, "hits_2": 0, "bytes_1": 4096000000, "filter_ratio": 0.25, "accesses_total": 320000000, "cache_capacity_2": 0, "bytes_2": 8192000000, "cache_entries_1": 49152, "cache_entries_total": 49152, "hits_total": 113727180}