{"bytes_sram_1": 820377280, "cache_capacity_total": 2097152, "hitrate_2": 32.656125, "hitrate_1": 20.0287421875, "hitrate_total": 22.55421875, "accesses_2": 64000000, "accesses_1": 256000000, "bytes_sram_2": 2675189760, "bytes_total": 12288000000, "cache_ratio": 0.2, "bytes_sram_total": 3495567040, "hits_1": 51273580, "cache_capacity_1": 52416, "cache_entries_2": 13107, "hits_2": 20899920, "bytes_1": 4096000000, "filter_ratio": 0.25, "accesses_total": 320000000, "cache_capacity_2": 1677696, "bytes_2": 8192000000, "cache_entries_1": 3276, "cache_entries_total": 16383, "hits_total": 72173500}