{"bytes_sram_1": 2048330688, "cache_capacity_total": 12582912, "hitrate_2": 10.636325, "hitrate_1": 50.0080734375, "hitrate_total": 42.13372375, "accesses_2": 64000000, "accesses_1": 256000000, "bytes_sram_2": 871327744, "bytes_total": 12288000000, "cache_ratio": 0.99, "bytes_sram_total": 2919658432, "hits_1": 128020668, "cache_capacity_1": 1557120, "cache_entries_2": 983, "hits_2": 6807248, "bytes_1": 4096000000, "filter_ratio": 0.25, "accesses_total": 320000000, "cache_capacity_2": 125824, "bytes_2": 8192000000, "cache_entries_1": 97320, "cache_entries_total": 98303, "hits_total": 134827916}