{"bytes_sram_1": 1642316160, "cache_capacity_total": 4194304, "hitrate_2": 19.11148125, "hitrate_1": 40.095609375, "hitrate_total": 35.89878375, "accesses_2": 64000000, "accesses_1": 256000000, "bytes_sram_2": 1565612544, "bytes_total": 12288000000, "cache_ratio": 0.91, "bytes_sram_total": 3207928704, "hits_1": 102644760, "cache_capacity_1": 477088, "cache_entries_2": 2949, "hits_2": 12231348, "bytes_1": 4096000000, "filter_ratio": 0.25, "accesses_total": 320000000, "cache_capacity_2": 377472, "bytes_2": 8192000000, "cache_entries_1": 29818, "cache_entries_total": 32767, "hits_total": 114876108}