{"bytes_sram_1": 2109714240, "cache_capacity_total": 16777216, "hitrate_2": 32.656125, "hitrate_1": 51.5066953125, "hitrate_total": 47.73658125, "accesses_2": 64000000, "accesses_1": 256000000, "bytes_sram_2": 2675189760, "bytes_total": 12288000000, "cache_ratio": 0.9, "bytes_sram_total": 4784904000, "hits_1": 131857140, "cache_capacity_1": 1887424, "cache_entries_2": 13107, "hits_2": 20899920, "bytes_1": 4096000000, "filter_ratio": 0.25, "accesses_total": 320000000, "cache_capacity_2": 1677696, "bytes_2": 8192000000, "cache_entries_1": 117964, "cache_entries_total": 131071, "hits_total": 152757060}