{"bytes_sram_1": 1809054592, "cache_capacity_total": 6291456, "hitrate_2": 13.51953125, "hitrate_1": 44.166371875, "hitrate_total": 38.03700375, "accesses_2": 64000000, "accesses_1": 256000000, "bytes_sram_2": 1107520000, "bytes_total": 12288000000, "cache_ratio": 0.97, "bytes_sram_total": 2916574592, "hits_1": 113065912, "cache_capacity_1": 762832, "cache_entries_2": 1474, "hits_2": 8652500, "bytes_1": 4096000000, "filter_ratio": 0.25, "accesses_total": 320000000, "cache_capacity_2": 188672, "bytes_2": 8192000000, "cache_entries_1": 47677, "cache_entries_total": 49151, "hits_total": 121718412}