{"bytes_sram_1": 2139595392, "cache_capacity_total": 16777216, "hitrate_2": 12.64679375, "hitrate_1": 52.236215625, "hitrate_total": 44.31833125, "accesses_2": 64000000, "accesses_1": 256000000, "bytes_sram_2": 1036025344, "bytes_total": 12288000000, "cache_ratio": 0.99, "bytes_sram_total": 3175620736, "hits_1": 133724712, "cache_capacity_1": 2076176, "cache_entries_2": 1310, "hits_2": 8093948, "bytes_1": 4096000000, "filter_ratio": 0.25, "accesses_total": 320000000, "cache_capacity_2": 167680, "bytes_2": 8192000000, "cache_entries_1": 129761, "cache_entries_total": 131071, "hits_total": 141818660}