{"bytes_sram_1": 1421413888, "cache_capacity_total": 2097152, "hitrate_2": 0.0, "hitrate_1": 34.7024875, "hitrate_total": 27.76199, "accesses_2": 64000000, "accesses_1": 256000000, "bytes_sram_2": 0, "bytes_total": 12288000000, "cache_ratio": 1.0, "bytes_sram_total": 1421413888, "hits_1": 88838368, "cache_capacity_1": 262144, "cache_entries_2": 0, "hits_2": 0, "bytes_1": 4096000000, "filter_ratio": 0.25, "accesses_total": 320000000, "cache_capacity_2": 0, "bytes_2": 8192000000, "cache_entries_1": 16384, "cache_entries_total": 16384, "hits_total": 88838368}