{"bytes_sram_1": 2072400256, "cache_capacity_total": 16777216, "hitrate_2": 38.94019375, "hitrate_1": 50.595709375, "hitrate_total": 48.26460625, "accesses_2": 64000000, "accesses_1": 256000000, "bytes_sram_2": 3189980672, "bytes_total": 12288000000, "cache_ratio": 0.8, "bytes_sram_total": 5262380928, "hits_1": 129525016, "cache_capacity_1": 1677712, "cache_entries_2": 26214, "hits_2": 24921724, "bytes_1": 4096000000, "filter_ratio": 0.25, "accesses_total": 320000000, "cache_capacity_2": 3355392, "bytes_2": 8192000000, "cache_entries_1": 104857, "cache_entries_total": 131071, "hits_total": 154446740}