{"bytes_sram_1": 2113205440, "cache_capacity_total": 16777216, "hitrate_2": 31.68438125, "hitrate_1": 51.5919296875, "hitrate_total": 47.61042, "accesses_2": 64000000, "accesses_1": 256000000, "bytes_sram_2": 2595584512, "bytes_total": 12288000000, "cache_ratio": 0.91, "bytes_sram_total": 4708789952, "hits_1": 132075340, "cache_capacity_1": 1908400, "cache_entries_2": 11796, "hits_2": 20278004, "bytes_1": 4096000000, "filter_ratio": 0.25, "accesses_total": 320000000, "cache_capacity_2": 1509888, "bytes_2": 8192000000, "cache_entries_1": 119275, "cache_entries_total": 131071, "hits_total": 152353344}