{"bytes_sram_1": 1155740736, "cache_capacity_total": 1048576, "hitrate_2": 1.4358375, "hitrate_1": 28.2163265625, "hitrate_total": 22.86022875, "accesses_2": 64000000, "accesses_1": 256000000, "bytes_sram_2": 117623808, "bytes_total": 12288000000, "cache_ratio": 0.99, "bytes_sram_total": 1273364544, "hits_1": 72233796, "cache_capacity_1": 129760, "cache_entries_2": 81, "hits_2": 918936, "bytes_1": 4096000000, "filter_ratio": 0.25, "accesses_total": 320000000, "cache_capacity_2": 10368, "bytes_2": 8192000000, "cache_entries_1": 8110, "cache_entries_total": 8191, "hits_total": 73152732}