{"bytes_sram_1": 2028139008, "cache_capacity_total": 12582912, "hitrate_2": 26.70105625, "hitrate_1": 49.5151125, "hitrate_total": 44.95230125, "accesses_2": 64000000, "accesses_1": 256000000, "bytes_sram_2": 2187350528, "bytes_total": 12288000000, "cache_ratio": 0.93, "bytes_sram_total": 4215489536, "hits_1": 126758688, "cache_capacity_1": 1462752, "cache_entries_2": 6881, "hits_2": 17088676, "bytes_1": 4096000000, "filter_ratio": 0.25, "accesses_total": 320000000, "cache_capacity_2": 880768, "bytes_2": 8192000000, "cache_entries_1": 91422, "cache_entries_total": 98303, "hits_total": 143847364}