{"bytes_sram_1": 1819634880, "cache_capacity_total": 12582912, "hitrate_2": 44.40646875, "hitrate_1": 44.4246796875, "hitrate_total": 44.4210375, "accesses_2": 64000000, "accesses_1": 256000000, "bytes_sram_2": 3637777920, "bytes_total": 12288000000, "cache_ratio": 0.5, "bytes_sram_total": 5457412800, "hits_1": 113727180, "cache_capacity_1": 786432, "cache_entries_2": 49152, "hits_2": 28420140, "bytes_1": 4096000000, "filter_ratio": 0.25, "accesses_total": 320000000, "cache_capacity_2": 6291456, "bytes_2": 8192000000, "cache_entries_1": 49152, "cache_entries_total": 98304, "hits_total": 142147320}