{"bytes_sram_1": 270319232, "cache_capacity_total": 2097152, "hitrate_2": 34.4183375, "hitrate_1": 6.599590625, "hitrate_total": 12.16334, "accesses_2": 64000000, "accesses_1": 256000000, "bytes_sram_2": 2819550208, "bytes_total": 12288000000, "cache_ratio": 0.03, "bytes_sram_total": 3089869440, "hits_1": 16894952, "cache_capacity_1": 7856, "cache_entries_2": 15892, "hits_2": 22027736, "bytes_1": 4096000000, "filter_ratio": 0.25, "accesses_total": 320000000, "cache_capacity_2": 2034176, "bytes_2": 8192000000, "cache_entries_1": 491, "cache_entries_total": 16383, "hits_total": 38922688}