{"bytes_sram_1": 1694163136, "cache_capacity_total": 6291456, "hitrate_2": 33.73286875, "hitrate_1": 41.3614046875, "hitrate_total": 39.8356975, "accesses_2": 64000000, "accesses_1": 256000000, "bytes_sram_2": 2763396608, "bytes_total": 12288000000, "cache_ratio": 0.7, "bytes_sram_total": 4457559744, "hits_1": 105885196, "cache_capacity_1": 550496, "cache_entries_2": 14745, "hits_2": 21589036, "bytes_1": 4096000000, "filter_ratio": 0.25, "accesses_total": 320000000, "cache_capacity_2": 1887360, "bytes_2": 8192000000, "cache_entries_1": 34406, "cache_entries_total": 49151, "hits_total": 127474232}