{"bytes_sram_1": 1546345216, "cache_capacity_total": 4194304, "hitrate_2": 29.9923625, "hitrate_1": 37.75256875, "hitrate_total": 36.2005275, "accesses_2": 64000000, "accesses_1": 256000000, "bytes_sram_2": 2456974336, "bytes_total": 12288000000, "cache_ratio": 0.7, "bytes_sram_total": 4003319552, "hits_1": 96646576, "cache_capacity_1": 366992, "cache_entries_2": 9830, "hits_2": 19195112, "bytes_1": 4096000000, "filter_ratio": 0.25, "accesses_total": 320000000, "cache_capacity_2": 1258240, "bytes_2": 8192000000, "cache_entries_1": 22937, "cache_entries_total": 32767, "hits_total": 115841688}