{"bytes_sram_1": 586352512, "cache_capacity_total": 1048576, "hitrate_2": 26.2555, "hitrate_1": 14.315246875, "hitrate_total": 16.7032975, "accesses_2": 64000000, "accesses_1": 256000000, "bytes_sram_2": 2150850560, "bytes_total": 12288000000, "cache_ratio": 0.2, "bytes_sram_total": 2737203072, "hits_1": 36647032, "cache_capacity_1": 26208, "cache_entries_2": 6553, "hits_2": 16803520, "bytes_1": 4096000000, "filter_ratio": 0.25, "accesses_total": 320000000, "cache_capacity_2": 838784, "bytes_2": 8192000000, "cache_entries_1": 1638, "cache_entries_total": 8191, "hits_total": 53450552}