{"bytes_sram_1": 645090432, "cache_capacity_total": 8388608, "hitrate_2": 46.55215, "hitrate_1": 15.749278125, "hitrate_total": 21.9098525, "accesses_2": 64000000, "accesses_1": 256000000, "bytes_sram_2": 3813552128, "bytes_total": 12288000000, "cache_ratio": 0.03, "bytes_sram_total": 4458642560, "hits_1": 40318152, "cache_capacity_1": 31456, "cache_entries_2": 63569, "hits_2": 29793376, "bytes_1": 4096000000, "filter_ratio": 0.25, "accesses_total": 320000000, "cache_capacity_2": 8136832, "bytes_2": 8192000000, "cache_entries_1": 1966, "cache_entries_total": 65535, "hits_total": 70111528}