{"bytes_sram_1": 1124022912, "cache_capacity_total": 1048576, "hitrate_2": 8.8406125, "hitrate_1": 27.441965625, "hitrate_total": 23.721695, "accesses_2": 64000000, "accesses_1": 256000000, "bytes_sram_2": 724222976, "bytes_total": 12288000000, "cache_ratio": 0.91, "bytes_sram_total": 1848245888, "hits_1": 70251432, "cache_capacity_1": 119264, "cache_entries_2": 737, "hits_2": 5657992, "bytes_1": 4096000000, "filter_ratio": 0.25, "accesses_total": 320000000, "cache_capacity_2": 94336, "bytes_2": 8192000000, "cache_entries_1": 7454, "cache_entries_total": 8191, "hits_total": 75909424}