{"bytes_sram_1": 1893445824, "cache_capacity_total": 8388608, "hitrate_2": 22.9958875, "hitrate_1": 46.2267046875, "hitrate_total": 41.58054125, "accesses_2": 64000000, "accesses_1": 256000000, "bytes_sram_2": 1883823104, "bytes_total": 12288000000, "cache_ratio": 0.93, "bytes_sram_total": 3777268928, "hits_1": 118340364, "cache_capacity_1": 975168, "cache_entries_2": 4587, "hits_2": 14717368, "bytes_1": 4096000000, "filter_ratio": 0.25, "accesses_total": 320000000, "cache_capacity_2": 587136, "bytes_2": 8192000000, "cache_entries_1": 60948, "cache_entries_total": 65535, "hits_total": 133057732}