{"bytes_sram_1": 837741056, "cache_capacity_total": 6291456, "hitrate_2": 43.79186875, "hitrate_1": 20.4526625, "hitrate_total": 25.12050375, "accesses_2": 64000000, "accesses_1": 256000000, "bytes_sram_2": 3587429888, "bytes_total": 12288000000, "cache_ratio": 0.07, "bytes_sram_total": 4425170944, "hits_1": 52358816, "cache_capacity_1": 55040, "cache_entries_2": 45711, "hits_2": 28026796, "bytes_1": 4096000000, "filter_ratio": 0.25, "accesses_total": 320000000, "cache_capacity_2": 5851008, "bytes_2": 8192000000, "cache_entries_1": 3440, "cache_entries_total": 49151, "hits_total": 80385612}