{"bytes_sram_1": 1394234560, "cache_capacity_total": 2097152, "hitrate_2": 11.690625, "hitrate_1": 34.0389296875, "hitrate_total": 29.56926875, "accesses_2": 64000000, "accesses_1": 256000000, "bytes_sram_2": 957696000, "bytes_total": 12288000000, "cache_ratio": 0.93, "bytes_sram_total": 2351930560, "hits_1": 87139660, "cache_capacity_1": 243792, "cache_entries_2": 1146, "hits_2": 7482000, "bytes_1": 4096000000, "filter_ratio": 0.25, "accesses_total": 320000000, "cache_capacity_2": 146688, "bytes_2": 8192000000, "cache_entries_1": 15237, "cache_entries_total": 16383, "hits_total": 94621660}