{"bytes_sram_1": 719858176, "cache_capacity_total": 6291456, "hitrate_2": 43.97124375, "hitrate_1": 17.5746625, "hitrate_total": 22.85397875, "accesses_2": 64000000, "accesses_1": 256000000, "bytes_sram_2": 3602124288, "bytes_total": 12288000000, "cache_ratio": 0.05, "bytes_sram_total": 4321982464, "hits_1": 44991136, "cache_capacity_1": 39312, "cache_entries_2": 46694, "hits_2": 28141596, "bytes_1": 4096000000, "filter_ratio": 0.25, "accesses_total": 320000000, "cache_capacity_2": 5976832, "bytes_2": 8192000000, "cache_entries_1": 2457, "cache_entries_total": 49151, "hits_total": 73132732}