{"bytes_sram_1": 1075539136, "cache_capacity_total": 2097152, "hitrate_2": 29.9923625, "hitrate_1": 26.2582796875, "hitrate_total": 27.00509625, "accesses_2": 64000000, "accesses_1": 256000000, "bytes_sram_2": 2456974336, "bytes_total": 12288000000, "cache_ratio": 0.4, "bytes_sram_total": 3532513472, "hits_1": 67221196, "cache_capacity_1": 104848, "cache_entries_2": 9830, "hits_2": 19195112, "bytes_1": 4096000000, "filter_ratio": 0.25, "accesses_total": 320000000, "cache_capacity_2": 1258240, "bytes_2": 8192000000, "cache_entries_1": 6553, "cache_entries_total": 16383, "hits_total": 86416308}