{"bytes_sram_1": 197686272, "cache_capacity_total": 4194304, "hitrate_2": 40.8320125, "hitrate_1": 4.826325, "hitrate_total": 12.0274625, "accesses_2": 64000000, "accesses_1": 256000000, "bytes_sram_2": 3344958464, "bytes_total": 12288000000, "cache_ratio": 0.01, "bytes_sram_total": 3542644736, "hits_1": 12355392, "cache_capacity_1": 5232, "cache_entries_2": 32440, "hits_2": 26132488, "bytes_1": 4096000000, "filter_ratio": 0.25, "accesses_total": 320000000, "cache_capacity_2": 4152320, "bytes_2": 8192000000, "cache_entries_1": 327, "cache_entries_total": 32767, "hits_total": 38487880}