{"bytes_sram_1": 0, "cache_capacity_total": 2097152, "hitrate_2": 34.70009375, "hitrate_1": 0.0, "hitrate_total": 6.94001875, "accesses_2": 64000000, "accesses_1": 256000000, "bytes_sram_2": 2842631680, "bytes_total": 12288000000, "cache_ratio": 0.0, "bytes_sram_total": 2842631680, "hits_1": 0, "cache_capacity_1": 0, "cache_entries_2": 16384, "hits_2": 22208060, "bytes_1": 4096000000, "filter_ratio": 0.25, "accesses_total": 320000000, "cache_capacity_2": 2097152, "bytes_2": 8192000000, "cache_entries_1": 0, "cache_entries_total": 16384, "hits_total": 22208060}