{"bytes_sram_1": 1595382720, "cache_capacity_total": 8388608, "hitrate_2": 42.5071, "hitrate_1": 38.9497734375, "hitrate_total": 39.66123875, "accesses_2": 64000000, "accesses_1": 256000000, "bytes_sram_2": 3482181632, "bytes_total": 12288000000, "cache_ratio": 0.4, "bytes_sram_total": 5077564352, "hits_1": 99711420, "cache_capacity_1": 419424, "cache_entries_2": 39321, "hits_2": 27204544, "bytes_1": 4096000000, "filter_ratio": 0.25, "accesses_total": 320000000, "cache_capacity_2": 5033088, "bytes_2": 8192000000, "cache_entries_1": 26214, "cache_entries_total": 65535, "hits_total": 126915964}