{"bytes_sram_1": 1741524480, "cache_capacity_total": 8388608, "hitrate_2": 38.94019375, "hitrate_1": 42.5176875, "hitrate_total": 41.80218875, "accesses_2": 64000000, "accesses_1": 256000000, "bytes_sram_2": 3189980672, "bytes_total": 12288000000, "cache_ratio": 0.6, "bytes_sram_total": 4931505152, "hits_1": 108845280, "cache_capacity_1": 629136, "cache_entries_2": 26214, "hits_2": 24921724, "bytes_1": 4096000000, "filter_ratio": 0.25, "accesses_total": 320000000, "cache_capacity_2": 3355392, "bytes_2": 8192000000, "cache_entries_1": 39321, "cache_entries_total": 65535, "hits_total": 133767004}