{"bytes_sram_1": 1228571648, "cache_capacity_total": 12582912, "hitrate_2": 49.23168125, "hitrate_1": 29.994425, "hitrate_total": 33.84187625, "accesses_2": 64000000, "accesses_1": 256000000, "bytes_sram_2": 4033059328, "bytes_total": 12288000000, "cache_ratio": 0.1, "bytes_sram_total": 5261630976, "hits_1": 76785728, "cache_capacity_1": 157280, "cache_entries_2": 88473, "hits_2": 31508276, "bytes_1": 4096000000, "filter_ratio": 0.25, "accesses_total": 320000000, "cache_capacity_2": 11324544, "bytes_2": 8192000000, "cache_entries_1": 9830, "cache_entries_total": 98303, "hits_total": 108294004}