{"bytes_sram_1": 2120060288, "cache_capacity_total": 16777216, "hitrate_2": 29.3564375, "hitrate_1": 51.759284375, "hitrate_total": 47.278715, "accesses_2": 64000000, "accesses_1": 256000000, "bytes_sram_2": 2404879360, "bytes_total": 12288000000, "cache_ratio": 0.93, "bytes_sram_total": 4524939648, "hits_1": 132503768, "cache_capacity_1": 1950336, "cache_entries_2": 9175, "hits_2": 18788120, "bytes_1": 4096000000, "filter_ratio": 0.25, "accesses_total": 320000000, "cache_capacity_2": 1174400, "bytes_2": 8192000000, "cache_entries_1": 121896, "cache_entries_total": 131071, "hits_total": 151291888}