{"bytes_sram_1": 1741524480, "cache_capacity_total": 6291456, "hitrate_2": 29.9923625, "hitrate_1": 42.5176875, "hitrate_total": 40.0126225, "accesses_2": 64000000, "accesses_1": 256000000, "bytes_sram_2": 2456974336, "bytes_total": 12288000000, "cache_ratio": 0.8, "bytes_sram_total": 4198498816, "hits_1": 108845280, "cache_capacity_1": 629136, "cache_entries_2": 9830, "hits_2": 19195112, "bytes_1": 4096000000, "filter_ratio": 0.25, "accesses_total": 320000000, "cache_capacity_2": 1258240, "bytes_2": 8192000000, "cache_entries_1": 39321, "cache_entries_total": 49151, "hits_total": 128040392}