{"bytes_sram_1": 2126738368, "cache_capacity_total": 16777216, "hitrate_2": 26.2555, "hitrate_1": 51.9223234375, "hitrate_total": 46.78895875, "accesses_2": 64000000, "accesses_1": 256000000, "bytes_sram_2": 2150850560, "bytes_total": 12288000000, "cache_ratio": 0.95, "bytes_sram_total": 4277588928, "hits_1": 132921148, "cache_capacity_1": 1992288, "cache_entries_2": 6553, "hits_2": 16803520, "bytes_1": 4096000000, "filter_ratio": 0.25, "accesses_total": 320000000, "cache_capacity_2": 838784, "bytes_2": 8192000000, "cache_entries_1": 124518, "cache_entries_total": 131071, "hits_total": 149724668}