{"bytes_sram_1": 1816080704, "cache_capacity_total": 6291456, "hitrate_2": 6.5978375, "hitrate_1": 44.3379078125, "hitrate_total": 36.78989375, "accesses_2": 64000000, "accesses_1": 256000000, "bytes_sram_2": 540494848, "bytes_total": 12288000000, "cache_ratio": 0.99, "bytes_sram_total": 2356575552, "hits_1": 113505044, "cache_capacity_1": 778560, "cache_entries_2": 491, "hits_2": 4222616, "bytes_1": 4096000000, "filter_ratio": 0.25, "accesses_total": 320000000, "cache_capacity_2": 62848, "bytes_2": 8192000000, "cache_entries_1": 48660, "cache_entries_total": 49151, "hits_total": 117727660}