{"bytes_sram_1": 1075539136, "cache_capacity_total": 16777216, "hitrate_2": 51.89014375, "hitrate_1": 26.2582796875, "hitrate_total": 31.3846525, "accesses_2": 64000000, "accesses_1": 256000000, "bytes_sram_2": 4250840576, "bytes_total": 12288000000, "cache_ratio": 0.05, "bytes_sram_total": 5326379712, "hits_1": 67221196, "cache_capacity_1": 104848, "cache_entries_2": 124518, "hits_2": 33209692, "bytes_1": 4096000000, "filter_ratio": 0.25, "accesses_total": 320000000, "cache_capacity_2": 15938304, "bytes_2": 8192000000, "cache_entries_1": 6553, "cache_entries_total": 131071, "hits_total": 100430888}