{"bytes_sram_1": 1795566464, "cache_capacity_total": 8388608, "hitrate_2": 36.35860625, "hitrate_1": 43.837071875, "hitrate_total": 42.34137875, "accesses_2": 64000000, "accesses_1": 256000000, "bytes_sram_2": 2978497024, "bytes_total": 12288000000, "cache_ratio": 0.7, "bytes_sram_total": 4774063488, "hits_1": 112222904, "cache_capacity_1": 734000, "cache_entries_2": 19660, "hits_2": 23269508, "bytes_1": 4096000000, "filter_ratio": 0.25, "accesses_total": 320000000, "cache_capacity_2": 2516480, "bytes_2": 8192000000, "cache_entries_1": 45875, "cache_entries_total": 65535, "hits_total": 135492412}