{"bytes_sram_1": 1934420480, "cache_capacity_total": 12582912, "hitrate_2": 39.98529375, "hitrate_1": 47.2270625, "hitrate_total": 45.77870875, "accesses_2": 64000000, "accesses_1": 256000000, "bytes_sram_2": 3275595264, "bytes_total": 12288000000, "cache_ratio": 0.7, "bytes_sram_total": 5210015744, "hits_1": 120901280, "cache_capacity_1": 1100992, "cache_entries_2": 29491, "hits_2": 25590588, "bytes_1": 4096000000, "filter_ratio": 0.25, "accesses_total": 320000000, "cache_capacity_2": 3774848, "bytes_2": 8192000000, "cache_entries_1": 68812, "cache_entries_total": 98303, "hits_total": 146491868}