{"bytes_sram_1": 1595382720, "cache_capacity_total": 4194304, "hitrate_2": 26.2555, "hitrate_1": 38.9497734375, "hitrate_total": 36.41091875, "accesses_2": 64000000, "accesses_1": 256000000, "bytes_sram_2": 2150850560, "bytes_total": 12288000000, "cache_ratio": 0.8, "bytes_sram_total": 3746233280, "hits_1": 99711420, "cache_capacity_1": 419424, "cache_entries_2": 6553, "hits_2": 16803520, "bytes_1": 4096000000, "filter_ratio": 0.25, "accesses_total": 320000000, "cache_capacity_2": 838784, "bytes_2": 8192000000, "cache_entries_1": 26214, "cache_entries_total": 32767, "hits_total": 116514940}