{"bytes_sram_1": 1132237568, "cache_capacity_total": 1048576, "hitrate_2": 7.40189375, "hitrate_1": 27.64251875, "hitrate_total": 23.59439375, "accesses_2": 64000000, "accesses_1": 256000000, "bytes_sram_2": 606363136, "bytes_total": 12288000000, "cache_ratio": 0.93, "bytes_sram_total": 1738600704, "hits_1": 70764848, "cache_capacity_1": 121888, "cache_entries_2": 573, "hits_2": 4737212, "bytes_1": 4096000000, "filter_ratio": 0.25, "accesses_total": 320000000, "cache_capacity_2": 73344, "bytes_2": 8192000000, "cache_entries_1": 7618, "cache_entries_total": 8191, "hits_total": 75502060}