{"bytes_sram_1": 1119979264, "cache_capacity_total": 1048576, "hitrate_2": 9.4662625, "hitrate_1": 27.34324375, "hitrate_total": 23.7678475, "accesses_2": 64000000, "accesses_1": 256000000, "bytes_sram_2": 775476224, "bytes_total": 12288000000, "cache_ratio": 0.9, "bytes_sram_total": 1895455488, "hits_1": 69998704, "cache_capacity_1": 117952, "cache_entries_2": 819, "hits_2": 6058408, "bytes_1": 4096000000, "filter_ratio": 0.25, "accesses_total": 320000000, "cache_capacity_2": 104832, "bytes_2": 8192000000, "cache_entries_1": 7372, "cache_entries_total": 8191, "hits_total": 76057112}