{"bytes_sram_1": 1093876480, "cache_capacity_total": 12582912, "hitrate_2": 49.49248125, "hitrate_1": 26.70596875, "hitrate_total": 31.26327125, "accesses_2": 64000000, "accesses_1": 256000000, "bytes_sram_2": 4054424064, "bytes_total": 12288000000, "cache_ratio": 0.07, "bytes_sram_total": 5148300544, "hits_1": 68367280, "cache_capacity_1": 110096, "cache_entries_2": 91422, "hits_2": 31675188, "bytes_1": 4096000000, "filter_ratio": 0.25, "accesses_total": 320000000, "cache_capacity_2": 11702016, "bytes_2": 8192000000, "cache_entries_1": 6881, "cache_entries_total": 98303, "hits_total": 100042468}