{"bytes_sram_1": 1676692736, "cache_capacity_total": 8388608, "hitrate_2": 40.92171875, "hitrate_1": 40.93488125, "hitrate_total": 40.93224875, "accesses_2": 64000000, "accesses_1": 256000000, "bytes_sram_2": 3352307200, "bytes_total": 12288000000, "cache_ratio": 0.5, "bytes_sram_total": 5028999936, "hits_1": 104793296, "cache_capacity_1": 524288, "cache_entries_2": 32768, "hits_2": 26189900, "bytes_1": 4096000000, "filter_ratio": 0.25, "accesses_total": 320000000, "cache_capacity_2": 4194304, "bytes_2": 8192000000, "cache_entries_1": 32768, "cache_entries_total": 65536, "hits_total": 130983196}