{"bytes_sram_1": 1657988288, "cache_capacity_total": 4194304, "hitrate_2": 14.31416875, "hitrate_1": 40.4782296875, "hitrate_total": 35.2454175, "accesses_2": 64000000, "accesses_1": 256000000, "bytes_sram_2": 1172616704, "bytes_total": 12288000000, "cache_ratio": 0.95, "bytes_sram_total": 2830604992, "hits_1": 103624268, "cache_capacity_1": 498064, "cache_entries_2": 1638, "hits_2": 9161068, "bytes_1": 4096000000, "filter_ratio": 0.25, "accesses_total": 320000000, "cache_capacity_2": 209664, "bytes_2": 8192000000, "cache_entries_1": 31129, "cache_entries_total": 32767, "hits_total": 112785336}