{"bytes_sram_1": 967592896, "cache_capacity_total": 2097152, "hitrate_2": 31.4277875, "hitrate_1": 23.6228734375, "hitrate_total": 25.18385625, "accesses_2": 64000000, "accesses_1": 256000000, "bytes_sram_2": 2574564352, "bytes_total": 12288000000, "cache_ratio": 0.3, "bytes_sram_total": 3542157248, "hits_1": 60474556, "cache_capacity_1": 78640, "cache_entries_2": 11468, "hits_2": 20113784, "bytes_1": 4096000000, "filter_ratio": 0.25, "accesses_total": 320000000, "cache_capacity_2": 1467904, "bytes_2": 8192000000, "cache_entries_1": 4915, "cache_entries_total": 16383, "hits_total": 80588340}