{"bytes_sram_1": 1148007040, "cache_capacity_total": 1048576, "hitrate_2": 3.82755625, "hitrate_1": 28.027515625, "hitrate_total": 23.18752375, "accesses_2": 64000000, "accesses_1": 256000000, "bytes_sram_2": 313553408, "bytes_total": 12288000000, "cache_ratio": 0.97, "bytes_sram_total": 1461560448, "hits_1": 71750440, "cache_capacity_1": 127136, "cache_entries_2": 245, "hits_2": 2449636, "bytes_1": 4096000000, "filter_ratio": 0.25, "accesses_total": 320000000, "cache_capacity_2": 31360, "bytes_2": 8192000000, "cache_entries_1": 7946, "cache_entries_total": 8191, "hits_total": 74200076}