{"bytes_sram_1": 1650228224, "cache_capacity_total": 4194304, "hitrate_2": 17.00083125, "hitrate_1": 40.288775, "hitrate_total": 35.63118625, "accesses_2": 64000000, "accesses_1": 256000000, "bytes_sram_2": 1392708096, "bytes_total": 12288000000, "cache_ratio": 0.93, "bytes_sram_total": 3042936320, "hits_1": 103139264, "cache_capacity_1": 487584, "cache_entries_2": 2293, "hits_2": 10880532, "bytes_1": 4096000000, "filter_ratio": 0.25, "accesses_total": 320000000, "cache_capacity_2": 293504, "bytes_2": 8192000000, "cache_entries_1": 30474, "cache_entries_total": 32767, "hits_total": 114019796}