{"bytes_sram_1": 2041831680, "cache_capacity_total": 12582912, "hitrate_2": 19.11148125, "hitrate_1": 49.84940625, "hitrate_total": 43.70182125, "accesses_2": 64000000, "accesses_1": 256000000, "bytes_sram_2": 1565612544, "bytes_total": 12288000000, "cache_ratio": 0.97, "bytes_sram_total": 3607444224, "hits_1": 127614480, "cache_capacity_1": 1525664, "cache_entries_2": 2949, "hits_2": 12231348, "bytes_1": 4096000000, "filter_ratio": 0.25, "accesses_total": 320000000, "cache_capacity_2": 377472, "bytes_2": 8192000000, "cache_entries_1": 95354, "cache_entries_total": 98303, "hits_total": 139845828}