{"bytes_sram_1": 1886017408, "cache_capacity_total": 8388608, "hitrate_2": 25.28498125, "hitrate_1": 46.045346875, "hitrate_total": 41.89327375, "accesses_2": 64000000, "accesses_1": 256000000, "bytes_sram_2": 2071345664, "bytes_total": 12288000000, "cache_ratio": 0.91, "bytes_sram_total": 3957363072, "hits_1": 117876088, "cache_capacity_1": 954192, "cache_entries_2": 5898, "hits_2": 16182388, "bytes_1": 4096000000, "filter_ratio": 0.25, "accesses_total": 320000000, "cache_capacity_2": 754944, "bytes_2": 8192000000, "cache_entries_1": 59637, "cache_entries_total": 65535, "hits_total": 134058476}