{"bytes_sram_1": 1337345600, "cache_capacity_total": 2097152, "hitrate_2": 20.019025, "hitrate_1": 32.6500390625, "hitrate_total": 30.12383625, "accesses_2": 64000000, "accesses_1": 256000000, "bytes_sram_2": 1639958528, "bytes_total": 12288000000, "cache_ratio": 0.8, "bytes_sram_total": 2977304128, "hits_1": 83584100, "cache_capacity_1": 209712, "cache_entries_2": 3276, "hits_2": 12812176, "bytes_1": 4096000000, "filter_ratio": 0.25, "accesses_total": 320000000, "cache_capacity_2": 419328, "bytes_2": 8192000000, "cache_entries_1": 13107, "cache_entries_total": 16383, "hits_total": 96396276}