{"bytes_sram_1": 820377280, "cache_capacity_total": 4194304, "hitrate_2": 39.98529375, "hitrate_1": 20.0287421875, "hitrate_total": 24.0200525, "accesses_2": 64000000, "accesses_1": 256000000, "bytes_sram_2": 3275595264, "bytes_total": 12288000000, "cache_ratio": 0.1, "bytes_sram_total": 4095972544, "hits_1": 51273580, "cache_capacity_1": 52416, "cache_entries_2": 29491, "hits_2": 25590588, "bytes_1": 4096000000, "filter_ratio": 0.25, "accesses_total": 320000000, "cache_capacity_2": 3774848, "bytes_2": 8192000000, "cache_entries_1": 3276, "cache_entries_total": 32767, "hits_total": 76864168}