{"bytes_sram_1": 436078080, "cache_capacity_total": 4194304, "hitrate_2": 40.65319375, "hitrate_1": 10.6464375, "hitrate_total": 16.64778875, "accesses_2": 64000000, "accesses_1": 256000000, "bytes_sram_2": 3330309632, "bytes_total": 12288000000, "cache_ratio": 0.03, "bytes_sram_total": 3766387712, "hits_1": 27254880, "cache_capacity_1": 15728, "cache_entries_2": 31784, "hits_2": 26018044, "bytes_1": 4096000000, "filter_ratio": 0.25, "accesses_total": 320000000, "cache_capacity_2": 4068352, "bytes_2": 8192000000, "cache_entries_1": 983, "cache_entries_total": 32767, "hits_total": 53272924}