{"bytes_sram_1": 0, "cache_capacity_total": 12582912, "hitrate_2": 50.0577375, "hitrate_1": 0.0, "hitrate_total": 10.0115475, "accesses_2": 64000000, "accesses_1": 256000000, "bytes_sram_2": 4100729856, "bytes_total": 12288000000, "cache_ratio": 0.0, "bytes_sram_total": 4100729856, "hits_1": 0, "cache_capacity_1": 0, "cache_entries_2": 98304, "hits_2": 32036952, "bytes_1": 4096000000, "filter_ratio": 0.25, "accesses_total": 320000000, "cache_capacity_2": 12582912, "bytes_2": 8192000000, "cache_entries_1": 0, "cache_entries_total": 98304, "hits_total": 32036952}