{"bytes_sram_1": 1075539136, "cache_capacity_total": 8388608, "hitrate_2": 45.92794375, "hitrate_1": 26.2582796875, "hitrate_total": 30.1922125, "accesses_2": 64000000, "accesses_1": 256000000, "bytes_sram_2": 3762417152, "bytes_total": 12288000000, "cache_ratio": 0.1, "bytes_sram_total": 4837956288, "hits_1": 67221196, "cache_capacity_1": 104848, "cache_entries_2": 58982, "hits_2": 29393884, "bytes_1": 4096000000, "filter_ratio": 0.25, "accesses_total": 320000000, "cache_capacity_2": 7549696, "bytes_2": 8192000000, "cache_entries_1": 6553, "cache_entries_total": 65535, "hits_total": 96615080}