{"bytes_sram_1": 1978786240, "cache_capacity_total": 16777216, "hitrate_2": 44.945575, "hitrate_1": 48.3102109375, "hitrate_total": 47.63728375, "accesses_2": 64000000, "accesses_1": 256000000, "bytes_sram_2": 3681941504, "bytes_total": 12288000000, "cache_ratio": 0.6, "bytes_sram_total": 5660727744, "hits_1": 123674140, "cache_capacity_1": 1258288, "cache_entries_2": 52428, "hits_2": 28765168, "bytes_1": 4096000000, "filter_ratio": 0.25, "accesses_total": 320000000, "cache_capacity_2": 6710784, "bytes_2": 8192000000, "cache_entries_1": 78643, "cache_entries_total": 131071, "hits_total": 152439308}