{"bytes_sram_1": 1801828928, "cache_capacity_total": 6291456, "hitrate_2": 17.5694875, "hitrate_1": 43.9899640625, "hitrate_total": 38.70586875, "accesses_2": 64000000, "accesses_1": 256000000, "bytes_sram_2": 1439292416, "bytes_total": 12288000000, "cache_ratio": 0.95, "bytes_sram_total": 3241121344, "hits_1": 112614308, "cache_capacity_1": 747104, "cache_entries_2": 2457, "hits_2": 11244472, "bytes_1": 4096000000, "filter_ratio": 0.25, "accesses_total": 320000000, "cache_capacity_2": 314496, "bytes_2": 8192000000, "cache_entries_1": 46694, "cache_entries_total": 49151, "hits_total": 123858780}