{"bytes_sram_1": 436078080, "cache_capacity_total": 12582912, "hitrate_2": 49.97838125, "hitrate_1": 10.6464375, "hitrate_total": 18.51282625, "accesses_2": 64000000, "accesses_1": 256000000, "bytes_sram_2": 4094228992, "bytes_total": 12288000000, "cache_ratio": 0.01, "bytes_sram_total": 4530307072, "hits_1": 27254880, "cache_capacity_1": 15728, "cache_entries_2": 97320, "hits_2": 31986164, "bytes_1": 4096000000, "filter_ratio": 0.25, "accesses_total": 320000000, "cache_capacity_2": 12456960, "bytes_2": 8192000000, "cache_entries_1": 983, "cache_entries_total": 98303, "hits_total": 59241044}