{"bytes_sram_1": 1337345600, "cache_capacity_total": 8388608, "hitrate_2": 44.945575, "hitrate_1": 32.6500390625, "hitrate_total": 35.10914625, "accesses_2": 64000000, "accesses_1": 256000000, "bytes_sram_2": 3681941504, "bytes_total": 12288000000, "cache_ratio": 0.2, "bytes_sram_total": 5019287104, "hits_1": 83584100, "cache_capacity_1": 209712, "cache_entries_2": 52428, "hits_2": 28765168, "bytes_1": 4096000000, "filter_ratio": 0.25, "accesses_total": 320000000, "cache_capacity_2": 6710784, "bytes_2": 8192000000, "cache_entries_1": 13107, "cache_entries_total": 65535, "hits_total": 112349268}