{"bytes_sram_1": 1782956288, "cache_capacity_total": 6291456, "hitrate_2": 23.6191625, "hitrate_1": 43.52920625, "hitrate_total": 39.5471975, "accesses_2": 64000000, "accesses_1": 256000000, "bytes_sram_2": 1934881792, "bytes_total": 12288000000, "cache_ratio": 0.9, "bytes_sram_total": 3717838080, "hits_1": 111434768, "cache_capacity_1": 707776, "cache_entries_2": 4915, "hits_2": 15116264, "bytes_1": 4096000000, "filter_ratio": 0.25, "accesses_total": 320000000, "cache_capacity_2": 629120, "bytes_2": 8192000000, "cache_entries_1": 44236, "cache_entries_total": 49151, "hits_total": 126551032}