{"bytes_sram_1": 333039104, "cache_capacity_total": 8388608, "hitrate_2": 46.7238, "hitrate_1": 8.1308375, "hitrate_total": 15.84943, "accesses_2": 64000000, "accesses_1": 256000000, "bytes_sram_2": 3827613696, "bytes_total": 12288000000, "cache_ratio": 0.01, "bytes_sram_total": 4160652800, "hits_1": 20814944, "cache_capacity_1": 10480, "cache_entries_2": 64880, "hits_2": 29903232, "bytes_1": 4096000000, "filter_ratio": 0.25, "accesses_total": 320000000, "cache_capacity_2": 8304640, "bytes_2": 8192000000, "cache_entries_1": 655, "cache_entries_total": 65535, "hits_total": 50718176}