{"bytes_sram_1": 1638291072, "cache_capacity_total": 6291456, "hitrate_2": 36.35860625, "hitrate_1": 39.997340625, "hitrate_total": 39.26959375, "accesses_2": 64000000, "accesses_1": 256000000, "bytes_sram_2": 2978497024, "bytes_total": 12288000000, "cache_ratio": 0.6, "bytes_sram_total": 4616788096, "hits_1": 102393192, "cache_capacity_1": 471856, "cache_entries_2": 19660, "hits_2": 23269508, "bytes_1": 4096000000, "filter_ratio": 0.25, "accesses_total": 320000000, "cache_capacity_2": 2516480, "bytes_2": 8192000000, "cache_entries_1": 29491, "cache_entries_total": 49151, "hits_total": 125662700}