{"bytes_sram_1": 1638291072, "cache_capacity_total": 12582912, "hitrate_2": 47.1992875, "hitrate_1": 39.997340625, "hitrate_total": 41.43773, "accesses_2": 64000000, "accesses_1": 256000000, "bytes_sram_2": 3866565632, "bytes_total": 12288000000, "cache_ratio": 0.3, "bytes_sram_total": 5504856704, "hits_1": 102393192, "cache_capacity_1": 471856, "cache_entries_2": 68812, "hits_2": 30207544, "bytes_1": 4096000000, "filter_ratio": 0.25, "accesses_total": 320000000, "cache_capacity_2": 8807936, "bytes_2": 8192000000, "cache_entries_1": 29491, "cache_entries_total": 98303, "hits_total": 132600736}