{"bytes_sram_1": 967592896, "cache_capacity_total": 12582912, "hitrate_2": 49.66313125, "hitrate_1": 23.6228734375, "hitrate_total": 28.830925, "accesses_2": 64000000, "accesses_1": 256000000, "bytes_sram_2": 4068403712, "bytes_total": 12288000000, "cache_ratio": 0.05, "bytes_sram_total": 5035996608, "hits_1": 60474556, "cache_capacity_1": 78640, "cache_entries_2": 93388, "hits_2": 31784404, "bytes_1": 4096000000, "filter_ratio": 0.25, "accesses_total": 320000000, "cache_capacity_2": 11953664, "bytes_2": 8192000000, "cache_entries_1": 4915, "cache_entries_total": 98303, "hits_total": 92258960}