{"bytes_sram_1": 2029324288, "cache_capacity_total": 16777216, "hitrate_2": 42.5071, "hitrate_1": 49.54405, "hitrate_total": 48.13666, "accesses_2": 64000000, "accesses_1": 256000000, "bytes_sram_2": 3482181632, "bytes_total": 12288000000, "cache_ratio": 0.7, "bytes_sram_total": 5511505920, "hits_1": 126832768, "cache_capacity_1": 1468000, "cache_entries_2": 39321, "hits_2": 27204544, "bytes_1": 4096000000, "filter_ratio": 0.25, "accesses_total": 320000000, "cache_capacity_2": 5033088, "bytes_2": 8192000000, "cache_entries_1": 91750, "cache_entries_total": 131071, "hits_total": 154037312}