{"bytes_sram_1": 1035816128, "cache_capacity_total": 8388608, "hitrate_2": 46.0178375, "hitrate_1": 25.2884796875, "hitrate_total": 29.43435125, "accesses_2": 64000000, "accesses_1": 256000000, "bytes_sram_2": 3769781248, "bytes_total": 12288000000, "cache_ratio": 0.09, "bytes_sram_total": 4805597376, "hits_1": 64738508, "cache_capacity_1": 94368, "cache_entries_2": 59637, "hits_2": 29451416, "bytes_1": 4096000000, "filter_ratio": 0.25, "accesses_total": 320000000, "cache_capacity_2": 7633536, "bytes_2": 8192000000, "cache_entries_1": 5898, "cache_entries_total": 65535, "hits_total": 94189924}