{"bytes_sram_1": 1159697792, "cache_capacity_total": 2097152, "hitrate_2": 28.31263125, "hitrate_1": 28.312934375, "hitrate_total": 28.31287375, "accesses_2": 64000000, "accesses_1": 256000000, "bytes_sram_2": 2319370752, "bytes_total": 12288000000, "cache_ratio": 0.5, "bytes_sram_total": 3479068544, "hits_1": 72481112, "cache_capacity_1": 131072, "cache_entries_2": 8192, "hits_2": 18120084, "bytes_1": 4096000000, "filter_ratio": 0.25, "accesses_total": 320000000, "cache_capacity_2": 1048576, "bytes_2": 8192000000, "cache_entries_1": 8192, "cache_entries_total": 16384, "hits_total": 90601196}