{"bytes_sram_1": 270319232, "cache_capacity_total": 6291456, "hitrate_2": 44.3216125, "hitrate_1": 6.599590625, "hitrate_total": 14.143995, "accesses_2": 64000000, "accesses_1": 256000000, "bytes_sram_2": 3630826496, "bytes_total": 12288000000, "cache_ratio": 0.01, "bytes_sram_total": 3901145728, "hits_1": 16894952, "cache_capacity_1": 7856, "cache_entries_2": 48660, "hits_2": 28365832, "bytes_1": 4096000000, "filter_ratio": 0.25, "accesses_total": 320000000, "cache_capacity_2": 6228480, "bytes_2": 8192000000, "cache_entries_1": 491, "cache_entries_total": 49151, "hits_total": 45260784}