{"bytes_sram_1": 1665600384, "cache_capacity_total": 4194304, "hitrate_2": 10.636325, "hitrate_1": 40.664071875, "hitrate_total": 34.6585225, "accesses_2": 64000000, "accesses_1": 256000000, "bytes_sram_2": 871327744, "bytes_total": 12288000000, "cache_ratio": 0.97, "bytes_sram_total": 2536928128, "hits_1": 104100024, "cache_capacity_1": 508544, "cache_entries_2": 983, "hits_2": 6807248, "bytes_1": 4096000000, "filter_ratio": 0.25, "accesses_total": 320000000, "cache_capacity_2": 125824, "bytes_2": 8192000000, "cache_entries_1": 31784, "cache_entries_total": 32767, "hits_total": 110907272}