{"bytes_sram_1": 2035087040, "cache_capacity_total": 12582912, "hitrate_2": 23.6191625, "hitrate_1": 49.6847421875, "hitrate_total": 44.47162625, "accesses_2": 64000000, "accesses_1": 256000000, "bytes_sram_2": 1934881792, "bytes_total": 12288000000, "cache_ratio": 0.95, "bytes_sram_total": 3969968832, "hits_1": 127192940, "cache_capacity_1": 1494208, "cache_entries_2": 4915, "hits_2": 15116264, "bytes_1": 4096000000, "filter_ratio": 0.25, "accesses_total": 320000000, "cache_capacity_2": 629120, "bytes_2": 8192000000, "cache_entries_1": 93388, "cache_entries_total": 98303, "hits_total": 142309204}