{"bytes_sram_1": 0, "cache_capacity_total": 8388608, "hitrate_2": 46.80588125, "hitrate_1": 0.0, "hitrate_total": 9.36117625, "accesses_2": 64000000, "accesses_1": 256000000, "bytes_sram_2": 3834337792, "bytes_total": 12288000000, "cache_ratio": 0.0, "bytes_sram_total": 3834337792, "hits_1": 0, "cache_capacity_1": 0, "cache_entries_2": 65536, "hits_2": 29955764, "bytes_1": 4096000000, "filter_ratio": 0.25, "accesses_total": 320000000, "cache_capacity_2": 8388608, "bytes_2": 8192000000, "cache_entries_1": 0, "cache_entries_total": 65536, "hits_total": 29955764}