{"bytes_sram_1": 783107840, "cache_capacity_total": 12582912, "hitrate_2": 49.8209, "hitrate_1": 19.11884375, "hitrate_total": 25.259255, "accesses_2": 64000000, "accesses_1": 256000000, "bytes_sram_2": 4081328128, "bytes_total": 12288000000, "cache_ratio": 0.03, "bytes_sram_total": 4864435968, "hits_1": 48944240, "cache_capacity_1": 47184, "cache_entries_2": 95354, "hits_2": 31885376, "bytes_1": 4096000000, "filter_ratio": 0.25, "accesses_total": 320000000, "cache_capacity_2": 12205312, "bytes_2": 8192000000, "cache_entries_1": 2949, "cache_entries_total": 98303, "hits_total": 80829616}