{"bytes_sram_1": 1918083840, "cache_capacity_total": 16777216, "hitrate_2": 46.80588125, "hitrate_1": 46.82821875, "hitrate_total": 46.82375125, "accesses_2": 64000000, "accesses_1": 256000000, "bytes_sram_2": 3834337792, "bytes_total": 12288000000, "cache_ratio": 0.5, "bytes_sram_total": 5752421632, "hits_1": 119880240, "cache_capacity_1": 1048576, "cache_entries_2": 65536, "hits_2": 29955764, "bytes_1": 4096000000, "filter_ratio": 0.25, "accesses_total": 320000000, "cache_capacity_2": 8388608, "bytes_2": 8192000000, "cache_entries_1": 65536, "cache_entries_total": 131072, "hits_total": 149836004}