{"bytes_sram_1": 586352512, "cache_capacity_total": 2097152, "hitrate_2": 33.73286875, "hitrate_1": 14.315246875, "hitrate_total": 18.19877125, "accesses_2": 64000000, "accesses_1": 256000000, "bytes_sram_2": 2763396608, "bytes_total": 12288000000, "cache_ratio": 0.1, "bytes_sram_total": 3349749120, "hits_1": 36647032, "cache_capacity_1": 26208, "cache_entries_2": 14745, "hits_2": 21589036, "bytes_1": 4096000000, "filter_ratio": 0.25, "accesses_total": 320000000, "cache_capacity_2": 1887360, "bytes_2": 8192000000, "cache_entries_1": 1638, "cache_entries_total": 16383, "hits_total": 58236068}