{"bytes_sram_1": 1489303872, "cache_capacity_total": 4194304, "hitrate_2": 32.656125, "hitrate_1": 36.3599578125, "hitrate_total": 35.61919125, "accesses_2": 64000000, "accesses_1": 256000000, "bytes_sram_2": 2675189760, "bytes_total": 12288000000, "cache_ratio": 0.6, "bytes_sram_total": 4164493632, "hits_1": 93081492, "cache_capacity_1": 314560, "cache_entries_2": 13107, "hits_2": 20899920, "bytes_1": 4096000000, "filter_ratio": 0.25, "accesses_total": 320000000, "cache_capacity_2": 1677696, "bytes_2": 8192000000, "cache_entries_1": 19660, "cache_entries_total": 32767, "hits_total": 113981412}