{"bytes_sram_1": 1489303872, "cache_capacity_total": 8388608, "hitrate_2": 43.82040625, "hitrate_1": 36.3599578125, "hitrate_total": 37.8520475, "accesses_2": 64000000, "accesses_1": 256000000, "bytes_sram_2": 3589767680, "bytes_total": 12288000000, "cache_ratio": 0.3, "bytes_sram_total": 5079071552, "hits_1": 93081492, "cache_capacity_1": 314560, "cache_entries_2": 45875, "hits_2": 28045060, "bytes_1": 4096000000, "filter_ratio": 0.25, "accesses_total": 320000000, "cache_capacity_2": 5872000, "bytes_2": 8192000000, "cache_entries_1": 19660, "cache_entries_total": 65535, "hits_total": 121126552}