{"bytes_sram_1": 1882302848, "cache_capacity_total": 8388608, "hitrate_2": 26.2555, "hitrate_1": 45.954659375, "hitrate_total": 42.0148275, "accesses_2": 64000000, "accesses_1": 256000000, "bytes_sram_2": 2150850560, "bytes_total": 12288000000, "cache_ratio": 0.9, "bytes_sram_total": 4033153408, "hits_1": 117643928, "cache_capacity_1": 943712, "cache_entries_2": 6553, "hits_2": 16803520, "bytes_1": 4096000000, "filter_ratio": 0.25, "accesses_total": 320000000, "cache_capacity_2": 838784, "bytes_2": 8192000000, "cache_entries_1": 58982, "cache_entries_total": 65535, "hits_total": 134447448}