{"bytes_sram_1": 1075539136, "cache_capacity_total": 1048576, "hitrate_2": 14.31416875, "hitrate_1": 26.2582796875, "hitrate_total": 23.8694575, "accesses_2": 64000000, "accesses_1": 256000000, "bytes_sram_2": 1172616704, "bytes_total": 12288000000, "cache_ratio": 0.8, "bytes_sram_total": 2248155840, "hits_1": 67221196, "cache_capacity_1": 104848, "cache_entries_2": 1638, "hits_2": 9161068, "bytes_1": 4096000000, "filter_ratio": 0.25, "accesses_total": 320000000, "cache_capacity_2": 209664, "bytes_2": 8192000000, "cache_entries_1": 6553, "cache_entries_total": 8191, "hits_total": 76382264}