{"bytes_sram_1": 1075539136, "cache_capacity_total": 4194304, "hitrate_2": 38.94019375, "hitrate_1": 26.2582796875, "hitrate_total": 28.7946625, "accesses_2": 64000000, "accesses_1": 256000000, "bytes_sram_2": 3189980672, "bytes_total": 12288000000, "cache_ratio": 0.2, "bytes_sram_total": 4265519808, "hits_1": 67221196, "cache_capacity_1": 104848, "cache_entries_2": 26214, "hits_2": 24921724, "bytes_1": 4096000000, "filter_ratio": 0.25, "accesses_total": 320000000, "cache_capacity_2": 3355392, "bytes_2": 8192000000, "cache_entries_1": 6553, "cache_entries_total": 32767, "hits_total": 92142920}