{"bytes_sram_1": 110283904, "cache_capacity_total": 2097152, "hitrate_2": 34.607375, "hitrate_1": 2.692478125, "hitrate_total": 9.0754575, "accesses_2": 64000000, "accesses_1": 256000000, "bytes_sram_2": 2835036160, "bytes_total": 12288000000, "cache_ratio": 0.01, "bytes_sram_total": 2945320064, "hits_1": 6892744, "cache_capacity_1": 2608, "cache_entries_2": 16220, "hits_2": 22148720, "bytes_1": 4096000000, "filter_ratio": 0.25, "accesses_total": 320000000, "cache_capacity_2": 2076160, "bytes_2": 8192000000, "cache_entries_1": 163, "cache_entries_total": 16383, "hits_total": 29041464}