{"bytes_sram_1": 1228571648, "cache_capacity_total": 2097152, "hitrate_2": 26.2555, "hitrate_1": 29.994425, "hitrate_total": 29.24664, "accesses_2": 64000000, "accesses_1": 256000000, "bytes_sram_2": 2150850560, "bytes_total": 12288000000, "cache_ratio": 0.6, "bytes_sram_total": 3379422208, "hits_1": 76785728, "cache_capacity_1": 157280, "cache_entries_2": 6553, "hits_2": 16803520, "bytes_1": 4096000000, "filter_ratio": 0.25, "accesses_total": 320000000, "cache_capacity_2": 838784, "bytes_2": 8192000000, "cache_entries_1": 9830, "cache_entries_total": 16383, "hits_total": 93589248}