{"bytes_sram_1": 0, "cache_capacity_total": 16777216, "hitrate_2": 52.28063125, "hitrate_1": 0.0, "hitrate_total": 10.45612625, "accesses_2": 64000000, "accesses_1": 256000000, "bytes_sram_2": 4282829312, "bytes_total": 12288000000, "cache_ratio": 0.0, "bytes_sram_total": 4282829312, "hits_1": 0, "cache_capacity_1": 0, "cache_entries_2": 131072, "hits_2": 33459604, "bytes_1": 4096000000, "filter_ratio": 0.25, "accesses_total": 320000000, "cache_capacity_2": 16777216, "bytes_2": 8192000000, "cache_entries_1": 0, "cache_entries_total": 131072, "hits_total": 33459604}