{"bytes_sram_1": 58816256, "cache_capacity_total": 1048576, "hitrate_2": 28.2176625, "hitrate_1": 1.43594375, "hitrate_total": 6.7922875, "accesses_2": 64000000, "accesses_1": 256000000, "bytes_sram_2": 2311590912, "bytes_total": 12288000000, "cache_ratio": 0.01, "bytes_sram_total": 2370407168, "hits_1": 3676016, "cache_capacity_1": 1296, "cache_entries_2": 8110, "hits_2": 18059304, "bytes_1": 4096000000, "filter_ratio": 0.25, "accesses_total": 320000000, "cache_capacity_2": 1038080, "bytes_2": 8192000000, "cache_entries_1": 81, "cache_entries_total": 8191, "hits_total": 21735320}