{"bytes_sram_1": 1381814976, "cache_capacity_total": 6291456, "hitrate_2": 41.35065, "hitrate_1": 33.7357171875, "hitrate_total": 35.25870375, "accesses_2": 64000000, "accesses_1": 256000000, "bytes_sram_2": 3387445248, "bytes_total": 12288000000, "cache_ratio": 0.3, "bytes_sram_total": 4769260224, "hits_1": 86363436, "cache_capacity_1": 235920, "cache_entries_2": 34406, "hits_2": 26464416, "bytes_1": 4096000000, "filter_ratio": 0.25, "accesses_total": 320000000, "cache_capacity_2": 4403968, "bytes_2": 8192000000, "cache_entries_1": 14745, "cache_entries_total": 49151, "hits_total": 112827852}