{"bytes_sram_1": 967592896, "cache_capacity_total": 1048576, "hitrate_2": 20.019025, "hitrate_1": 23.6228734375, "hitrate_total": 22.90210375, "accesses_2": 64000000, "accesses_1": 256000000, "bytes_sram_2": 1639958528, "bytes_total": 12288000000, "cache_ratio": 0.6, "bytes_sram_total": 2607551424, "hits_1": 60474556, "cache_capacity_1": 78640, "cache_entries_2": 3276, "hits_2": 12812176, "bytes_1": 4096000000, "filter_ratio": 0.25, "accesses_total": 320000000, "cache_capacity_2": 419328, "bytes_2": 8192000000, "cache_entries_1": 4915, "cache_entries_total": 8191, "hits_total": 73286732}