{"bytes_sram_1": 1673016832, "cache_capacity_total": 4194304, "hitrate_2": 4.828075, "hitrate_1": 40.8451375, "hitrate_total": 33.641725, "accesses_2": 64000000, "accesses_1": 256000000, "bytes_sram_2": 395515904, "bytes_total": 12288000000, "cache_ratio": 0.99, "bytes_sram_total": 2068532736, "hits_1": 104563552, "cache_capacity_1": 519040, "cache_entries_2": 327, "hits_2": 3089968, "bytes_1": 4096000000, "filter_ratio": 0.25, "accesses_total": 320000000, "cache_capacity_2": 41856, "bytes_2": 8192000000, "cache_entries_1": 32440, "cache_entries_total": 32767, "hits_total": 107653520}