{"bytes_sram_1": 1489303872, "cache_capacity_total": 6291456, "hitrate_2": 39.98529375, "hitrate_1": 36.3599578125, "hitrate_total": 37.085025, "accesses_2": 64000000, "accesses_1": 256000000, "bytes_sram_2": 3275595264, "bytes_total": 12288000000, "cache_ratio": 0.4, "bytes_sram_total": 4764899136, "hits_1": 93081492, "cache_capacity_1": 314560, "cache_entries_2": 29491, "hits_2": 25590588, "bytes_1": 4096000000, "filter_ratio": 0.25, "accesses_total": 320000000, "cache_capacity_2": 3774848, "bytes_2": 8192000000, "cache_entries_1": 19660, "cache_entries_total": 49151, "hits_total": 118672080}