{"bytes_sram_1": 1386008448, "cache_capacity_total": 2097152, "hitrate_2": 13.51953125, "hitrate_1": 33.838096875, "hitrate_total": 29.77438375, "accesses_2": 64000000, "accesses_1": 256000000, "bytes_sram_2": 1107520000, "bytes_total": 12288000000, "cache_ratio": 0.91, "bytes_sram_total": 2493528448, "hits_1": 86625528, "cache_capacity_1": 238544, "cache_entries_2": 1474, "hits_2": 8652500, "bytes_1": 4096000000, "filter_ratio": 0.25, "accesses_total": 320000000, "cache_capacity_2": 188672, "bytes_2": 8192000000, "cache_entries_1": 14909, "cache_entries_total": 16383, "hits_total": 95278028}