{"bytes_sram_1": 783107840, "cache_capacity_total": 4194304, "hitrate_2": 40.083975, "hitrate_1": 19.11884375, "hitrate_total": 23.31187, "accesses_2": 64000000, "accesses_1": 256000000, "bytes_sram_2": 3283679232, "bytes_total": 12288000000, "cache_ratio": 0.09, "bytes_sram_total": 4066787072, "hits_1": 48944240, "cache_capacity_1": 47184, "cache_entries_2": 29818, "hits_2": 25653744, "bytes_1": 4096000000, "filter_ratio": 0.25, "accesses_total": 320000000, "cache_capacity_2": 3816704, "bytes_2": 8192000000, "cache_entries_1": 2949, "cache_entries_total": 32767, "hits_total": 74597984}