{"bytes_sram_1": 1297561472, "cache_capacity_total": 16777216, "hitrate_2": 51.564, "hitrate_1": 31.678746875, "hitrate_total": 35.6557975, "accesses_2": 64000000, "accesses_1": 256000000, "bytes_sram_2": 4224122880, "bytes_total": 12288000000, "cache_ratio": 0.09, "bytes_sram_total": 5521684352, "hits_1": 81097592, "cache_capacity_1": 188736, "cache_entries_2": 119275, "hits_2": 33000960, "bytes_1": 4096000000, "filter_ratio": 0.25, "accesses_total": 320000000, "cache_capacity_2": 15267200, "bytes_2": 8192000000, "cache_entries_1": 11796, "cache_entries_total": 131071, "hits_total": 114098552}