{"bytes_sram_1": 1741524480, "cache_capacity_total": 12582912, "hitrate_2": 45.92794375, "hitrate_1": 42.5176875, "hitrate_total": 43.19973875, "accesses_2": 64000000, "accesses_1": 256000000, "bytes_sram_2": 3762417152, "bytes_total": 12288000000, "cache_ratio": 0.4, "bytes_sram_total": 5503941632, "hits_1": 108845280, "cache_capacity_1": 629136, "cache_entries_2": 58982, "hits_2": 29393884, "bytes_1": 4096000000, "filter_ratio": 0.25, "accesses_total": 320000000, "cache_capacity_2": 7549696, "bytes_2": 8192000000, "cache_entries_1": 39321, "cache_entries_total": 98303, "hits_total": 138239164}