{"bytes_sram_1": 1571634816, "cache_capacity_total": 6291456, "hitrate_2": 38.366525, "hitrate_1": 38.369990625, "hitrate_total": 38.3692975, "accesses_2": 64000000, "accesses_1": 256000000, "bytes_sram_2": 3142985728, "bytes_total": 12288000000, "cache_ratio": 0.5, "bytes_sram_total": 4714620544, "hits_1": 98227176, "cache_capacity_1": 393216, "cache_entries_2": 24576, "hits_2": 24554576, "bytes_1": 4096000000, "filter_ratio": 0.25, "accesses_total": 320000000, "cache_capacity_2": 3145728, "bytes_2": 8192000000, "cache_entries_1": 24576, "cache_entries_total": 49152, "hits_total": 122781752}