{"bytes_sram_1": 696408768, "cache_capacity_total": 4194304, "hitrate_2": 40.278325, "hitrate_1": 17.0021671875, "hitrate_total": 21.65739875, "accesses_2": 64000000, "accesses_1": 256000000, "bytes_sram_2": 3299600384, "bytes_total": 12288000000, "cache_ratio": 0.07, "bytes_sram_total": 3996009152, "hits_1": 43525548, "cache_capacity_1": 36688, "cache_entries_2": 30474, "hits_2": 25778128, "bytes_1": 4096000000, "filter_ratio": 0.25, "accesses_total": 320000000, "cache_capacity_2": 3900672, "bytes_2": 8192000000, "cache_entries_1": 2293, "cache_entries_total": 32767, "hits_total": 69303676}