{"bytes_sram_1": 1140240512, "cache_capacity_total": 1048576, "hitrate_2": 5.76034375, "hitrate_1": 27.837903125, "hitrate_total": 23.42239125, "accesses_2": 64000000, "accesses_1": 256000000, "bytes_sram_2": 471887360, "bytes_total": 12288000000, "cache_ratio": 0.95, "bytes_sram_total": 1612127872, "hits_1": 71265032, "cache_capacity_1": 124512, "cache_entries_2": 409, "hits_2": 3686620, "bytes_1": 4096000000, "filter_ratio": 0.25, "accesses_total": 320000000, "cache_capacity_2": 52352, "bytes_2": 8192000000, "cache_entries_1": 7782, "cache_entries_total": 8191, "hits_total": 74951652}