{"bytes_sram_1": 387999680, "cache_capacity_total": 2097152, "hitrate_2": 34.2279125, "hitrate_1": 9.4726484375, "hitrate_total": 14.42370125, "accesses_2": 64000000, "accesses_1": 256000000, "bytes_sram_2": 2803950592, "bytes_total": 12288000000, "cache_ratio": 0.05, "bytes_sram_total": 3191950272, "hits_1": 24249980, "cache_capacity_1": 13104, "cache_entries_2": 15564, "hits_2": 21905864, "bytes_1": 4096000000, "filter_ratio": 0.25, "accesses_total": 320000000, "cache_capacity_2": 1992192, "bytes_2": 8192000000, "cache_entries_1": 819, "cache_entries_total": 16383, "hits_total": 46155844}