{"bytes_sram_1": 1595382720, "cache_capacity_total": 16777216, "hitrate_2": 50.56778125, "hitrate_1": 38.9497734375, "hitrate_total": 41.273375, "accesses_2": 64000000, "accesses_1": 256000000, "bytes_sram_2": 4142512640, "bytes_total": 12288000000, "cache_ratio": 0.2, "bytes_sram_total": 5737895360, "hits_1": 99711420, "cache_capacity_1": 419424, "cache_entries_2": 104857, "hits_2": 32363380, "bytes_1": 4096000000, "filter_ratio": 0.25, "accesses_total": 320000000, "cache_capacity_2": 13421696, "bytes_2": 8192000000, "cache_entries_1": 26214, "cache_entries_total": 131071, "hits_total": 132074800}