{"bytes_sram_1": 885879424, "cache_capacity_total": 16777216, "hitrate_2": 52.04828125, "hitrate_1": 21.627915625, "hitrate_total": 27.71198875, "accesses_2": 64000000, "accesses_1": 256000000, "bytes_sram_2": 4263795200, "bytes_total": 12288000000, "cache_ratio": 0.03, "bytes_sram_total": 5149674624, "hits_1": 55367464, "cache_capacity_1": 62912, "cache_entries_2": 127139, "hits_2": 33310900, "bytes_1": 4096000000, "filter_ratio": 0.25, "accesses_total": 320000000, "cache_capacity_2": 16273792, "bytes_2": 8192000000, "cache_entries_1": 3932, "cache_entries_total": 131071, "hits_total": 88678364}