{"bytes_sram_1": 1676692736, "cache_capacity_total": 4194304, "hitrate_2": 0.0, "hitrate_1": 40.93488125, "hitrate_total": 32.747905, "accesses_2": 64000000, "accesses_1": 256000000, "bytes_sram_2": 0, "bytes_total": 12288000000, "cache_ratio": 1.0, "bytes_sram_total": 1676692736, "hits_1": 104793296, "cache_capacity_1": 524288, "cache_entries_2": 0, "hits_2": 0, "bytes_1": 4096000000, "filter_ratio": 0.25, "accesses_total": 320000000, "cache_capacity_2": 0, "bytes_2": 8192000000, "cache_entries_1": 32768, "cache_entries_total": 32768, "hits_total": 104793296}