{"bytes_sram_1": 820377280, "cache_capacity_total": 8388608, "hitrate_2": 46.377275, "hitrate_1": 20.0287421875, "hitrate_total": 25.29844875, "accesses_2": 64000000, "accesses_1": 256000000, "bytes_sram_2": 3799226368, "bytes_total": 12288000000, "cache_ratio": 0.05, "bytes_sram_total": 4619603648, "hits_1": 51273580, "cache_capacity_1": 52416, "cache_entries_2": 62259, "hits_2": 29681456, "bytes_1": 4096000000, "filter_ratio": 0.25, "accesses_total": 320000000, "cache_capacity_2": 7969152, "bytes_2": 8192000000, "cache_entries_1": 3276, "cache_entries_total": 65535, "hits_total": 80955036}