{"bytes_sram_1": 1841920384, "cache_capacity_total": 8388608, "hitrate_2": 32.656125, "hitrate_1": 44.968759375, "hitrate_total": 42.5062325, "accesses_2": 64000000, "accesses_1": 256000000, "bytes_sram_2": 2675189760, "bytes_total": 12288000000, "cache_ratio": 0.8, "bytes_sram_total": 4517110144, "hits_1": 115120024, "cache_capacity_1": 838848, "cache_entries_2": 13107, "hits_2": 20899920, "bytes_1": 4096000000, "filter_ratio": 0.25, "accesses_total": 320000000, "cache_capacity_2": 1677696, "bytes_2": 8192000000, "cache_entries_1": 52428, "cache_entries_total": 65535, "hits_total": 136019944}