{"bytes_sram_1": 1914687744, "cache_capacity_total": 8388608, "hitrate_2": 8.12481875, "hitrate_1": 46.74530625, "hitrate_total": 39.02120875, "accesses_2": 64000000, "accesses_1": 256000000, "bytes_sram_2": 665585152, "bytes_total": 12288000000, "cache_ratio": 0.99, "bytes_sram_total": 2580272896, "hits_1": 119667984, "cache_capacity_1": 1038080, "cache_entries_2": 655, "hits_2": 5199884, "bytes_1": 4096000000, "filter_ratio": 0.25, "accesses_total": 320000000, "cache_capacity_2": 83840, "bytes_2": 8192000000, "cache_entries_1": 64880, "cache_entries_total": 65535, "hits_total": 124867868}