{"bytes_sram_1": 928563904, "cache_capacity_total": 6291456, "hitrate_2": 43.6097125, "hitrate_1": 22.6700171875, "hitrate_total": 26.85795625, "accesses_2": 64000000, "accesses_1": 256000000, "bytes_sram_2": 3572507648, "bytes_total": 12288000000, "cache_ratio": 0.09, "bytes_sram_total": 4501071552, "hits_1": 58035244, "cache_capacity_1": 70768, "cache_entries_2": 44728, "hits_2": 27910216, "bytes_1": 4096000000, "filter_ratio": 0.25, "accesses_total": 320000000, "cache_capacity_2": 5725184, "bytes_2": 8192000000, "cache_entries_1": 4423, "cache_entries_total": 49151, "hits_total": 85945460}