{"bytes_sram_1": 553528384, "cache_capacity_total": 2097152, "hitrate_2": 33.83373125, "hitrate_1": 13.5138765625, "hitrate_total": 17.5778475, "accesses_2": 64000000, "accesses_1": 256000000, "bytes_sram_2": 2771659264, "bytes_total": 12288000000, "cache_ratio": 0.09, "bytes_sram_total": 3325187648, "hits_1": 34595524, "cache_capacity_1": 23584, "cache_entries_2": 14909, "hits_2": 21653588, "bytes_1": 4096000000, "filter_ratio": 0.25, "accesses_total": 320000000, "cache_capacity_2": 1908352, "bytes_2": 8192000000, "cache_entries_1": 1474, "cache_entries_total": 16383, "hits_total": 56249112}