{"bytes_sram_1": 1786805632, "cache_capacity_total": 6291456, "hitrate_2": 22.6686, "hitrate_1": 43.623184375, "hitrate_total": 39.4322675, "accesses_2": 64000000, "accesses_1": 256000000, "bytes_sram_2": 1857011712, "bytes_total": 12288000000, "cache_ratio": 0.91, "bytes_sram_total": 3643817344, "hits_1": 111675352, "cache_capacity_1": 715648, "cache_entries_2": 4423, "hits_2": 14507904, "bytes_1": 4096000000, "filter_ratio": 0.25, "accesses_total": 320000000, "cache_capacity_2": 566144, "bytes_2": 8192000000, "cache_entries_1": 44728, "cache_entries_total": 49151, "hits_total": 126183256}