{"bytes_sram_1": 303406592, "cache_capacity_total": 1048576, "hitrate_2": 27.64090625, "hitrate_1": 7.4073875, "hitrate_total": 11.45409125, "accesses_2": 64000000, "accesses_1": 256000000, "bytes_sram_2": 2264343040, "bytes_total": 12288000000, "cache_ratio": 0.07, "bytes_sram_total": 2567749632, "hits_1": 18962912, "cache_capacity_1": 9168, "cache_entries_2": 7618, "hits_2": 17690180, "bytes_1": 4096000000, "filter_ratio": 0.25, "accesses_total": 320000000, "cache_capacity_2": 975104, "bytes_2": 8192000000, "cache_entries_1": 573, "cache_entries_total": 8191, "hits_total": 36653092}