{"bytes_sram_1": 2051563264, "cache_capacity_total": 12582912, "hitrate_2": 0.0, "hitrate_1": 50.08699375, "hitrate_total": 40.069595, "accesses_2": 64000000, "accesses_1": 256000000, "bytes_sram_2": 0, "bytes_total": 12288000000, "cache_ratio": 1.0, "bytes_sram_total": 2051563264, "hits_1": 128222704, "cache_capacity_1": 1572864, "cache_entries_2": 0, "hits_2": 0, "bytes_1": 4096000000, "filter_ratio": 0.25, "accesses_total": 320000000, "cache_capacity_2": 0, "bytes_2": 8192000000, "cache_entries_1": 98304, "cache_entries_total": 98304, "hits_total": 128222704}