{"bytes_sram_1": 1228571648, "cache_capacity_total": 4194304, "hitrate_2": 37.75035625, "hitrate_1": 29.994425, "hitrate_total": 31.54561125, "accesses_2": 64000000, "accesses_1": 256000000, "bytes_sram_2": 3092509184, "bytes_total": 12288000000, "cache_ratio": 0.3, "bytes_sram_total": 4321080832, "hits_1": 76785728, "cache_capacity_1": 157280, "cache_entries_2": 22937, "hits_2": 24160228, "bytes_1": 4096000000, "filter_ratio": 0.25, "accesses_total": 320000000, "cache_capacity_2": 2935936, "bytes_2": 8192000000, "cache_entries_1": 9830, "cache_entries_total": 32767, "hits_total": 100945956}