{"bytes_sram_1": 1794321152, "cache_capacity_total": 6291456, "hitrate_2": 20.446575, "hitrate_1": 43.80666875, "hitrate_total": 39.13465, "accesses_2": 64000000, "accesses_1": 256000000, "bytes_sram_2": 1674983424, "bytes_total": 12288000000, "cache_ratio": 0.93, "bytes_sram_total": 3469304576, "hits_1": 112145072, "cache_capacity_1": 731376, "cache_entries_2": 3440, "hits_2": 13085808, "bytes_1": 4096000000, "filter_ratio": 0.25, "accesses_total": 320000000, "cache_capacity_2": 440320, "bytes_2": 8192000000, "cache_entries_1": 45711, "cache_entries_total": 49151, "hits_total": 125230880}