{"bytes_sram_1": 1228571648, "cache_capacity_total": 6291456, "hitrate_2": 42.5071, "hitrate_1": 29.994425, "hitrate_total": 32.49696, "accesses_2": 64000000, "accesses_1": 256000000, "bytes_sram_2": 3482181632, "bytes_total": 12288000000, "cache_ratio": 0.2, "bytes_sram_total": 4710753280, "hits_1": 76785728, "cache_capacity_1": 157280, "cache_entries_2": 39321, "hits_2": 27204544, "bytes_1": 4096000000, "filter_ratio": 0.25, "accesses_total": 320000000, "cache_capacity_2": 5033088, "bytes_2": 8192000000, "cache_entries_1": 9830, "cache_entries_total": 49151, "hits_total": 103990272}