{"bytes_sram_1": 967592896, "cache_capacity_total": 6291456, "hitrate_2": 43.51798125, "hitrate_1": 23.6228734375, "hitrate_total": 27.601895, "accesses_2": 64000000, "accesses_1": 256000000, "bytes_sram_2": 3564993024, "bytes_total": 12288000000, "cache_ratio": 0.1, "bytes_sram_total": 4532585920, "hits_1": 60474556, "cache_capacity_1": 78640, "cache_entries_2": 44236, "hits_2": 27851508, "bytes_1": 4096000000, "filter_ratio": 0.25, "accesses_total": 320000000, "cache_capacity_2": 5662208, "bytes_2": 8192000000, "cache_entries_1": 4915, "cache_entries_total": 49151, "hits_total": 88326064}