{"bytes_sram_1": 1489303872, "cache_capacity_total": 12582912, "hitrate_2": 48.28341875, "hitrate_1": 36.3599578125, "hitrate_total": 38.74465, "accesses_2": 64000000, "accesses_1": 256000000, "bytes_sram_2": 3955377664, "bytes_total": 12288000000, "cache_ratio": 0.2, "bytes_sram_total": 5444681536, "hits_1": 93081492, "cache_capacity_1": 314560, "cache_entries_2": 78643, "hits_2": 30901388, "bytes_1": 4096000000, "filter_ratio": 0.25, "accesses_total": 320000000, "cache_capacity_2": 10066304, "bytes_2": 8192000000, "cache_entries_1": 19660, "cache_entries_total": 98303, "hits_total": 123982880}