{"bytes_sram_1": 2133235264, "cache_capacity_total": 16777216, "hitrate_2": 21.62735, "hitrate_1": 52.0809390625, "hitrate_total": 45.99022125, "accesses_2": 64000000, "accesses_1": 256000000, "bytes_sram_2": 1771712512, "bytes_total": 12288000000, "cache_ratio": 0.97, "bytes_sram_total": 3904947776, "hits_1": 133327204, "cache_capacity_1": 2034224, "cache_entries_2": 3932, "hits_2": 13841504, "bytes_1": 4096000000, "filter_ratio": 0.25, "accesses_total": 320000000, "cache_capacity_2": 503296, "bytes_2": 8192000000, "cache_entries_1": 127139, "cache_entries_total": 131071, "hits_total": 147168708}