{"bytes_sram_1": 1741524480, "cache_capacity_total": 16777216, "hitrate_2": 49.52236875, "hitrate_1": 42.5176875, "hitrate_total": 43.91862375, "accesses_2": 64000000, "accesses_1": 256000000, "bytes_sram_2": 4056872448, "bytes_total": 12288000000, "cache_ratio": 0.3, "bytes_sram_total": 5798396928, "hits_1": 108845280, "cache_capacity_1": 629136, "cache_entries_2": 91750, "hits_2": 31694316, "bytes_1": 4096000000, "filter_ratio": 0.25, "accesses_total": 320000000, "cache_capacity_2": 11744000, "bytes_2": 8192000000, "cache_entries_1": 39321, "cache_entries_total": 131071, "hits_total": 140539596}