{"bytes_sram_1": 820377280, "cache_capacity_total": 1048576, "hitrate_2": 23.6191625, "hitrate_1": 20.0287421875, "hitrate_total": 20.74682625, "accesses_2": 64000000, "accesses_1": 256000000, "bytes_sram_2": 1934881792, "bytes_total": 12288000000, "cache_ratio": 0.4, "bytes_sram_total": 2755259072, "hits_1": 51273580, "cache_capacity_1": 52416, "cache_entries_2": 4915, "hits_2": 15116264, "bytes_1": 4096000000, "filter_ratio": 0.25, "accesses_total": 320000000, "cache_capacity_2": 629120, "bytes_2": 8192000000, "cache_entries_1": 3276, "cache_entries_total": 8191, "hits_total": 66389844}