{"bytes_sram_1": 1421413888, "cache_capacity_total": 4194304, "hitrate_2": 34.70009375, "hitrate_1": 34.7024875, "hitrate_total": 34.70200875, "accesses_2": 64000000, "accesses_1": 256000000, "bytes_sram_2": 2842631680, "bytes_total": 12288000000, "cache_ratio": 0.5, "bytes_sram_total": 4264045568, "hits_1": 88838368, "cache_capacity_1": 262144, "cache_entries_2": 16384, "hits_2": 22208060, "bytes_1": 4096000000, "filter_ratio": 0.25, "accesses_total": 320000000, "cache_capacity_2": 2097152, "bytes_2": 8192000000, "cache_entries_1": 16384, "cache_entries_total": 32768, "hits_total": 111046428}