{"bytes_sram_1": 2142708416, "cache_capacity_total": 16777216, "hitrate_2": 0.0, "hitrate_1": 52.3122171875, "hitrate_total": 41.84977375, "accesses_2": 64000000, "accesses_1": 256000000, "bytes_sram_2": 0, "bytes_total": 12288000000, "cache_ratio": 1.0, "bytes_sram_total": 2142708416, "hits_1": 133919276, "cache_capacity_1": 2097152, "cache_entries_2": 0, "hits_2": 0, "bytes_1": 4096000000, "filter_ratio": 0.25, "accesses_total": 320000000, "cache_capacity_2": 0, "bytes_2": 8192000000, "cache_entries_1": 131072, "cache_entries_total": 131072, "hits_total": 133919276}