{"bytes_sram_1": 900813376, "cache_capacity_total": 1048576, "hitrate_2": 21.990875, "hitrate_1": 21.9925140625, "hitrate_total": 21.99218625, "accesses_2": 64000000, "accesses_1": 256000000, "bytes_sram_2": 1801492480, "bytes_total": 12288000000, "cache_ratio": 0.5, "bytes_sram_total": 2702305856, "hits_1": 56300836, "cache_capacity_1": 65536, "cache_entries_2": 4096, "hits_2": 14074160, "bytes_1": 4096000000, "filter_ratio": 0.25, "accesses_total": 320000000, "cache_capacity_2": 524288, "bytes_2": 8192000000, "cache_entries_1": 4096, "cache_entries_total": 8192, "hits_total": 70374996}