{"bytes_sram_1": 1638291072, "cache_capacity_total": 4194304, "hitrate_2": 20.019025, "hitrate_1": 39.997340625, "hitrate_total": 36.0016775, "accesses_2": 64000000, "accesses_1": 256000000, "bytes_sram_2": 1639958528, "bytes_total": 12288000000, "cache_ratio": 0.9, "bytes_sram_total": 3278249600, "hits_1": 102393192, "cache_capacity_1": 471856, "cache_entries_2": 3276, "hits_2": 12812176, "bytes_1": 4096000000, "filter_ratio": 0.25, "accesses_total": 320000000, "cache_capacity_2": 419328, "bytes_2": 8192000000, "cache_entries_1": 29491, "cache_entries_total": 32767, "hits_total": 115205368}