{"bytes_sram_1": 1900613696, "cache_capacity_total": 8388608, "hitrate_2": 20.019025, "hitrate_1": 46.4017015625, "hitrate_total": 41.12516625, "accesses_2": 64000000, "accesses_1": 256000000, "bytes_sram_2": 1639958528, "bytes_total": 12288000000, "cache_ratio": 0.95, "bytes_sram_total": 3540572224, "hits_1": 118788356, "cache_capacity_1": 996144, "cache_entries_2": 3276, "hits_2": 12812176, "bytes_1": 4096000000, "filter_ratio": 0.25, "accesses_total": 320000000, "cache_capacity_2": 419328, "bytes_2": 8192000000, "cache_entries_1": 62259, "cache_entries_total": 65535, "hits_total": 131600532}