{"bytes_sram_1": 1978786240, "cache_capacity_total": 12582912, "hitrate_2": 36.35860625, "hitrate_1": 48.3102109375, "hitrate_total": 45.91989, "accesses_2": 64000000, "accesses_1": 256000000, "bytes_sram_2": 2978497024, "bytes_total": 12288000000, "cache_ratio": 0.8, "bytes_sram_total": 4957283264, "hits_1": 123674140, "cache_capacity_1": 1258288, "cache_entries_2": 19660, "hits_2": 23269508, "bytes_1": 4096000000, "filter_ratio": 0.25, "accesses_total": 320000000, "cache_capacity_2": 2516480, "bytes_2": 8192000000, "cache_entries_1": 78643, "cache_entries_total": 98303, "hits_total": 146943648}