{"bytes_sram_1": 1417627584, "cache_capacity_total": 2097152, "hitrate_2": 2.6942875, "hitrate_1": 34.6100484375, "hitrate_total": 28.22689625, "accesses_2": 64000000, "accesses_1": 256000000, "bytes_sram_2": 220716032, "bytes_total": 12288000000, "cache_ratio": 0.99, "bytes_sram_total": 1638343616, "hits_1": 88601724, "cache_capacity_1": 259520, "cache_entries_2": 163, "hits_2": 1724344, "bytes_1": 4096000000, "filter_ratio": 0.25, "accesses_total": 320000000, "cache_capacity_2": 20864, "bytes_2": 8192000000, "cache_entries_1": 16220, "cache_entries_total": 16383, "hits_total": 90326068}