{"hits_total": 130113624, "cache_capacity_2": 587136, "cache_entries_total": 65535, "cache_capacity_1": 975168, "bytes_total": 10649600000, "filter_ratio": 0.2, "accesses_2": 51200000, "accesses_total": 307200000, "cache_ratio": 0.93, "bytes_2": 6553600000, "cache_entries_1": 60948, "cache_capacity_total": 8388608, "hits_1": 118340364, "hits_2": 11773260, "hitrate_total": 42.3546953125, "cache_entries_2": 4587, "bytes_sram_2": 1506977280, "bytes_1": 4096000000, "bytes_sram_1": 1893445824, "hitrate_2": 22.9946484375, "accesses_1": 256000000, "hitrate_1": 46.2267046875, "bytes_sram_total": 3400423104}