{"hits_total": 14495360, "cache_capacity_2": 1048576, "cache_entries_total": 8192, "cache_capacity_1": 0, "bytes_total": 10649600000, "filter_ratio": 0.2, "accesses_2": 51200000, "accesses_total": 307200000, "cache_ratio": 0.0, "bytes_2": 6553600000, "cache_entries_1": 0, "cache_capacity_total": 1048576, "hits_1": 0, "hits_2": 14495360, "hitrate_total": 4.718541666666667, "cache_entries_2": 8192, "bytes_sram_2": 1855406080, "bytes_1": 4096000000, "bytes_sram_1": 0, "hitrate_2": 28.31125, "accesses_1": 256000000, "hitrate_1": 0.0, "bytes_sram_total": 1855406080}