{"hits_total": 117867792, "cache_capacity_2": 3145728, "cache_entries_total": 49152, "cache_capacity_1": 393216, "bytes_total": 10649600000, "filter_ratio": 0.2, "accesses_2": 51200000, "accesses_total": 307200000, "cache_ratio": 0.5, "bytes_2": 6553600000, "cache_entries_1": 24576, "cache_capacity_total": 6291456, "hits_1": 98227176, "hits_2": 19640616, "hitrate_total": 38.368421875, "cache_entries_2": 24576, "bytes_sram_2": 2513998848, "bytes_1": 4096000000, "bytes_sram_1": 1571634816, "hitrate_2": 38.360578125, "accesses_1": 256000000, "hitrate_1": 38.369990625, "bytes_sram_total": 4085633664}