{"hits_total": 73707864, "cache_capacity_2": 31360, "cache_entries_total": 8191, "cache_capacity_1": 127136, "bytes_total": 10649600000, "filter_ratio": 0.2, "accesses_2": 51200000, "accesses_total": 307200000, "cache_ratio": 0.97, "bytes_2": 6553600000, "cache_entries_1": 7946, "cache_capacity_total": 1048576, "hits_1": 71750440, "hits_2": 1957424, "hitrate_total": 23.9934453125, "cache_entries_2": 245, "bytes_sram_2": 250550272, "bytes_1": 4096000000, "bytes_sram_1": 1148007040, "hitrate_2": 3.82309375, "accesses_1": 256000000, "hitrate_1": 28.027515625, "bytes_sram_total": 1398557312}