{"hits_total": 17765572, "cache_capacity_2": 2097152, "cache_entries_total": 16384, "cache_capacity_1": 0, "bytes_total": 10649600000, "filter_ratio": 0.2, "accesses_2": 51200000, "accesses_total": 307200000, "cache_ratio": 0.0, "bytes_2": 6553600000, "cache_entries_1": 0, "cache_capacity_total": 2097152, "hits_1": 0, "hits_2": 17765572, "hitrate_total": 5.783063802083333, "cache_entries_2": 16384, "bytes_sram_2": 2273993216, "bytes_1": 4096000000, "bytes_sram_1": 0, "hitrate_2": 34.6983828125, "accesses_1": 256000000, "hitrate_1": 0.0, "bytes_sram_total": 2273993216}