{"hits_total": 128222704, "cache_capacity_2": 0, "cache_entries_total": 98304, "cache_capacity_1": 1572864, "bytes_total": 10649600000, "filter_ratio": 0.2, "accesses_2": 51200000, "accesses_total": 307200000, "cache_ratio": 1.0, "bytes_2": 6553600000, "cache_entries_1": 98304, "cache_capacity_total": 12582912, "hits_1": 128222704, "hits_2": 0, "hitrate_total": 41.739161458333335, "cache_entries_2": 0, "bytes_sram_2": 0, "bytes_1": 4096000000, "bytes_sram_1": 2051563264, "hitrate_2": 0.0, "accesses_1": 256000000, "hitrate_1": 50.08699375, "bytes_sram_total": 2051563264}