{"hits_total": 98546448, "cache_capacity_2": 5033088, "cache_entries_total": 49151, "cache_capacity_1": 157280, "bytes_total": 10649600000, "filter_ratio": 0.2, "accesses_2": 51200000, "accesses_total": 307200000, "cache_ratio": 0.2, "bytes_2": 6553600000, "cache_entries_1": 9830, "cache_capacity_total": 6291456, "hits_1": 76785728, "hits_2": 21760720, "hitrate_total": 32.078921875, "cache_entries_2": 39321, "bytes_sram_2": 2785372160, "bytes_1": 4096000000, "bytes_sram_1": 1228571648, "hitrate_2": 42.50140625, "accesses_1": 256000000, "hitrate_1": 29.994425, "bytes_sram_total": 4013943808}