{"hits_total": 113154964, "cache_capacity_2": 838784, "cache_entries_total": 32767, "cache_capacity_1": 419424, "bytes_total": 10649600000, "filter_ratio": 0.2, "accesses_2": 51200000, "accesses_total": 307200000, "cache_ratio": 0.8, "bytes_2": 6553600000, "cache_entries_1": 26214, "cache_capacity_total": 4194304, "hits_1": 99711420, "hits_2": 13443544, "hitrate_total": 36.83429817708333, "cache_entries_2": 6553, "bytes_sram_2": 1720773632, "bytes_1": 4096000000, "bytes_sram_1": 1595382720, "hitrate_2": 26.256921875, "accesses_1": 256000000, "hitrate_1": 38.9497734375, "bytes_sram_total": 3316156352}