{"hits_total": 141452016, "cache_capacity_2": 1258240, "cache_entries_total": 98303, "cache_capacity_1": 1415568, "bytes_total": 10649600000, "filter_ratio": 0.2, "accesses_2": 51200000, "accesses_total": 307200000, "cache_ratio": 0.9, "bytes_2": 6553600000, "cache_entries_1": 88473, "cache_capacity_total": 12582912, "hits_1": 126096244, "hits_2": 15355772, "hitrate_total": 46.045578125, "cache_entries_2": 9830, "bytes_sram_2": 1965538816, "bytes_1": 4096000000, "bytes_sram_1": 2017539904, "hitrate_2": 29.9917421875, "accesses_1": 256000000, "hitrate_1": 49.2563453125, "bytes_sram_total": 3983078720}