{"hits_total": 26765324, "cache_capacity_2": 16777216, "cache_entries_total": 131072, "cache_capacity_1": 0, "bytes_total": 10649600000, "filter_ratio": 0.2, "accesses_2": 51200000, "accesses_total": 307200000, "cache_ratio": 0.0, "bytes_2": 6553600000, "cache_entries_1": 0, "cache_capacity_total": 16777216, "hits_1": 0, "hits_2": 26765324, "hitrate_total": 8.712670572916666, "cache_entries_2": 131072, "bytes_sram_2": 3425961472, "bytes_1": 4096000000, "bytes_sram_1": 0, "hitrate_2": 52.2760234375, "accesses_1": 256000000, "hitrate_1": 0.0, "bytes_sram_total": 3425961472}