{"hits_total": 111843512, "cache_capacity_2": 293504, "cache_entries_total": 32767, "cache_capacity_1": 487584, "bytes_total": 10649600000, "filter_ratio": 0.2, "accesses_2": 51200000, "accesses_total": 307200000, "cache_ratio": 0.93, "bytes_2": 6553600000, "cache_entries_1": 30474, "cache_capacity_total": 4194304, "hits_1": 103139264, "hits_2": 8704248, "hitrate_total": 36.407393229166665, "cache_entries_2": 2293, "bytes_sram_2": 1114143744, "bytes_1": 4096000000, "bytes_sram_1": 1650228224, "hitrate_2": 17.000484375, "accesses_1": 256000000, "hitrate_1": 40.288775, "bytes_sram_total": 2764371968}