{"hits_total": 74842800, "cache_capacity_2": 104832, "cache_entries_total": 8191, "cache_capacity_1": 117952, "bytes_total": 10649600000, "filter_ratio": 0.2, "accesses_2": 51200000, "accesses_total": 307200000, "cache_ratio": 0.9, "bytes_2": 6553600000, "cache_entries_1": 7372, "cache_capacity_total": 1048576, "hits_1": 69998704, "hits_2": 4844096, "hitrate_total": 24.362890625, "cache_entries_2": 819, "bytes_sram_2": 620044288, "bytes_1": 4096000000, "bytes_sram_1": 1119979264, "hitrate_2": 9.461125, "accesses_1": 256000000, "hitrate_1": 27.34324375, "bytes_sram_total": 1740023552}