{"hits_total": 90229272, "cache_capacity_2": 838784, "cache_entries_total": 16383, "cache_capacity_1": 157280, "bytes_total": 10649600000, "filter_ratio": 0.2, "accesses_2": 51200000, "accesses_total": 307200000, "cache_ratio": 0.6, "bytes_2": 6553600000, "cache_entries_1": 9830, "cache_capacity_total": 2097152, "hits_1": 76785728, "hits_2": 13443544, "hitrate_total": 29.3715078125, "cache_entries_2": 6553, "bytes_sram_2": 1720773632, "bytes_1": 4096000000, "bytes_sram_1": 1228571648, "hitrate_2": 26.256921875, "accesses_1": 256000000, "hitrate_1": 29.994425, "bytes_sram_total": 2949345280}