{"hits_total": 76565908, "cache_capacity_2": 1467904, "cache_entries_total": 16383, "cache_capacity_1": 78640, "bytes_total": 10649600000, "filter_ratio": 0.2, "accesses_2": 51200000, "accesses_total": 307200000, "cache_ratio": 0.3, "bytes_2": 6553600000, "cache_entries_1": 4915, "cache_capacity_total": 2097152, "hits_1": 60474556, "hits_2": 16091352, "hitrate_total": 24.923798177083334, "cache_entries_2": 11468, "bytes_sram_2": 2059693056, "bytes_1": 4096000000, "bytes_sram_1": 967592896, "hitrate_2": 31.428421875, "accesses_1": 256000000, "hitrate_1": 23.6228734375, "bytes_sram_total": 3027285952}