{"hits_total": 82752200, "cache_capacity_2": 5662208, "cache_entries_total": 49151, "cache_capacity_1": 78640, "bytes_total": 10649600000, "filter_ratio": 0.2, "accesses_2": 51200000, "accesses_total": 307200000, "cache_ratio": 0.1, "bytes_2": 6553600000, "cache_entries_1": 4915, "cache_capacity_total": 6291456, "hits_1": 60474556, "hits_2": 22277644, "hitrate_total": 26.937565104166666, "cache_entries_2": 44236, "bytes_sram_2": 2851538432, "bytes_1": 4096000000, "bytes_sram_1": 967592896, "hitrate_2": 43.5110234375, "accesses_1": 256000000, "hitrate_1": 23.6228734375, "bytes_sram_total": 3819131328}