{"hits_total": 123156460, "cache_capacity_2": 1887360, "cache_entries_total": 49151, "cache_capacity_1": 550496, "bytes_total": 10649600000, "filter_ratio": 0.2, "accesses_2": 51200000, "accesses_total": 307200000, "cache_ratio": 0.7, "bytes_2": 6553600000, "cache_entries_1": 34406, "cache_capacity_total": 6291456, "hits_1": 105885196, "hits_2": 17271264, "hitrate_total": 40.089993489583335, "cache_entries_2": 14745, "bytes_sram_2": 2210721792, "bytes_1": 4096000000, "bytes_sram_1": 1694163136, "hitrate_2": 33.7329375, "accesses_1": 256000000, "hitrate_1": 41.3614046875, "bytes_sram_total": 3904884928}