{"hits_total": 52841476, "cache_capacity_2": 12456960, "cache_entries_total": 98303, "cache_capacity_1": 15728, "bytes_total": 10649600000, "filter_ratio": 0.2, "accesses_2": 51200000, "accesses_total": 307200000, "cache_ratio": 0.01, "bytes_2": 6553600000, "cache_entries_1": 983, "cache_capacity_total": 12582912, "hits_1": 27254880, "hits_2": 25586596, "hitrate_total": 17.201001302083334, "cache_entries_2": 97320, "bytes_sram_2": 3275084288, "bytes_1": 4096000000, "bytes_sram_1": 436078080, "hitrate_2": 49.9738203125, "accesses_1": 256000000, "hitrate_1": 10.6464375, "bytes_sram_total": 3711162368}