{"hits_total": 148576804, "cache_capacity_2": 1677696, "cache_entries_total": 131071, "cache_capacity_1": 1887424, "bytes_total": 10649600000, "filter_ratio": 0.2, "accesses_2": 51200000, "accesses_total": 307200000, "cache_ratio": 0.9, "bytes_2": 6553600000, "cache_entries_1": 117964, "cache_capacity_total": 16777216, "hits_1": 131857140, "hits_2": 16719664, "hitrate_total": 48.36484505208333, "cache_entries_2": 13107, "bytes_sram_2": 2140116992, "bytes_1": 4096000000, "bytes_sram_1": 2109714240, "hitrate_2": 32.65559375, "accesses_1": 256000000, "hitrate_1": 51.5066953125, "bytes_sram_total": 4249831232}