{"hits_total": 50090576, "cache_capacity_2": 838784, "cache_entries_total": 8191, "cache_capacity_1": 26208, "bytes_total": 10649600000, "filter_ratio": 0.2, "accesses_2": 51200000, "accesses_total": 307200000, "cache_ratio": 0.2, "bytes_2": 6553600000, "cache_entries_1": 1638, "cache_capacity_total": 1048576, "hits_1": 36647032, "hits_2": 13443544, "hitrate_total": 16.305526041666667, "cache_entries_2": 6553, "bytes_sram_2": 1720773632, "bytes_1": 4096000000, "bytes_sram_1": 586352512, "hitrate_2": 26.256921875, "accesses_1": 256000000, "hitrate_1": 14.315246875, "bytes_sram_total": 2307126144}