{"hits_total": 92529508, "cache_capacity_2": 629120, "cache_entries_total": 16383, "cache_capacity_1": 183488, "bytes_total": 10649600000, "filter_ratio": 0.2, "accesses_2": 51200000, "accesses_total": 307200000, "cache_ratio": 0.7, "bytes_2": 6553600000, "cache_entries_1": 11468, "cache_capacity_total": 2097152, "hits_1": 80435604, "hits_2": 12093904, "hitrate_total": 30.120282552083335, "cache_entries_2": 4915, "bytes_sram_2": 1548019712, "bytes_1": 4096000000, "bytes_sram_1": 1286969664, "hitrate_2": 23.62090625, "accesses_1": 256000000, "hitrate_1": 31.4201578125, "bytes_sram_total": 2834989376}