{"hits_total": 147533088, "cache_capacity_2": 1174400, "cache_entries_total": 131071, "cache_capacity_1": 1950336, "bytes_total": 10649600000, "filter_ratio": 0.2, "accesses_2": 51200000, "accesses_total": 307200000, "cache_ratio": 0.93, "bytes_2": 6553600000, "cache_entries_1": 121896, "cache_capacity_total": 16777216, "hits_1": 132503768, "hits_2": 15029320, "hitrate_total": 48.02509375, "cache_entries_2": 9175, "bytes_sram_2": 1923752960, "bytes_1": 4096000000, "bytes_sram_1": 2120060288, "hitrate_2": 29.354140625, "accesses_1": 256000000, "hitrate_1": 51.759284375, "bytes_sram_total": 4043813248}