{"hits_total": 126556884, "cache_capacity_2": 8807936, "cache_entries_total": 98303, "cache_capacity_1": 471856, "bytes_total": 10649600000, "filter_ratio": 0.2, "accesses_2": 51200000, "accesses_total": 307200000, "cache_ratio": 0.3, "bytes_2": 6553600000, "cache_entries_1": 29491, "cache_capacity_total": 12582912, "hits_1": 102393192, "hits_2": 24163692, "hitrate_total": 41.19690234375, "cache_entries_2": 68812, "bytes_sram_2": 3092952576, "bytes_1": 4096000000, "bytes_sram_1": 1638291072, "hitrate_2": 47.1947109375, "accesses_1": 256000000, "hitrate_1": 39.997340625, "bytes_sram_total": 4731243648}