{"hits_total": 123826248, "cache_capacity_2": 83840, "cache_entries_total": 65535, "cache_capacity_1": 1038080, "bytes_total": 10649600000, "filter_ratio": 0.2, "accesses_2": 51200000, "accesses_total": 307200000, "cache_ratio": 0.99, "bytes_2": 6553600000, "cache_entries_1": 64880, "cache_capacity_total": 8388608, "hits_1": 119667984, "hits_2": 4158264, "hitrate_total": 40.3080234375, "cache_entries_2": 655, "bytes_sram_2": 532257792, "bytes_1": 4096000000, "bytes_sram_1": 1914687744, "hitrate_2": 8.121609375, "accesses_1": 256000000, "hitrate_1": 46.74530625, "bytes_sram_total": 2446945536}