{"hits_total": 110954772, "cache_capacity_2": 209664, "cache_entries_total": 32767, "cache_capacity_1": 498064, "bytes_total": 10649600000, "filter_ratio": 0.2, "accesses_2": 51200000, "accesses_total": 307200000, "cache_ratio": 0.95, "bytes_2": 6553600000, "cache_entries_1": 31129, "cache_capacity_total": 4194304, "hits_1": 103624268, "hits_2": 7330504, "hitrate_total": 36.11808984375, "cache_entries_2": 1638, "bytes_sram_2": 938304512, "bytes_1": 4096000000, "bytes_sram_1": 1657988288, "hitrate_2": 14.317390625, "accesses_1": 256000000, "hitrate_1": 40.4782296875, "bytes_sram_total": 2596292800}