{"hits_total": 53918296, "cache_capacity_2": 1887360, "cache_entries_total": 16383, "cache_capacity_1": 26208, "bytes_total": 10649600000, "filter_ratio": 0.2, "accesses_2": 51200000, "accesses_total": 307200000, "cache_ratio": 0.1, "bytes_2": 6553600000, "cache_entries_1": 1638, "cache_capacity_total": 2097152, "hits_1": 36647032, "hits_2": 17271264, "hitrate_total": 17.551528645833333, "cache_entries_2": 14745, "bytes_sram_2": 2210721792, "bytes_1": 4096000000, "bytes_sram_1": 586352512, "hitrate_2": 33.7329375, "accesses_1": 256000000, "hitrate_1": 14.315246875, "bytes_sram_total": 2797074304}