{"hits_total": 139286844, "cache_capacity_2": 629120, "cache_entries_total": 98303, "cache_capacity_1": 1494208, "bytes_total": 10649600000, "filter_ratio": 0.2, "accesses_2": 51200000, "accesses_total": 307200000, "cache_ratio": 0.95, "bytes_2": 6553600000, "cache_entries_1": 93388, "cache_capacity_total": 12582912, "hits_1": 127192940, "hits_2": 12093904, "hitrate_total": 45.34076953125, "cache_entries_2": 4915, "bytes_sram_2": 1548019712, "bytes_1": 4096000000, "bytes_sram_1": 2035087040, "hitrate_2": 23.62090625, "accesses_1": 256000000, "hitrate_1": 49.6847421875, "bytes_sram_total": 3583106752}