{"hits_total": 74213476, "cache_capacity_2": 52352, "cache_entries_total": 8191, "cache_capacity_1": 124512, "bytes_total": 10649600000, "filter_ratio": 0.2, "accesses_2": 51200000, "accesses_total": 307200000, "cache_ratio": 0.95, "bytes_2": 6553600000, "cache_entries_1": 7782, "cache_capacity_total": 1048576, "hits_1": 71265032, "hits_2": 2948444, "hitrate_total": 24.158032552083334, "cache_entries_2": 409, "bytes_sram_2": 377400832, "bytes_1": 4096000000, "bytes_sram_1": 1140240512, "hitrate_2": 5.7586796875, "accesses_1": 256000000, "hitrate_1": 27.837903125, "bytes_sram_total": 1517641344}