{"hits_total": 38247600, "cache_capacity_2": 943616, "cache_entries_total": 8191, "cache_capacity_1": 13104, "bytes_total": 10649600000, "filter_ratio": 0.2, "accesses_2": 51200000, "accesses_total": 307200000, "cache_ratio": 0.1, "bytes_2": 6553600000, "cache_entries_1": 819, "cache_capacity_total": 1048576, "hits_1": 24249980, "hits_2": 13997620, "hitrate_total": 12.450390625, "cache_entries_2": 7372, "bytes_sram_2": 1791695360, "bytes_1": 4096000000, "bytes_sram_1": 387999680, "hitrate_2": 27.3391015625, "accesses_1": 256000000, "hitrate_1": 9.4726484375, "bytes_sram_total": 2179695040}