{"hits_total": 102197004, "cache_capacity_2": 2516480, "cache_entries_total": 32767, "cache_capacity_1": 209712, "bytes_total": 10649600000, "filter_ratio": 0.2, "accesses_2": 51200000, "accesses_total": 307200000, "cache_ratio": 0.4, "bytes_2": 6553600000, "cache_entries_1": 13107, "cache_capacity_total": 4194304, "hits_1": 83584100, "hits_2": 18612904, "hitrate_total": 33.26725390625, "cache_entries_2": 19660, "bytes_sram_2": 2382451712, "bytes_1": 4096000000, "bytes_sram_1": 1337345600, "hitrate_2": 36.353328125, "accesses_1": 256000000, "hitrate_1": 32.6500390625, "bytes_sram_total": 3719797312}