{"hits_total": 69464296, "cache_capacity_2": 3816704, "cache_entries_total": 32767, "cache_capacity_1": 47184, "bytes_total": 10649600000, "filter_ratio": 0.2, "accesses_2": 51200000, "accesses_total": 307200000, "cache_ratio": 0.09, "bytes_2": 6553600000, "cache_entries_1": 2949, "cache_capacity_total": 4194304, "hits_1": 48944240, "hits_2": 20520056, "hitrate_total": 22.612075520833333, "cache_entries_2": 29818, "bytes_sram_2": 2626567168, "bytes_1": 4096000000, "bytes_sram_1": 783107840, "hitrate_2": 40.078234375, "accesses_1": 256000000, "hitrate_1": 19.11884375, "bytes_sram_total": 3409675008}