{"hits_total": 113727180, "cache_capacity_2": 0, "cache_entries_total": 49152, "cache_capacity_1": 786432, "bytes_total": 10649600000, "filter_ratio": 0.2, "accesses_2": 51200000, "accesses_total": 307200000, "cache_ratio": 1.0, "bytes_2": 6553600000, "cache_entries_1": 49152, "cache_capacity_total": 6291456, "hits_1": 113727180, "hits_2": 0, "hitrate_total": 37.02056640625, "cache_entries_2": 0, "bytes_sram_2": 0, "bytes_1": 4096000000, "bytes_sram_1": 1819634880, "hitrate_2": 0.0, "accesses_1": 256000000, "hitrate_1": 44.4246796875, "bytes_sram_total": 1819634880}