{"hits_total": 96110848, "cache_capacity_2": 2935936, "cache_entries_total": 32767, "cache_capacity_1": 157280, "bytes_total": 10649600000, "filter_ratio": 0.2, "accesses_2": 51200000, "accesses_total": 307200000, "cache_ratio": 0.3, "bytes_2": 6553600000, "cache_entries_1": 9830, "cache_capacity_total": 4194304, "hits_1": 76785728, "hits_2": 19325120, "hitrate_total": 31.286083333333334, "cache_entries_2": 22937, "bytes_sram_2": 2473615360, "bytes_1": 4096000000, "bytes_sram_1": 1228571648, "hitrate_2": 37.744375, "accesses_1": 256000000, "hitrate_1": 29.994425, "bytes_sram_total": 3702187008}