{"hits_total": 142287044, "cache_capacity_2": 2516480, "cache_entries_total": 98303, "cache_capacity_1": 1258288, "bytes_total": 10649600000, "filter_ratio": 0.2, "accesses_2": 51200000, "accesses_total": 307200000, "cache_ratio": 0.8, "bytes_2": 6553600000, "cache_entries_1": 78643, "cache_capacity_total": 12582912, "hits_1": 123674140, "hits_2": 18612904, "hitrate_total": 46.31739713541667, "cache_entries_2": 19660, "bytes_sram_2": 2382451712, "bytes_1": 4096000000, "bytes_sram_1": 1978786240, "hitrate_2": 36.353328125, "accesses_1": 256000000, "hitrate_1": 48.3102109375, "bytes_sram_total": 4361237952}