{"hits_total": 144399332, "cache_capacity_2": 503296, "cache_entries_total": 131071, "cache_capacity_1": 2034224, "bytes_total": 10649600000, "filter_ratio": 0.2, "accesses_2": 51200000, "accesses_total": 307200000, "cache_ratio": 0.97, "bytes_2": 6553600000, "cache_entries_1": 127139, "cache_capacity_total": 16777216, "hits_1": 133327204, "hits_2": 11072128, "hitrate_total": 47.00499088541667, "cache_entries_2": 3932, "bytes_sram_2": 1417232384, "bytes_1": 4096000000, "bytes_sram_1": 2133235264, "hitrate_2": 21.62525, "accesses_1": 256000000, "hitrate_1": 52.0809390625, "bytes_sram_total": 3550467648}