{"hits_total": 28986452, "cache_capacity_2": 996096, "cache_entries_total": 8191, "cache_capacity_1": 6544, "bytes_total": 10649600000, "filter_ratio": 0.2, "accesses_2": 51200000, "accesses_total": 307200000, "cache_ratio": 0.05, "bytes_2": 6553600000, "cache_entries_1": 409, "cache_capacity_total": 1048576, "hits_1": 14734612, "hits_2": 14251840, "hitrate_total": 9.435694010416666, "cache_entries_2": 7782, "bytes_sram_2": 1824235520, "bytes_1": 4096000000, "bytes_sram_1": 235753792, "hitrate_2": 27.835625, "accesses_1": 256000000, "hitrate_1": 5.7557078125, "bytes_sram_total": 2059989312}