{"hits_total": 101636120, "cache_capacity_2": 15602688, "cache_entries_total": 131071, "cache_capacity_1": 146800, "bytes_total": 10649600000, "filter_ratio": 0.2, "accesses_2": 51200000, "accesses_total": 307200000, "cache_ratio": 0.07, "bytes_2": 6553600000, "cache_entries_1": 9175, "cache_capacity_total": 16777216, "hits_1": 75152576, "hits_2": 26483544, "hitrate_total": 33.084674479166665, "cache_entries_2": 121896, "bytes_sram_2": 3389893632, "bytes_1": 4096000000, "bytes_sram_1": 1202441216, "hitrate_2": 51.725671875, "accesses_1": 256000000, "hitrate_1": 29.356475, "bytes_sram_total": 4592334848}