{"hits_total": 123528672, "cache_capacity_2": 629120, "cache_entries_total": 49151, "cache_capacity_1": 707776, "bytes_total": 10649600000, "filter_ratio": 0.2, "accesses_2": 51200000, "accesses_total": 307200000, "cache_ratio": 0.9, "bytes_2": 6553600000, "cache_entries_1": 44236, "cache_capacity_total": 6291456, "hits_1": 111434768, "hits_2": 12093904, "hitrate_total": 40.21115625, "cache_entries_2": 4915, "bytes_sram_2": 1548019712, "bytes_1": 4096000000, "bytes_sram_1": 1782956288, "hitrate_2": 23.62090625, "accesses_1": 256000000, "hitrate_1": 43.52920625, "bytes_sram_total": 3330976000}