{"hits_total": 82576968, "cache_capacity_2": 1258240, "cache_entries_total": 16383, "cache_capacity_1": 104848, "bytes_total": 10649600000, "filter_ratio": 0.2, "accesses_2": 51200000, "accesses_total": 307200000, "cache_ratio": 0.4, "bytes_2": 6553600000, "cache_entries_1": 6553, "cache_capacity_total": 2097152, "hits_1": 67221196, "hits_2": 15355772, "hitrate_total": 26.8805234375, "cache_entries_2": 9830, "bytes_sram_2": 1965538816, "bytes_1": 4096000000, "bytes_sram_1": 1075539136, "hitrate_2": 29.9917421875, "accesses_1": 256000000, "hitrate_1": 26.2582796875, "bytes_sram_total": 3041077952}