{"hits_total": 129037368, "cache_capacity_2": 419328, "cache_entries_total": 65535, "cache_capacity_1": 996144, "bytes_total": 10649600000, "filter_ratio": 0.2, "accesses_2": 51200000, "accesses_total": 307200000, "cache_ratio": 0.95, "bytes_2": 6553600000, "cache_entries_1": 62259, "cache_capacity_total": 8388608, "hits_1": 118788356, "hits_2": 10249012, "hitrate_total": 42.0043515625, "cache_entries_2": 3276, "bytes_sram_2": 1311873536, "bytes_1": 4096000000, "bytes_sram_1": 1900613696, "hitrate_2": 20.0176015625, "accesses_1": 256000000, "hitrate_1": 46.4017015625, "bytes_sram_total": 3212487232}