{"hits_total": 67558788, "cache_capacity_2": 524288, "cache_entries_total": 8192, "cache_capacity_1": 65536, "bytes_total": 10649600000, "filter_ratio": 0.2, "accesses_2": 51200000, "accesses_total": 307200000, "cache_ratio": 0.5, "bytes_2": 6553600000, "cache_entries_1": 4096, "cache_capacity_total": 1048576, "hits_1": 56300836, "hits_2": 11257952, "hitrate_total": 21.99179296875, "cache_entries_2": 4096, "bytes_sram_2": 1441017856, "bytes_1": 4096000000, "bytes_sram_1": 900813376, "hitrate_2": 21.9881875, "accesses_1": 256000000, "hitrate_1": 21.9925140625, "bytes_sram_total": 2341831232}