{"hits_total": 90732332, "cache_capacity_2": 7549696, "cache_entries_total": 65535, "cache_capacity_1": 104848, "bytes_total": 10649600000, "filter_ratio": 0.2, "accesses_2": 51200000, "accesses_total": 307200000, "cache_ratio": 0.1, "bytes_2": 6553600000, "cache_entries_1": 6553, "cache_capacity_total": 8388608, "hits_1": 67221196, "hits_2": 23511136, "hitrate_total": 29.535264322916667, "cache_entries_2": 58982, "bytes_sram_2": 3009425408, "bytes_1": 4096000000, "bytes_sram_1": 1075539136, "hitrate_2": 45.9201875, "accesses_1": 256000000, "hitrate_1": 26.2582796875, "bytes_sram_total": 4084964544}