{"hits_total": 101990808, "cache_capacity_2": 11324544, "cache_entries_total": 98303, "cache_capacity_1": 157280, "bytes_total": 10649600000, "filter_ratio": 0.2, "accesses_2": 51200000, "accesses_total": 307200000, "cache_ratio": 0.1, "bytes_2": 6553600000, "cache_entries_1": 9830, "cache_capacity_total": 12582912, "hits_1": 76785728, "hits_2": 25205080, "hitrate_total": 33.2001328125, "cache_entries_2": 88473, "bytes_sram_2": 3226250240, "bytes_1": 4096000000, "bytes_sram_1": 1228571648, "hitrate_2": 49.228671875, "accesses_1": 256000000, "hitrate_1": 29.994425, "bytes_sram_total": 4454821888}