{"hits_total": 80360220, "cache_capacity_2": 5725184, "cache_entries_total": 49151, "cache_capacity_1": 70768, "bytes_total": 10649600000, "filter_ratio": 0.2, "accesses_2": 51200000, "accesses_total": 307200000, "cache_ratio": 0.09, "bytes_2": 6553600000, "cache_entries_1": 4423, "cache_capacity_total": 6291456, "hits_1": 58035244, "hits_2": 22324976, "hitrate_total": 26.15892578125, "cache_entries_2": 44728, "bytes_sram_2": 2857596928, "bytes_1": 4096000000, "bytes_sram_1": 928563904, "hitrate_2": 43.60346875, "accesses_1": 256000000, "hitrate_1": 22.6700171875, "bytes_sram_total": 3786160832}