{"hits_total": 139404648, "cache_capacity_2": 5033088, "cache_entries_total": 98303, "cache_capacity_1": 943712, "bytes_total": 10649600000, "filter_ratio": 0.2, "accesses_2": 51200000, "accesses_total": 307200000, "cache_ratio": 0.6, "bytes_2": 6553600000, "cache_entries_1": 58982, "cache_capacity_total": 12582912, "hits_1": 117643928, "hits_2": 21760720, "hitrate_total": 45.3791171875, "cache_entries_2": 39321, "bytes_sram_2": 2785372160, "bytes_1": 4096000000, "bytes_sram_1": 1882302848, "hitrate_2": 42.50140625, "accesses_1": 256000000, "hitrate_1": 45.954659375, "bytes_sram_total": 4667675008}