{"hits_total": 125599964, "cache_capacity_2": 13421696, "cache_entries_total": 131071, "cache_capacity_1": 419424, "bytes_total": 10649600000, "filter_ratio": 0.2, "accesses_2": 51200000, "accesses_total": 307200000, "cache_ratio": 0.2, "bytes_2": 6553600000, "cache_entries_1": 26214, "cache_capacity_total": 16777216, "hits_1": 99711420, "hits_2": 25888544, "hitrate_total": 40.88540494791667, "cache_entries_2": 104857, "bytes_sram_2": 3313733632, "bytes_1": 4096000000, "bytes_sram_1": 1595382720, "hitrate_2": 50.5635625, "accesses_1": 256000000, "hitrate_1": 38.9497734375, "bytes_sram_total": 4909116352}