{"hits_total": 149459124, "cache_capacity_2": 3355392, "cache_entries_total": 131071, "cache_capacity_1": 1677712, "bytes_total": 10649600000, "filter_ratio": 0.2, "accesses_2": 51200000, "accesses_total": 307200000, "cache_ratio": 0.8, "bytes_2": 6553600000, "cache_entries_1": 104857, "cache_capacity_total": 16777216, "hits_1": 129525016, "hits_2": 19934108, "hitrate_total": 48.65205859375, "cache_entries_2": 26214, "bytes_sram_2": 2551565824, "bytes_1": 4096000000, "bytes_sram_1": 2072400256, "hitrate_2": 38.9338046875, "accesses_1": 256000000, "hitrate_1": 50.595709375, "bytes_sram_total": 4623966080}