{"hits_total": 88295252, "cache_capacity_2": 7633536, "cache_entries_total": 65535, "cache_capacity_1": 94368, "bytes_total": 10649600000, "filter_ratio": 0.2, "accesses_2": 51200000, "accesses_total": 307200000, "cache_ratio": 0.09, "bytes_2": 6553600000, "cache_entries_1": 5898, "cache_capacity_total": 8388608, "hits_1": 64738508, "hits_2": 23556744, "hitrate_total": 28.741944010416667, "cache_entries_2": 59637, "bytes_sram_2": 3015263232, "bytes_1": 4096000000, "bytes_sram_1": 1035816128, "hitrate_2": 46.009265625, "accesses_1": 256000000, "hitrate_1": 25.2884796875, "bytes_sram_total": 4051079360}