{"hits_total": 67993244, "cache_capacity_2": 1677696, "cache_entries_total": 16383, "cache_capacity_1": 52416, "bytes_total": 10649600000, "filter_ratio": 0.2, "accesses_2": 51200000, "accesses_total": 307200000, "cache_ratio": 0.2, "bytes_2": 6553600000, "cache_entries_1": 3276, "cache_capacity_total": 2097152, "hits_1": 51273580, "hits_2": 16719664, "hitrate_total": 22.133217447916667, "cache_entries_2": 13107, "bytes_sram_2": 2140116992, "bytes_1": 4096000000, "bytes_sram_1": 820377280, "hitrate_2": 32.65559375, "accesses_1": 256000000, "hitrate_1": 20.0287421875, "bytes_sram_total": 2960494272}