{"hits_total": 93125364, "cache_capacity_2": 146688, "cache_entries_total": 16383, "cache_capacity_1": 243792, "bytes_total": 10649600000, "filter_ratio": 0.2, "accesses_2": 51200000, "accesses_total": 307200000, "cache_ratio": 0.93, "bytes_2": 6553600000, "cache_entries_1": 15237, "cache_capacity_total": 2097152, "hits_1": 87139660, "hits_2": 5985704, "hitrate_total": 30.31424609375, "cache_entries_2": 1146, "bytes_sram_2": 766170112, "bytes_1": 4096000000, "bytes_sram_1": 1394234560, "hitrate_2": 11.690828125, "accesses_1": 256000000, "hitrate_1": 34.0389296875, "bytes_sram_total": 2160404672}