{"hits_total": 119880240, "cache_capacity_2": 0, "cache_entries_total": 65536, "cache_capacity_1": 1048576, "bytes_total": 10649600000, "filter_ratio": 0.2, "accesses_2": 51200000, "accesses_total": 307200000, "cache_ratio": 1.0, "bytes_2": 6553600000, "cache_entries_1": 65536, "cache_capacity_total": 8388608, "hits_1": 119880240, "hits_2": 0, "hitrate_total": 39.023515625, "cache_entries_2": 0, "bytes_sram_2": 0, "bytes_1": 4096000000, "bytes_sram_1": 1918083840, "hitrate_2": 0.0, "accesses_1": 256000000, "hitrate_1": 46.82821875, "bytes_sram_total": 1918083840}