{"hits_total": 130835808, "cache_capacity_2": 2516480, "cache_entries_total": 65535, "cache_capacity_1": 734000, "bytes_total": 10649600000, "filter_ratio": 0.2, "accesses_2": 51200000, "accesses_total": 307200000, "cache_ratio": 0.7, "bytes_2": 6553600000, "cache_entries_1": 45875, "cache_capacity_total": 8388608, "hits_1": 112222904, "hits_2": 18612904, "hitrate_total": 42.58978125, "cache_entries_2": 19660, "bytes_sram_2": 2382451712, "bytes_1": 4096000000, "bytes_sram_1": 1795566464, "hitrate_2": 36.353328125, "accesses_1": 256000000, "hitrate_1": 43.837071875, "bytes_sram_total": 4178018176}