{"hits_total": 93705084, "cache_capacity_2": 11702016, "cache_entries_total": 98303, "cache_capacity_1": 110096, "bytes_total": 10649600000, "filter_ratio": 0.2, "accesses_2": 51200000, "accesses_total": 307200000, "cache_ratio": 0.07, "bytes_2": 6553600000, "cache_entries_1": 6881, "cache_capacity_total": 12582912, "hits_1": 68367280, "hits_2": 25337804, "hitrate_total": 30.50295703125, "cache_entries_2": 91422, "bytes_sram_2": 3243238912, "bytes_1": 4096000000, "bytes_sram_1": 1093876480, "hitrate_2": 49.4878984375, "accesses_1": 256000000, "hitrate_1": 26.70596875, "bytes_sram_total": 4337115392}