{"hits_total": 137400072, "cache_capacity_2": 377472, "cache_entries_total": 98303, "cache_capacity_1": 1525664, "bytes_total": 10649600000, "filter_ratio": 0.2, "accesses_2": 51200000, "accesses_total": 307200000, "cache_ratio": 0.97, "bytes_2": 6553600000, "cache_entries_1": 95354, "cache_capacity_total": 12582912, "hits_1": 127614480, "hits_2": 9785592, "hitrate_total": 44.7265859375, "cache_entries_2": 2949, "bytes_sram_2": 1252555776, "bytes_1": 4096000000, "bytes_sram_1": 2041831680, "hitrate_2": 19.112484375, "accesses_1": 256000000, "hitrate_1": 49.84940625, "bytes_sram_total": 3294387456}