{"hits_total": 47371376, "cache_capacity_2": 1950336, "cache_entries_total": 16383, "cache_capacity_1": 18336, "bytes_total": 10649600000, "filter_ratio": 0.2, "accesses_2": 51200000, "accesses_total": 307200000, "cache_ratio": 0.07, "bytes_2": 6553600000, "cache_entries_1": 1146, "cache_capacity_total": 2097152, "hits_1": 29945204, "hits_2": 17426172, "hitrate_total": 15.420369791666667, "cache_entries_2": 15237, "bytes_sram_2": 2230550016, "bytes_1": 4096000000, "bytes_sram_1": 479123264, "hitrate_2": 34.0354921875, "accesses_1": 256000000, "hitrate_1": 11.6973453125, "bytes_sram_total": 2709673280}