{"hits_total": 133919276, "cache_capacity_2": 0, "cache_entries_total": 131072, "cache_capacity_1": 2097152, "bytes_total": 10649600000, "filter_ratio": 0.2, "accesses_2": 51200000, "accesses_total": 307200000, "cache_ratio": 1.0, "bytes_2": 6553600000, "cache_entries_1": 131072, "cache_capacity_total": 16777216, "hits_1": 133919276, "hits_2": 0, "hitrate_total": 43.59351432291667, "cache_entries_2": 0, "bytes_sram_2": 0, "bytes_1": 4096000000, "bytes_sram_1": 2142708416, "hitrate_2": 0.0, "accesses_1": 256000000, "hitrate_1": 52.3122171875, "bytes_sram_total": 2142708416}