{"hits_total": 109939120, "cache_capacity_2": 15099392, "cache_entries_total": 131071, "cache_capacity_1": 209712, "bytes_total": 10649600000, "filter_ratio": 0.2, "accesses_2": 51200000, "accesses_total": 307200000, "cache_ratio": 0.1, "bytes_2": 6553600000, "cache_entries_1": 13107, "cache_capacity_total": 16777216, "hits_1": 83584100, "hits_2": 26355020, "hitrate_total": 35.78747395833334, "cache_entries_2": 117964, "bytes_sram_2": 3373442560, "bytes_1": 4096000000, "bytes_sram_1": 1337345600, "hitrate_2": 51.4746484375, "accesses_1": 256000000, "hitrate_1": 32.6500390625, "bytes_sram_total": 4710788160}