{"hits_total": 70723568, "cache_capacity_2": 419328, "cache_entries_total": 8191, "cache_capacity_1": 78640, "bytes_total": 10649600000, "filter_ratio": 0.2, "accesses_2": 51200000, "accesses_total": 307200000, "cache_ratio": 0.6, "bytes_2": 6553600000, "cache_entries_1": 4915, "cache_capacity_total": 1048576, "hits_1": 60474556, "hits_2": 10249012, "hitrate_total": 23.021994791666668, "cache_entries_2": 3276, "bytes_sram_2": 1311873536, "bytes_1": 4096000000, "bytes_sram_1": 967592896, "hitrate_2": 20.0176015625, "accesses_1": 256000000, "hitrate_1": 23.6228734375, "bytes_sram_total": 2279466432}