{"hits_total": 107496332, "cache_capacity_2": 15267200, "cache_entries_total": 131071, "cache_capacity_1": 188736, "bytes_total": 10649600000, "filter_ratio": 0.2, "accesses_2": 51200000, "accesses_total": 307200000, "cache_ratio": 0.09, "bytes_2": 6553600000, "cache_entries_1": 11796, "cache_capacity_total": 16777216, "hits_1": 81097592, "hits_2": 26398740, "hitrate_total": 34.99229557291667, "cache_entries_2": 119275, "bytes_sram_2": 3379038720, "bytes_1": 4096000000, "bytes_sram_1": 1297561472, "hitrate_2": 51.5600390625, "accesses_1": 256000000, "hitrate_1": 31.678746875, "bytes_sram_total": 4676600192}