{"hits_total": 136456636, "cache_capacity_2": 6291456, "cache_entries_total": 98304, "cache_capacity_1": 786432, "bytes_total": 10649600000, "filter_ratio": 0.2, "accesses_2": 51200000, "accesses_total": 307200000, "cache_ratio": 0.5, "bytes_2": 6553600000, "cache_entries_1": 49152, "cache_capacity_total": 12582912, "hits_1": 113727180, "hits_2": 22729456, "hitrate_total": 44.419477864583335, "cache_entries_2": 49152, "bytes_sram_2": 2909370368, "bytes_1": 4096000000, "bytes_sram_1": 1819634880, "hitrate_2": 44.39346875, "accesses_1": 256000000, "hitrate_1": 44.4246796875, "bytes_sram_total": 4729005248}