{"hits_total": 112430352, "cache_capacity_2": 377472, "cache_entries_total": 32767, "cache_capacity_1": 477088, "bytes_total": 10649600000, "filter_ratio": 0.2, "accesses_2": 51200000, "accesses_total": 307200000, "cache_ratio": 0.91, "bytes_2": 6553600000, "cache_entries_1": 29818, "cache_capacity_total": 4194304, "hits_1": 102644760, "hits_2": 9785592, "hitrate_total": 36.598421875, "cache_entries_2": 2949, "bytes_sram_2": 1252555776, "bytes_1": 4096000000, "bytes_sram_1": 1642316160, "hitrate_2": 19.112484375, "accesses_1": 256000000, "hitrate_1": 40.095609375, "bytes_sram_total": 2894871936}