{"hits_total": 34516020, "cache_capacity_2": 2034176, "cache_entries_total": 16383, "cache_capacity_1": 7856, "bytes_total": 10649600000, "filter_ratio": 0.2, "accesses_2": 51200000, "accesses_total": 307200000, "cache_ratio": 0.03, "bytes_2": 6553600000, "cache_entries_1": 491, "cache_capacity_total": 2097152, "hits_1": 16894952, "hits_2": 17621068, "hitrate_total": 11.23568359375, "cache_entries_2": 15892, "bytes_sram_2": 2255496704, "bytes_1": 4096000000, "bytes_sram_1": 270319232, "hitrate_2": 34.4161484375, "accesses_1": 256000000, "hitrate_1": 6.599590625, "bytes_sram_total": 2525815936}