{"hits_total": 89978028, "cache_capacity_2": 20864, "cache_entries_total": 16383, "cache_capacity_1": 259520, "bytes_total": 10649600000, "filter_ratio": 0.2, "accesses_2": 51200000, "accesses_total": 307200000, "cache_ratio": 0.99, "bytes_2": 6553600000, "cache_entries_1": 16220, "cache_capacity_total": 2097152, "hits_1": 88601724, "hits_2": 1376304, "hitrate_total": 29.28972265625, "cache_entries_2": 163, "bytes_sram_2": 176166912, "bytes_1": 4096000000, "bytes_sram_1": 1417627584, "hitrate_2": 2.68809375, "accesses_1": 256000000, "hitrate_1": 34.6100484375, "bytes_sram_total": 1593794496}