{"hits_total": 74775228, "cache_capacity_2": 5851008, "cache_entries_total": 49151, "cache_capacity_1": 55040, "bytes_total": 10649600000, "filter_ratio": 0.2, "accesses_2": 51200000, "accesses_total": 307200000, "cache_ratio": 0.07, "bytes_2": 6553600000, "cache_entries_1": 3440, "cache_capacity_total": 6291456, "hits_1": 52358816, "hits_2": 22416412, "hitrate_total": 24.34089453125, "cache_entries_2": 45711, "bytes_sram_2": 2869300736, "bytes_1": 4096000000, "bytes_sram_1": 837741056, "hitrate_2": 43.7820546875, "accesses_1": 256000000, "hitrate_1": 20.4526625, "bytes_sram_total": 3707041792}