{"hits_total": 92478804, "cache_capacity_2": 104832, "cache_entries_total": 16383, "cache_capacity_1": 249024, "bytes_total": 10649600000, "filter_ratio": 0.2, "accesses_2": 51200000, "accesses_total": 307200000, "cache_ratio": 0.95, "bytes_2": 6553600000, "cache_entries_1": 15564, "cache_capacity_total": 2097152, "hits_1": 87634708, "hits_2": 4844096, "hitrate_total": 30.10377734375, "cache_entries_2": 819, "bytes_sram_2": 620044288, "bytes_1": 4096000000, "bytes_sram_1": 1402155328, "hitrate_2": 9.461125, "accesses_1": 256000000, "hitrate_1": 34.2323078125, "bytes_sram_total": 2022199616}