{"hits_total": 57807952, "cache_capacity_2": 733952, "cache_entries_total": 8191, "cache_capacity_1": 39312, "bytes_total": 10649600000, "filter_ratio": 0.2, "accesses_2": 51200000, "accesses_total": 307200000, "cache_ratio": 0.3, "bytes_2": 6553600000, "cache_entries_1": 2457, "cache_capacity_total": 1048576, "hits_1": 44991136, "hits_2": 12816816, "hitrate_total": 18.817692708333333, "cache_entries_2": 5734, "bytes_sram_2": 1640552448, "bytes_1": 4096000000, "bytes_sram_1": 719858176, "hitrate_2": 25.03284375, "accesses_1": 256000000, "hitrate_1": 17.5746625, "bytes_sram_total": 2360410624}