{"hits_total": 82013816, "cache_capacity_2": 16273792, "cache_entries_total": 131071, "cache_capacity_1": 62912, "bytes_total": 10649600000, "filter_ratio": 0.2, "accesses_2": 51200000, "accesses_total": 307200000, "cache_ratio": 0.03, "bytes_2": 6553600000, "cache_entries_1": 3932, "cache_capacity_total": 16777216, "hits_1": 55367464, "hits_2": 26646352, "hitrate_total": 26.697205729166665, "cache_entries_2": 127139, "bytes_sram_2": 3410733056, "bytes_1": 4096000000, "bytes_sram_1": 885879424, "hitrate_2": 52.04365625, "accesses_1": 256000000, "hitrate_1": 21.627915625, "bytes_sram_total": 4296612480}