{"hits_total": 115512500, "cache_capacity_2": 5872000, "cache_entries_total": 65535, "cache_capacity_1": 314560, "bytes_total": 10649600000, "filter_ratio": 0.2, "accesses_2": 51200000, "accesses_total": 307200000, "cache_ratio": 0.3, "bytes_2": 6553600000, "cache_entries_1": 19660, "cache_capacity_total": 8388608, "hits_1": 93081492, "hits_2": 22431008, "hitrate_total": 37.601725260416664, "cache_entries_2": 45875, "bytes_sram_2": 2871169024, "bytes_1": 4096000000, "bytes_sram_1": 1489303872, "hitrate_2": 43.8105625, "accesses_1": 256000000, "hitrate_1": 36.3599578125, "bytes_sram_total": 4360472896}