{"hits_total": 41774596, "cache_capacity_2": 1992192, "cache_entries_total": 16383, "cache_capacity_1": 13104, "bytes_total": 10649600000, "filter_ratio": 0.2, "accesses_2": 51200000, "accesses_total": 307200000, "cache_ratio": 0.05, "bytes_2": 6553600000, "cache_entries_1": 819, "cache_capacity_total": 2097152, "hits_1": 24249980, "hits_2": 17524616, "hitrate_total": 13.598501302083333, "cache_entries_2": 15564, "bytes_sram_2": 2243150848, "bytes_1": 4096000000, "bytes_sram_1": 387999680, "hitrate_2": 34.227765625, "accesses_1": 256000000, "hitrate_1": 9.4726484375, "bytes_sram_total": 2631150528}