{"hits_total": 57362460, "cache_capacity_2": 3984512, "cache_entries_total": 32767, "cache_capacity_1": 26208, "bytes_total": 10649600000, "filter_ratio": 0.2, "accesses_2": 51200000, "accesses_total": 307200000, "cache_ratio": 0.05, "bytes_2": 6553600000, "cache_entries_1": 1638, "cache_capacity_total": 4194304, "hits_1": 36647032, "hits_2": 20715428, "hitrate_total": 18.67267578125, "cache_entries_2": 31129, "bytes_sram_2": 2651574784, "bytes_1": 4096000000, "bytes_sram_1": 586352512, "hitrate_2": 40.4598203125, "accesses_1": 256000000, "hitrate_1": 14.315246875, "bytes_sram_total": 3237927296}