{"hits_total": 75015328, "cache_capacity_2": 7969152, "cache_entries_total": 65535, "cache_capacity_1": 52416, "bytes_total": 10649600000, "filter_ratio": 0.2, "accesses_2": 51200000, "accesses_total": 307200000, "cache_ratio": 0.05, "bytes_2": 6553600000, "cache_entries_1": 3276, "cache_capacity_total": 8388608, "hits_1": 51273580, "hits_2": 23741748, "hitrate_total": 24.419052083333334, "cache_entries_2": 62259, "bytes_sram_2": 3038943744, "bytes_1": 4096000000, "bytes_sram_1": 820377280, "hitrate_2": 46.3706015625, "accesses_1": 256000000, "hitrate_1": 20.0287421875, "bytes_sram_total": 3859321024}