{"hits_total": 93786324, "cache_capacity_2": 15938304, "cache_entries_total": 131071, "cache_capacity_1": 104848, "bytes_total": 10649600000, "filter_ratio": 0.2, "accesses_2": 51200000, "accesses_total": 307200000, "cache_ratio": 0.05, "bytes_2": 6553600000, "cache_entries_1": 6553, "cache_capacity_total": 16777216, "hits_1": 67221196, "hits_2": 26565128, "hitrate_total": 30.52940234375, "cache_entries_2": 124518, "bytes_sram_2": 3400336384, "bytes_1": 4096000000, "bytes_sram_1": 1075539136, "hitrate_2": 51.885015625, "accesses_1": 256000000, "hitrate_1": 26.2582796875, "bytes_sram_total": 4475875520}