{"hits_total": 64144876, "cache_capacity_2": 3900672, "cache_entries_total": 32767, "cache_capacity_1": 36688, "bytes_total": 10649600000, "filter_ratio": 0.2, "accesses_2": 51200000, "accesses_total": 307200000, "cache_ratio": 0.07, "bytes_2": 6553600000, "cache_entries_1": 2293, "cache_capacity_total": 4194304, "hits_1": 43525548, "hits_2": 20619328, "hitrate_total": 20.880493489583333, "cache_entries_2": 30474, "bytes_sram_2": 2639273984, "bytes_1": 4096000000, "bytes_sram_1": 696408768, "hitrate_2": 40.272125, "accesses_1": 256000000, "hitrate_1": 17.0021671875, "bytes_sram_total": 3335682752}