{"hits_total": 67498824, "cache_capacity_2": 5976832, "cache_entries_total": 49151, "cache_capacity_1": 39312, "bytes_total": 10649600000, "filter_ratio": 0.2, "accesses_2": 51200000, "accesses_total": 307200000, "cache_ratio": 0.05, "bytes_2": 6553600000, "cache_entries_1": 2457, "cache_capacity_total": 6291456, "hits_1": 44991136, "hits_2": 22507688, "hitrate_total": 21.9722734375, "cache_entries_2": 46694, "bytes_sram_2": 2880984064, "bytes_1": 4096000000, "bytes_sram_1": 719858176, "hitrate_2": 43.960328125, "accesses_1": 256000000, "hitrate_1": 17.5746625, "bytes_sram_total": 3600842240}