{"hits_total": 148296884, "cache_capacity_2": 1509888, "cache_entries_total": 131071, "cache_capacity_1": 1908400, "bytes_total": 10649600000, "filter_ratio": 0.2, "accesses_2": 51200000, "accesses_total": 307200000, "cache_ratio": 0.91, "bytes_2": 6553600000, "cache_entries_1": 119275, "cache_capacity_total": 16777216, "hits_1": 132075340, "hits_2": 16221544, "hitrate_total": 48.27372526041667, "cache_entries_2": 11796, "bytes_sram_2": 2076357632, "bytes_1": 4096000000, "bytes_sram_1": 2113205440, "hitrate_2": 31.682703125, "accesses_1": 256000000, "hitrate_1": 51.5919296875, "bytes_sram_total": 4189563072}