{"hits_total": 51918400, "cache_capacity_2": 1908352, "cache_entries_total": 16383, "cache_capacity_1": 23584, "bytes_total": 10649600000, "filter_ratio": 0.2, "accesses_2": 51200000, "accesses_total": 307200000, "cache_ratio": 0.09, "bytes_2": 6553600000, "cache_entries_1": 1474, "cache_capacity_total": 2097152, "hits_1": 34595524, "hits_2": 17322876, "hitrate_total": 16.900520833333335, "cache_entries_2": 14909, "bytes_sram_2": 2217328128, "bytes_1": 4096000000, "bytes_sram_1": 553528384, "hitrate_2": 33.8337421875, "accesses_1": 256000000, "hitrate_1": 13.5138765625, "bytes_sram_total": 2770856512}