{"hits_total": 71744244, "cache_capacity_2": 3774848, "cache_entries_total": 32767, "cache_capacity_1": 52416, "bytes_total": 10649600000, "filter_ratio": 0.2, "accesses_2": 51200000, "accesses_total": 307200000, "cache_ratio": 0.1, "bytes_2": 6553600000, "cache_entries_1": 3276, "cache_capacity_total": 4194304, "hits_1": 51273580, "hits_2": 20470664, "hitrate_total": 23.35424609375, "cache_entries_2": 29491, "bytes_sram_2": 2620244992, "bytes_1": 4096000000, "bytes_sram_1": 820377280, "hitrate_2": 39.981765625, "accesses_1": 256000000, "hitrate_1": 20.0287421875, "bytes_sram_total": 3440622272}