{"hits_total": 121610716, "cache_capacity_2": 314496, "cache_entries_total": 49151, "cache_capacity_1": 747104, "bytes_total": 10649600000, "filter_ratio": 0.2, "accesses_2": 51200000, "accesses_total": 307200000, "cache_ratio": 0.95, "bytes_2": 6553600000, "cache_entries_1": 46694, "cache_capacity_total": 6291456, "hits_1": 112614308, "hits_2": 8996408, "hitrate_total": 39.586821614583336, "cache_entries_2": 2457, "bytes_sram_2": 1151540224, "bytes_1": 4096000000, "bytes_sram_1": 1801828928, "hitrate_2": 17.571109375, "accesses_1": 256000000, "hitrate_1": 43.9899640625, "bytes_sram_total": 2953369152}