{"hits_total": 146364692, "cache_capacity_2": 838784, "cache_entries_total": 131071, "cache_capacity_1": 1992288, "bytes_total": 10649600000, "filter_ratio": 0.2, "accesses_2": 51200000, "accesses_total": 307200000, "cache_ratio": 0.95, "bytes_2": 6553600000, "cache_entries_1": 124518, "cache_capacity_total": 16777216, "hits_1": 132921148, "hits_2": 13443544, "hitrate_total": 47.64475651041667, "cache_entries_2": 6553, "bytes_sram_2": 1720773632, "bytes_1": 4096000000, "bytes_sram_1": 2126738368, "hitrate_2": 26.256921875, "accesses_1": 256000000, "hitrate_1": 51.9223234375, "bytes_sram_total": 3847512000}