{"hits_total": 140200180, "cache_capacity_2": 167680, "cache_entries_total": 131071, "cache_capacity_1": 2076176, "bytes_total": 10649600000, "filter_ratio": 0.2, "accesses_2": 51200000, "accesses_total": 307200000, "cache_ratio": 0.99, "bytes_2": 6553600000, "cache_entries_1": 129761, "cache_capacity_total": 16777216, "hits_1": 133724712, "hits_2": 6475468, "hitrate_total": 45.63807942708333, "cache_entries_2": 1310, "bytes_sram_2": 828859904, "bytes_1": 4096000000, "bytes_sram_1": 2139595392, "hitrate_2": 12.6473984375, "accesses_1": 256000000, "hitrate_1": 52.236215625, "bytes_sram_total": 2968455296}