{"hits_total": 122613336, "cache_capacity_2": 440320, "cache_entries_total": 49151, "cache_capacity_1": 731376, "bytes_total": 10649600000, "filter_ratio": 0.2, "accesses_2": 51200000, "accesses_total": 307200000, "cache_ratio": 0.93, "bytes_2": 6553600000, "cache_entries_1": 45711, "cache_capacity_total": 6291456, "hits_1": 112145072, "hits_2": 10468264, "hitrate_total": 39.9131953125, "cache_entries_2": 3440, "bytes_sram_2": 1339937792, "bytes_1": 4096000000, "bytes_sram_1": 1794321152, "hitrate_2": 20.445828125, "accesses_1": 256000000, "hitrate_1": 43.80666875, "bytes_sram_total": 3134258944}