{"hits_total": 132356416, "cache_capacity_2": 7549696, "cache_entries_total": 98303, "cache_capacity_1": 629136, "bytes_total": 10649600000, "filter_ratio": 0.2, "accesses_2": 51200000, "accesses_total": 307200000, "cache_ratio": 0.4, "bytes_2": 6553600000, "cache_entries_1": 39321, "cache_capacity_total": 12582912, "hits_1": 108845280, "hits_2": 23511136, "hitrate_total": 43.08477083333333, "cache_entries_2": 58982, "bytes_sram_2": 3009425408, "bytes_1": 4096000000, "bytes_sram_1": 1741524480, "hitrate_2": 45.9201875, "accesses_1": 256000000, "hitrate_1": 42.5176875, "bytes_sram_total": 4750949888}