{"hits_total": 117801612, "cache_capacity_2": 10066304, "cache_entries_total": 98303, "cache_capacity_1": 314560, "bytes_total": 10649600000, "filter_ratio": 0.2, "accesses_2": 51200000, "accesses_total": 307200000, "cache_ratio": 0.2, "bytes_2": 6553600000, "cache_entries_1": 19660, "cache_capacity_total": 12582912, "hits_1": 93081492, "hits_2": 24720120, "hitrate_total": 38.34687890625, "cache_entries_2": 78643, "bytes_sram_2": 3164175360, "bytes_1": 4096000000, "bytes_sram_1": 1489303872, "hitrate_2": 48.281484375, "accesses_1": 256000000, "hitrate_1": 36.3599578125, "bytes_sram_total": 4653479232}