{"hits_total": 109544284, "cache_capacity_2": 125824, "cache_entries_total": 32767, "cache_capacity_1": 508544, "bytes_total": 10649600000, "filter_ratio": 0.2, "accesses_2": 51200000, "accesses_total": 307200000, "cache_ratio": 0.97, "bytes_2": 6553600000, "cache_entries_1": 31784, "cache_capacity_total": 4194304, "hits_1": 104100024, "hits_2": 5444260, "hitrate_total": 35.658946614583336, "cache_entries_2": 983, "bytes_sram_2": 696865280, "bytes_1": 4096000000, "bytes_sram_1": 1665600384, "hitrate_2": 10.6333203125, "accesses_1": 256000000, "hitrate_1": 40.664071875, "bytes_sram_total": 2362465664}