{"hits_total": 107530988, "cache_capacity_2": 4403968, "cache_entries_total": 49151, "cache_capacity_1": 235920, "bytes_total": 10649600000, "filter_ratio": 0.2, "accesses_2": 51200000, "accesses_total": 307200000, "cache_ratio": 0.3, "bytes_2": 6553600000, "cache_entries_1": 14745, "cache_capacity_total": 6291456, "hits_1": 86363436, "hits_2": 21167552, "hitrate_total": 35.00357682291666, "cache_entries_2": 34406, "bytes_sram_2": 2709446656, "bytes_1": 4096000000, "bytes_sram_1": 1381814976, "hitrate_2": 41.342875, "accesses_1": 256000000, "hitrate_1": 33.7357171875, "bytes_sram_total": 4091261632}