{"hits_total": 82528100, "cache_capacity_2": 7801344, "cache_entries_total": 65535, "cache_capacity_1": 73392, "bytes_total": 10649600000, "filter_ratio": 0.2, "accesses_2": 51200000, "accesses_total": 307200000, "cache_ratio": 0.07, "bytes_2": 6553600000, "cache_entries_1": 4587, "cache_capacity_total": 8388608, "hits_1": 58876892, "hits_2": 23651208, "hitrate_total": 26.864615885416665, "cache_entries_2": 60948, "bytes_sram_2": 3027354624, "bytes_1": 4096000000, "bytes_sram_1": 942030272, "hitrate_2": 46.193765625, "accesses_1": 256000000, "hitrate_1": 22.9987859375, "bytes_sram_total": 3969384896}