{"hits_total": 44733784, "cache_capacity_2": 8304640, "cache_entries_total": 65535, "cache_capacity_1": 10480, "bytes_total": 10649600000, "filter_ratio": 0.2, "accesses_2": 51200000, "accesses_total": 307200000, "cache_ratio": 0.01, "bytes_2": 6553600000, "cache_entries_1": 655, "cache_capacity_total": 8388608, "hits_1": 20814944, "hits_2": 23918840, "hitrate_total": 14.561778645833334, "cache_entries_2": 64880, "bytes_sram_2": 3061611520, "bytes_1": 4096000000, "bytes_sram_1": 333039104, "hitrate_2": 46.716484375, "accesses_1": 256000000, "hitrate_1": 8.1308375, "bytes_sram_total": 3394650624}