{"hits_total": 146680924, "cache_capacity_2": 6710784, "cache_entries_total": 131071, "cache_capacity_1": 1258288, "bytes_total": 10649600000, "filter_ratio": 0.2, "accesses_2": 51200000, "accesses_total": 307200000, "cache_ratio": 0.6, "bytes_2": 6553600000, "cache_entries_1": 78643, "cache_capacity_total": 16777216, "hits_1": 123674140, "hits_2": 23006784, "hitrate_total": 47.74769661458333, "cache_entries_2": 52428, "bytes_sram_2": 2944868352, "bytes_1": 4096000000, "bytes_sram_1": 1978786240, "hitrate_2": 44.935125, "accesses_1": 256000000, "hitrate_1": 48.3102109375, "bytes_sram_total": 4923654592}