{"hits_total": 24127956, "cache_capacity_2": 1017088, "cache_entries_total": 8191, "cache_capacity_1": 3920, "bytes_total": 10649600000, "filter_ratio": 0.2, "accesses_2": 51200000, "accesses_total": 307200000, "cache_ratio": 0.03, "bytes_2": 6553600000, "cache_entries_1": 245, "cache_capacity_total": 1048576, "hits_1": 9778128, "hits_2": 14349828, "hitrate_total": 7.85415234375, "cache_entries_2": 7946, "bytes_sram_2": 1836777984, "bytes_1": 4096000000, "bytes_sram_1": 156450048, "hitrate_2": 28.0270078125, "accesses_1": 256000000, "hitrate_1": 3.81958125, "bytes_sram_total": 1993228032}