{"hits_total": 93547624, "cache_capacity_2": 188672, "cache_entries_total": 16383, "cache_capacity_1": 238544, "bytes_total": 10649600000, "filter_ratio": 0.2, "accesses_2": 51200000, "accesses_total": 307200000, "cache_ratio": 0.91, "bytes_2": 6553600000, "cache_entries_1": 14909, "cache_capacity_total": 2097152, "hits_1": 86625528, "hits_2": 6922096, "hitrate_total": 30.451700520833334, "cache_entries_2": 1474, "bytes_sram_2": 886028288, "bytes_1": 4096000000, "bytes_sram_1": 1386008448, "hitrate_2": 13.51971875, "accesses_1": 256000000, "hitrate_1": 33.838096875, "bytes_sram_total": 2272036736}