{"hits_total": 106590884, "cache_capacity_2": 6710784, "cache_entries_total": 65535, "cache_capacity_1": 209712, "bytes_total": 10649600000, "filter_ratio": 0.2, "accesses_2": 51200000, "accesses_total": 307200000, "cache_ratio": 0.2, "bytes_2": 6553600000, "cache_entries_1": 13107, "cache_capacity_total": 8388608, "hits_1": 83584100, "hits_2": 23006784, "hitrate_total": 34.69755338541667, "cache_entries_2": 52428, "bytes_sram_2": 2944868352, "bytes_1": 4096000000, "bytes_sram_1": 1337345600, "hitrate_2": 44.935125, "accesses_1": 256000000, "hitrate_1": 32.6500390625, "bytes_sram_total": 4282213952}