{"hits_total": 18122912, "cache_capacity_2": 1038080, "cache_entries_total": 8191, "cache_capacity_1": 1296, "bytes_total": 10649600000, "filter_ratio": 0.2, "accesses_2": 51200000, "accesses_total": 307200000, "cache_ratio": 0.01, "bytes_2": 6553600000, "cache_entries_1": 81, "cache_capacity_total": 1048576, "hits_1": 3676016, "hits_2": 14446896, "hitrate_total": 5.899385416666667, "cache_entries_2": 8110, "bytes_sram_2": 1849202688, "bytes_1": 4096000000, "bytes_sram_1": 58816256, "hitrate_2": 28.21659375, "accesses_1": 256000000, "hitrate_1": 1.43594375, "bytes_sram_total": 1908018944}