{"hits_total": 74774840, "cache_capacity_2": 94336, "cache_entries_total": 8191, "cache_capacity_1": 119264, "bytes_total": 10649600000, "filter_ratio": 0.2, "accesses_2": 51200000, "accesses_total": 307200000, "cache_ratio": 0.91, "bytes_2": 6553600000, "cache_entries_1": 7454, "cache_capacity_total": 1048576, "hits_1": 70251432, "hits_2": 4523408, "hitrate_total": 24.340768229166667, "cache_entries_2": 737, "bytes_sram_2": 578996224, "bytes_1": 4096000000, "bytes_sram_1": 1124022912, "hitrate_2": 8.83478125, "accesses_1": 256000000, "hitrate_1": 27.441965625, "bytes_sram_total": 1703019136}