{"hits_total": 141175236, "cache_capacity_2": 1132416, "cache_entries_total": 98303, "cache_capacity_1": 1431296, "bytes_total": 10649600000, "filter_ratio": 0.2, "accesses_2": 51200000, "accesses_total": 307200000, "cache_ratio": 0.91, "bytes_2": 6553600000, "cache_entries_1": 89456, "cache_capacity_total": 12582912, "hits_1": 126317616, "hits_2": 14857620, "hitrate_total": 45.95548046875, "cache_entries_2": 8847, "bytes_sram_2": 1901775360, "bytes_1": 4096000000, "bytes_sram_1": 2021081856, "hitrate_2": 29.0187890625, "accesses_1": 256000000, "hitrate_1": 49.34281875, "bytes_sram_total": 3922857216}