{"hits_total": 139840144, "cache_capacity_2": 10066304, "cache_entries_total": 131071, "cache_capacity_1": 838848, "bytes_total": 10649600000, "filter_ratio": 0.2, "accesses_2": 51200000, "accesses_total": 307200000, "cache_ratio": 0.4, "bytes_2": 6553600000, "cache_entries_1": 52428, "cache_capacity_total": 16777216, "hits_1": 115120024, "hits_2": 24720120, "hitrate_total": 45.52088020833333, "cache_entries_2": 78643, "bytes_sram_2": 3164175360, "bytes_1": 4096000000, "bytes_sram_1": 1841920384, "hitrate_2": 48.281484375, "accesses_1": 256000000, "hitrate_1": 44.968759375, "bytes_sram_total": 5006095744}