{"hits_total": 25627248, "cache_capacity_2": 12582912, "cache_entries_total": 98304, "cache_capacity_1": 0, "bytes_total": 10649600000, "filter_ratio": 0.2, "accesses_2": 51200000, "accesses_total": 307200000, "cache_ratio": 0.0, "bytes_2": 6553600000, "cache_entries_1": 0, "cache_capacity_total": 12582912, "hits_1": 0, "hits_2": 25627248, "hitrate_total": 8.342203125, "cache_entries_2": 98304, "bytes_sram_2": 3280287744, "bytes_1": 4096000000, "bytes_sram_1": 0, "hitrate_2": 50.05321875, "accesses_1": 256000000, "hitrate_1": 0.0, "bytes_sram_total": 3280287744}