{"hits_total": 23961060, "cache_capacity_2": 8388608, "cache_entries_total": 65536, "cache_capacity_1": 0, "bytes_total": 10649600000, "filter_ratio": 0.2, "accesses_2": 51200000, "accesses_total": 307200000, "cache_ratio": 0.0, "bytes_2": 6553600000, "cache_entries_1": 0, "cache_capacity_total": 8388608, "hits_1": 0, "hits_2": 23961060, "hitrate_total": 7.79982421875, "cache_entries_2": 65536, "bytes_sram_2": 3067015680, "bytes_1": 4096000000, "bytes_sram_1": 0, "hitrate_2": 46.7989453125, "accesses_1": 256000000, "hitrate_1": 0.0, "bytes_sram_total": 3067015680}