{"hits_total": 113552156, "cache_capacity_2": 3774848, "cache_entries_total": 49151, "cache_capacity_1": 314560, "bytes_total": 10649600000, "filter_ratio": 0.2, "accesses_2": 51200000, "accesses_total": 307200000, "cache_ratio": 0.4, "bytes_2": 6553600000, "cache_entries_1": 19660, "cache_capacity_total": 6291456, "hits_1": 93081492, "hits_2": 20470664, "hitrate_total": 36.96359244791667, "cache_entries_2": 29491, "bytes_sram_2": 2620244992, "bytes_1": 4096000000, "bytes_sram_1": 1489303872, "hitrate_2": 39.981765625, "accesses_1": 256000000, "hitrate_1": 36.3599578125, "bytes_sram_total": 4109548864}