{"hits_total": 134198376, "cache_capacity_2": 11744000, "cache_entries_total": 131071, "cache_capacity_1": 629136, "bytes_total": 10649600000, "filter_ratio": 0.2, "accesses_2": 51200000, "accesses_total": 307200000, "cache_ratio": 0.3, "bytes_2": 6553600000, "cache_entries_1": 39321, "cache_capacity_total": 16777216, "hits_1": 108845280, "hits_2": 25353096, "hitrate_total": 43.6843671875, "cache_entries_2": 91750, "bytes_sram_2": 3245196288, "bytes_1": 4096000000, "bytes_sram_1": 1741524480, "hitrate_2": 49.517765625, "accesses_1": 256000000, "hitrate_1": 42.5176875, "bytes_sram_total": 4986720768}