{"hits_total": 87155304, "cache_capacity_2": 3355392, "cache_entries_total": 32767, "cache_capacity_1": 104848, "bytes_total": 10649600000, "filter_ratio": 0.2, "accesses_2": 51200000, "accesses_total": 307200000, "cache_ratio": 0.2, "bytes_2": 6553600000, "cache_entries_1": 6553, "cache_capacity_total": 4194304, "hits_1": 67221196, "hits_2": 19934108, "hitrate_total": 28.3708671875, "cache_entries_2": 26214, "bytes_sram_2": 2551565824, "bytes_1": 4096000000, "bytes_sram_1": 1075539136, "hitrate_2": 38.9338046875, "accesses_1": 256000000, "hitrate_1": 26.2582796875, "bytes_sram_total": 3627104960}