{"hits_total": 74551700, "cache_capacity_2": 209664, "cache_entries_total": 8191, "cache_capacity_1": 104848, "bytes_total": 10649600000, "filter_ratio": 0.2, "accesses_2": 51200000, "accesses_total": 307200000, "cache_ratio": 0.8, "bytes_2": 6553600000, "cache_entries_1": 6553, "cache_capacity_total": 1048576, "hits_1": 67221196, "hits_2": 7330504, "hitrate_total": 24.268131510416666, "cache_entries_2": 1638, "bytes_sram_2": 938304512, "bytes_1": 4096000000, "bytes_sram_1": 1075539136, "hitrate_2": 14.317390625, "accesses_1": 256000000, "hitrate_1": 26.2582796875, "bytes_sram_total": 2013843648}