{"hits_total": 128779388, "cache_capacity_2": 3355392, "cache_entries_total": 65535, "cache_capacity_1": 629136, "bytes_total": 10649600000, "filter_ratio": 0.2, "accesses_2": 51200000, "accesses_total": 307200000, "cache_ratio": 0.6, "bytes_2": 6553600000, "cache_entries_1": 39321, "cache_capacity_total": 8388608, "hits_1": 108845280, "hits_2": 19934108, "hitrate_total": 41.920373697916666, "cache_entries_2": 26214, "bytes_sram_2": 2551565824, "bytes_1": 4096000000, "bytes_sram_1": 1741524480, "hitrate_2": 38.9338046875, "accesses_1": 256000000, "hitrate_1": 42.5176875, "bytes_sram_total": 4293090304}