{"hits_total": 116882944, "cache_capacity_2": 62848, "cache_entries_total": 49151, "cache_capacity_1": 778560, "bytes_total": 10649600000, "filter_ratio": 0.2, "accesses_2": 51200000, "accesses_total": 307200000, "cache_ratio": 0.99, "bytes_2": 6553600000, "cache_entries_1": 48660, "cache_capacity_total": 6291456, "hits_1": 113505044, "hits_2": 3377900, "hitrate_total": 38.04783333333334, "cache_entries_2": 491, "bytes_sram_2": 432371200, "bytes_1": 4096000000, "bytes_sram_1": 1816080704, "hitrate_2": 6.5974609375, "accesses_1": 256000000, "hitrate_1": 44.3379078125, "bytes_sram_total": 2248451904}