{"hits_total": 123281104, "cache_capacity_2": 566144, "cache_entries_total": 49151, "cache_capacity_1": 715648, "bytes_total": 10649600000, "filter_ratio": 0.2, "accesses_2": 51200000, "accesses_total": 307200000, "cache_ratio": 0.91, "bytes_2": 6553600000, "cache_entries_1": 44728, "cache_capacity_total": 6291456, "hits_1": 111675352, "hits_2": 11605752, "hitrate_total": 40.13056770833333, "cache_entries_2": 4423, "bytes_sram_2": 1485536256, "bytes_1": 4096000000, "bytes_sram_1": 1786805632, "hitrate_2": 22.667484375, "accesses_1": 256000000, "hitrate_1": 43.623184375, "bytes_sram_total": 3272341888}