{"hits_total": 107032344, "cache_capacity_2": 41856, "cache_entries_total": 32767, "cache_capacity_1": 519040, "bytes_total": 10649600000, "filter_ratio": 0.2, "accesses_2": 51200000, "accesses_total": 307200000, "cache_ratio": 0.99, "bytes_2": 6553600000, "cache_entries_1": 32440, "cache_capacity_total": 4194304, "hits_1": 104563552, "hits_2": 2468792, "hitrate_total": 34.8412578125, "cache_entries_2": 327, "bytes_sram_2": 316005376, "bytes_1": 4096000000, "bytes_sram_1": 1673016832, "hitrate_2": 4.821859375, "accesses_1": 256000000, "hitrate_1": 40.8451375, "bytes_sram_total": 1989022208}