{"hits_total": 85900480, "cache_capacity_2": 11953664, "cache_entries_total": 98303, "cache_capacity_1": 78640, "bytes_total": 10649600000, "filter_ratio": 0.2, "accesses_2": 51200000, "accesses_total": 307200000, "cache_ratio": 0.05, "bytes_2": 6553600000, "cache_entries_1": 4915, "cache_capacity_total": 12582912, "hits_1": 60474556, "hits_2": 25425924, "hitrate_total": 27.962395833333332, "cache_entries_2": 93388, "bytes_sram_2": 3254518272, "bytes_1": 4096000000, "bytes_sram_1": 967592896, "hitrate_2": 49.6600078125, "accesses_1": 256000000, "hitrate_1": 23.6228734375, "bytes_sram_total": 4222111168}