{"hits_total": 74553032, "cache_capacity_2": 73344, "cache_entries_total": 8191, "cache_capacity_1": 121888, "bytes_total": 10649600000, "filter_ratio": 0.2, "accesses_2": 51200000, "accesses_total": 307200000, "cache_ratio": 0.93, "bytes_2": 6553600000, "cache_entries_1": 7618, "cache_capacity_total": 1048576, "hits_1": 70764848, "hits_2": 3788184, "hitrate_total": 24.268565104166665, "cache_entries_2": 573, "bytes_sram_2": 484887552, "bytes_1": 4096000000, "bytes_sram_1": 1132237568, "hitrate_2": 7.398796875, "accesses_1": 256000000, "hitrate_1": 27.64251875, "bytes_sram_total": 1617125120}