{"hits_total": 59093152, "cache_capacity_2": 16609408, "cache_entries_total": 131071, "cache_capacity_1": 20960, "bytes_total": 10649600000, "filter_ratio": 0.2, "accesses_2": 51200000, "accesses_total": 307200000, "cache_ratio": 0.01, "bytes_2": 6553600000, "cache_entries_1": 1310, "cache_capacity_total": 16777216, "hits_1": 32366748, "hits_2": 26726404, "hitrate_total": 19.236052083333334, "cache_entries_2": 129761, "bytes_sram_2": 3420979712, "bytes_1": 4096000000, "bytes_sram_1": 517867968, "hitrate_2": 52.2000078125, "accesses_1": 256000000, "hitrate_1": 12.6432609375, "bytes_sram_total": 3938847680}