{"hits_total": 124201052, "cache_capacity_2": 1258240, "cache_entries_total": 49151, "cache_capacity_1": 629136, "bytes_total": 10649600000, "filter_ratio": 0.2, "accesses_2": 51200000, "accesses_total": 307200000, "cache_ratio": 0.8, "bytes_2": 6553600000, "cache_entries_1": 39321, "cache_capacity_total": 6291456, "hits_1": 108845280, "hits_2": 15355772, "hitrate_total": 40.430029947916665, "cache_entries_2": 9830, "bytes_sram_2": 1965538816, "bytes_1": 4096000000, "bytes_sram_1": 1741524480, "hitrate_2": 29.9917421875, "accesses_1": 256000000, "hitrate_1": 42.5176875, "bytes_sram_total": 3707063296}