{"hits_total": 121006096, "cache_capacity_2": 2516480, "cache_entries_total": 49151, "cache_capacity_1": 471856, "bytes_total": 10649600000, "filter_ratio": 0.2, "accesses_2": 51200000, "accesses_total": 307200000, "cache_ratio": 0.6, "bytes_2": 6553600000, "cache_entries_1": 29491, "cache_capacity_total": 6291456, "hits_1": 102393192, "hits_2": 18612904, "hitrate_total": 39.390005208333335, "cache_entries_2": 19660, "bytes_sram_2": 2382451712, "bytes_1": 4096000000, "bytes_sram_1": 1638291072, "hitrate_2": 36.353328125, "accesses_1": 256000000, "hitrate_1": 39.997340625, "bytes_sram_total": 4020742784}