{"hits_total": 104793296, "cache_capacity_2": 0, "cache_entries_total": 32768, "cache_capacity_1": 524288, "bytes_total": 10649600000, "filter_ratio": 0.2, "accesses_2": 51200000, "accesses_total": 307200000, "cache_ratio": 1.0, "bytes_2": 6553600000, "cache_entries_1": 32768, "cache_capacity_total": 4194304, "hits_1": 104793296, "hits_2": 0, "hitrate_total": 34.112401041666665, "cache_entries_2": 0, "bytes_sram_2": 0, "bytes_1": 4096000000, "bytes_sram_1": 1676692736, "hitrate_2": 0.0, "accesses_1": 256000000, "hitrate_1": 40.93488125, "bytes_sram_total": 1676692736}