{"hits_total": 91499240, "cache_capacity_2": 62848, "cache_entries_total": 16383, "cache_capacity_1": 254272, "bytes_total": 10649600000, "filter_ratio": 0.2, "accesses_2": 51200000, "accesses_total": 307200000, "cache_ratio": 0.97, "bytes_2": 6553600000, "cache_entries_1": 15892, "cache_capacity_total": 2097152, "hits_1": 88121340, "hits_2": 3377900, "hitrate_total": 29.784908854166666, "cache_entries_2": 491, "bytes_sram_2": 432371200, "bytes_1": 4096000000, "bytes_sram_1": 1409941440, "hitrate_2": 6.5974609375, "accesses_1": 256000000, "hitrate_1": 34.4223984375, "bytes_sram_total": 1842312640}