{"hits_total": 127294600, "cache_capacity_2": 251648, "cache_entries_total": 65535, "cache_capacity_1": 1017104, "bytes_total": 10649600000, "filter_ratio": 0.2, "accesses_2": 51200000, "accesses_total": 307200000, "cache_ratio": 0.97, "bytes_2": 6553600000, "cache_entries_1": 63569, "cache_capacity_total": 8388608, "hits_1": 119229320, "hits_2": 8065280, "hitrate_total": 41.43704427083333, "cache_entries_2": 1966, "bytes_sram_2": 1032355840, "bytes_1": 4096000000, "bytes_sram_1": 1907669120, "hitrate_2": 15.7525, "accesses_1": 256000000, "hitrate_1": 46.573953125, "bytes_sram_total": 2940024960}