{"hits_total": 63367484, "cache_capacity_2": 629120, "cache_entries_total": 8191, "cache_capacity_1": 52416, "bytes_total": 10649600000, "filter_ratio": 0.2, "accesses_2": 51200000, "accesses_total": 307200000, "cache_ratio": 0.4, "bytes_2": 6553600000, "cache_entries_1": 3276, "cache_capacity_total": 1048576, "hits_1": 51273580, "hits_2": 12093904, "hitrate_total": 20.627436197916666, "cache_entries_2": 4915, "bytes_sram_2": 1548019712, "bytes_1": 4096000000, "bytes_sram_1": 820377280, "hitrate_2": 23.62090625, "accesses_1": 256000000, "hitrate_1": 20.0287421875, "bytes_sram_total": 2368396992}