{"hits_total": 36693412, "cache_capacity_2": 954112, "cache_entries_total": 8191, "cache_capacity_1": 11792, "bytes_total": 10649600000, "filter_ratio": 0.2, "accesses_2": 51200000, "accesses_total": 307200000, "cache_ratio": 0.09, "bytes_2": 6553600000, "cache_entries_1": 737, "cache_capacity_total": 1048576, "hits_1": 22644892, "hits_2": 14048520, "hitrate_total": 11.944470052083334, "cache_entries_2": 7454, "bytes_sram_2": 1798210560, "bytes_1": 4096000000, "bytes_sram_1": 362318272, "hitrate_2": 27.438515625, "accesses_1": 256000000, "hitrate_1": 8.8456609375, "bytes_sram_total": 2160528832}