{"hits_total": 86976472, "cache_capacity_2": 1048576, "cache_entries_total": 16384, "cache_capacity_1": 131072, "bytes_total": 10649600000, "filter_ratio": 0.2, "accesses_2": 51200000, "accesses_total": 307200000, "cache_ratio": 0.5, "bytes_2": 6553600000, "cache_entries_1": 8192, "cache_capacity_total": 2097152, "hits_1": 72481112, "hits_2": 14495360, "hitrate_total": 28.312653645833333, "cache_entries_2": 8192, "bytes_sram_2": 1855406080, "bytes_1": 4096000000, "bytes_sram_1": 1159697792, "hitrate_2": 28.31125, "accesses_1": 256000000, "hitrate_1": 28.312934375, "bytes_sram_total": 3015103872}