{"hits_total": 112002348, "cache_capacity_2": 1258240, "cache_entries_total": 32767, "cache_capacity_1": 366992, "bytes_total": 10649600000, "filter_ratio": 0.2, "accesses_2": 51200000, "accesses_total": 307200000, "cache_ratio": 0.7, "bytes_2": 6553600000, "cache_entries_1": 22937, "cache_capacity_total": 4194304, "hits_1": 96646576, "hits_2": 15355772, "hitrate_total": 36.45909765625, "cache_entries_2": 9830, "bytes_sram_2": 1965538816, "bytes_1": 4096000000, "bytes_sram_1": 1546345216, "hitrate_2": 29.9917421875, "accesses_1": 256000000, "hitrate_1": 37.75256875, "bytes_sram_total": 3511884032}