{"hits_total": 22729456, "cache_capacity_2": 6291456, "cache_entries_total": 49152, "cache_capacity_1": 0, "bytes_total": 10649600000, "filter_ratio": 0.2, "accesses_2": 51200000, "accesses_total": 307200000, "cache_ratio": 0.0, "bytes_2": 6553600000, "cache_entries_1": 0, "cache_capacity_total": 6291456, "hits_1": 0, "hits_2": 22729456, "hitrate_total": 7.398911458333333, "cache_entries_2": 49152, "bytes_sram_2": 2909370368, "bytes_1": 4096000000, "bytes_sram_1": 0, "hitrate_2": 44.39346875, "accesses_1": 256000000, "hitrate_1": 0.0, "bytes_sram_total": 2909370368}