{"hits_total": 133464928, "cache_capacity_2": 125824, "cache_entries_total": 98303, "cache_capacity_1": 1557120, "bytes_total": 10649600000, "filter_ratio": 0.2, "accesses_2": 51200000, "accesses_total": 307200000, "cache_ratio": 0.99, "bytes_2": 6553600000, "cache_entries_1": 97320, "cache_capacity_total": 12582912, "hits_1": 128020668, "hits_2": 5444260, "hitrate_total": 43.44561458333333, "cache_entries_2": 983, "bytes_sram_2": 696865280, "bytes_1": 4096000000, "bytes_sram_1": 2048330688, "hitrate_2": 10.6333203125, "accesses_1": 256000000, "hitrate_1": 50.0080734375, "bytes_sram_total": 2745195968}