{"hits_total": 109801156, "cache_capacity_2": 1677696, "cache_entries_total": 32767, "cache_capacity_1": 314560, "bytes_total": 10649600000, "filter_ratio": 0.2, "accesses_2": 51200000, "accesses_total": 307200000, "cache_ratio": 0.6, "bytes_2": 6553600000, "cache_entries_1": 19660, "cache_capacity_total": 4194304, "hits_1": 93081492, "hits_2": 16719664, "hitrate_total": 35.74256380208333, "cache_entries_2": 13107, "bytes_sram_2": 2140116992, "bytes_1": 4096000000, "bytes_sram_1": 1489303872, "hitrate_2": 32.65559375, "accesses_1": 256000000, "hitrate_1": 36.3599578125, "bytes_sram_total": 3629420864}