{"hits_total": 99540228, "cache_capacity_2": 11450368, "cache_entries_total": 98303, "cache_capacity_1": 141552, "bytes_total": 10649600000, "filter_ratio": 0.2, "accesses_2": 51200000, "accesses_total": 307200000, "cache_ratio": 0.09, "bytes_2": 6553600000, "cache_entries_1": 8847, "cache_capacity_total": 12582912, "hits_1": 74290712, "hits_2": 25249516, "hitrate_total": 32.40241796875, "cache_entries_2": 89456, "bytes_sram_2": 3231938048, "bytes_1": 4096000000, "bytes_sram_1": 1188651392, "hitrate_2": 49.3154609375, "accesses_1": 256000000, "hitrate_1": 29.019809375, "bytes_sram_total": 4420589440}