{"hits_total": 39580968, "cache_capacity_2": 6228480, "cache_entries_total": 49151, "cache_capacity_1": 7856, "bytes_total": 10649600000, "filter_ratio": 0.2, "accesses_2": 51200000, "accesses_total": 307200000, "cache_ratio": 0.01, "bytes_2": 6553600000, "cache_entries_1": 491, "cache_capacity_total": 6291456, "hits_1": 16894952, "hits_2": 22686016, "hitrate_total": 12.8844296875, "cache_entries_2": 48660, "bytes_sram_2": 2903810048, "bytes_1": 4096000000, "bytes_sram_1": 270319232, "hitrate_2": 44.308625, "accesses_1": 256000000, "hitrate_1": 6.599590625, "bytes_sram_total": 3174129280}