{"hits_total": 64148680, "cache_capacity_2": 8136832, "cache_entries_total": 65535, "cache_capacity_1": 31456, "bytes_total": 10649600000, "filter_ratio": 0.2, "accesses_2": 51200000, "accesses_total": 307200000, "cache_ratio": 0.03, "bytes_2": 6553600000, "cache_entries_1": 1966, "cache_capacity_total": 8388608, "hits_1": 40318152, "hits_2": 23830528, "hitrate_total": 20.881731770833333, "cache_entries_2": 63569, "bytes_sram_2": 3050307584, "bytes_1": 4096000000, "bytes_sram_1": 645090432, "hitrate_2": 46.544, "accesses_1": 256000000, "hitrate_1": 15.749278125, "bytes_sram_total": 3695398016}