{"hits_total": 148593488, "cache_capacity_2": 5033088, "cache_entries_total": 131071, "cache_capacity_1": 1468000, "bytes_total": 10649600000, "filter_ratio": 0.2, "accesses_2": 51200000, "accesses_total": 307200000, "cache_ratio": 0.7, "bytes_2": 6553600000, "cache_entries_1": 91750, "cache_capacity_total": 16777216, "hits_1": 126832768, "hits_2": 21760720, "hitrate_total": 48.37027604166666, "cache_entries_2": 39321, "bytes_sram_2": 2785372160, "bytes_1": 4096000000, "bytes_sram_1": 2029324288, "hitrate_2": 42.50140625, "accesses_1": 256000000, "hitrate_1": 49.54405, "bytes_sram_total": 4814696448}