{"hits_total": 72481112, "cache_capacity_2": 0, "cache_entries_total": 8192, "cache_capacity_1": 131072, "bytes_total": 10649600000, "filter_ratio": 0.2, "accesses_2": 51200000, "accesses_total": 307200000, "cache_ratio": 1.0, "bytes_2": 6553600000, "cache_entries_1": 8192, "cache_capacity_total": 1048576, "hits_1": 72481112, "hits_2": 0, "hitrate_total": 23.594111979166666, "cache_entries_2": 0, "bytes_sram_2": 0, "bytes_1": 4096000000, "bytes_sram_1": 1159697792, "hitrate_2": 0.0, "accesses_1": 256000000, "hitrate_1": 28.312934375, "bytes_sram_total": 1159697792}