{"hits_total": 93833112, "cache_capacity_2": 419328, "cache_entries_total": 16383, "cache_capacity_1": 209712, "bytes_total": 10649600000, "filter_ratio": 0.2, "accesses_2": 51200000, "accesses_total": 307200000, "cache_ratio": 0.8, "bytes_2": 6553600000, "cache_entries_1": 13107, "cache_capacity_total": 2097152, "hits_1": 83584100, "hits_2": 10249012, "hitrate_total": 30.5446328125, "cache_entries_2": 3276, "bytes_sram_2": 1311873536, "bytes_1": 4096000000, "bytes_sram_1": 1337345600, "hitrate_2": 20.0176015625, "accesses_1": 256000000, "hitrate_1": 32.6500390625, "bytes_sram_total": 2649219136}