{"hits_total": 112642204, "cache_capacity_2": 419328, "cache_entries_total": 32767, "cache_capacity_1": 471856, "bytes_total": 10649600000, "filter_ratio": 0.2, "accesses_2": 51200000, "accesses_total": 307200000, "cache_ratio": 0.9, "bytes_2": 6553600000, "cache_entries_1": 29491, "cache_capacity_total": 4194304, "hits_1": 102393192, "hits_2": 10249012, "hitrate_total": 36.667384114583335, "cache_entries_2": 3276, "bytes_sram_2": 1311873536, "bytes_1": 4096000000, "bytes_sram_1": 1638291072, "hitrate_2": 20.0176015625, "accesses_1": 256000000, "hitrate_1": 39.997340625, "bytes_sram_total": 2950164608}