{"hits_total": 119988008, "cache_capacity_2": 188672, "cache_entries_total": 49151, "cache_capacity_1": 762832, "bytes_total": 10649600000, "filter_ratio": 0.2, "accesses_2": 51200000, "accesses_total": 307200000, "cache_ratio": 0.97, "bytes_2": 6553600000, "cache_entries_1": 47677, "cache_capacity_total": 6291456, "hits_1": 113065912, "hits_2": 6922096, "hitrate_total": 39.05859635416667, "cache_entries_2": 1474, "bytes_sram_2": 886028288, "bytes_1": 4096000000, "bytes_sram_1": 1809054592, "hitrate_2": 13.51971875, "accesses_1": 256000000, "hitrate_1": 44.166371875, "bytes_sram_total": 2695082880}