{"hits_total": 33114304, "cache_capacity_2": 975104, "cache_entries_total": 8191, "cache_capacity_1": 9168, "bytes_total": 10649600000, "filter_ratio": 0.2, "accesses_2": 51200000, "accesses_total": 307200000, "cache_ratio": 0.07, "bytes_2": 6553600000, "cache_entries_1": 573, "cache_capacity_total": 1048576, "hits_1": 18962912, "hits_2": 14151392, "hitrate_total": 10.779395833333334, "cache_entries_2": 7618, "bytes_sram_2": 1811378176, "bytes_1": 4096000000, "bytes_sram_1": 303406592, "hitrate_2": 27.6394375, "accesses_1": 256000000, "hitrate_1": 7.4073875, "bytes_sram_total": 2114784768}