{"hits_total": 131087472, "cache_capacity_2": 838784, "cache_entries_total": 65535, "cache_capacity_1": 943712, "bytes_total": 10649600000, "filter_ratio": 0.2, "accesses_2": 51200000, "accesses_total": 307200000, "cache_ratio": 0.9, "bytes_2": 6553600000, "cache_entries_1": 58982, "cache_capacity_total": 8388608, "hits_1": 117643928, "hits_2": 13443544, "hitrate_total": 42.671703125, "cache_entries_2": 6553, "bytes_sram_2": 1720773632, "bytes_1": 4096000000, "bytes_sram_1": 1882302848, "hitrate_2": 26.256921875, "accesses_1": 256000000, "hitrate_1": 45.954659375, "bytes_sram_total": 3603076480}