{"hits_total": 74450088, "cache_capacity_2": 12205312, "cache_entries_total": 98303, "cache_capacity_1": 47184, "bytes_total": 10649600000, "filter_ratio": 0.2, "accesses_2": 51200000, "accesses_total": 307200000, "cache_ratio": 0.03, "bytes_2": 6553600000, "cache_entries_1": 2949, "cache_capacity_total": 12582912, "hits_1": 48944240, "hits_2": 25505848, "hitrate_total": 24.2350546875, "cache_entries_2": 95354, "bytes_sram_2": 3264748544, "bytes_1": 4096000000, "bytes_sram_1": 783107840, "hitrate_2": 49.816109375, "accesses_1": 256000000, "hitrate_1": 19.11884375, "bytes_sram_total": 4047856384}