{"hits_total": 72968312, "cache_capacity_2": 10368, "cache_entries_total": 8191, "cache_capacity_1": 129760, "bytes_total": 10649600000, "filter_ratio": 0.2, "accesses_2": 51200000, "accesses_total": 307200000, "cache_ratio": 0.99, "bytes_2": 6553600000, "cache_entries_1": 8110, "cache_capacity_total": 1048576, "hits_1": 72233796, "hits_2": 734516, "hitrate_total": 23.752705729166667, "cache_entries_2": 81, "bytes_sram_2": 94018048, "bytes_1": 4096000000, "bytes_sram_1": 1155740736, "hitrate_2": 1.4346015625, "accesses_1": 256000000, "hitrate_1": 28.2163265625, "bytes_sram_total": 1249758784}