{"hits_total": 131839688, "cache_capacity_2": 1677696, "cache_entries_total": 65535, "cache_capacity_1": 838848, "bytes_total": 10649600000, "filter_ratio": 0.2, "accesses_2": 51200000, "accesses_total": 307200000, "cache_ratio": 0.8, "bytes_2": 6553600000, "cache_entries_1": 52428, "cache_capacity_total": 8388608, "hits_1": 115120024, "hits_2": 16719664, "hitrate_total": 42.916565104166665, "cache_entries_2": 13107, "bytes_sram_2": 2140116992, "bytes_1": 4096000000, "bytes_sram_1": 1841920384, "hitrate_2": 32.65559375, "accesses_1": 256000000, "hitrate_1": 44.968759375, "bytes_sram_total": 3982037376}