{"hits_total": 141371944, "cache_capacity_2": 3774848, "cache_entries_total": 98303, "cache_capacity_1": 1100992, "bytes_total": 10649600000, "filter_ratio": 0.2, "accesses_2": 51200000, "accesses_total": 307200000, "cache_ratio": 0.7, "bytes_2": 6553600000, "cache_entries_1": 68812, "cache_capacity_total": 12582912, "hits_1": 120901280, "hits_2": 20470664, "hitrate_total": 46.01951302083334, "cache_entries_2": 29491, "bytes_sram_2": 2620244992, "bytes_1": 4096000000, "bytes_sram_1": 1934420480, "hitrate_2": 39.981765625, "accesses_1": 256000000, "hitrate_1": 47.2270625, "bytes_sram_total": 4554665472}