{"hits_total": 121472140, "cache_capacity_2": 5033088, "cache_entries_total": 65535, "cache_capacity_1": 419424, "bytes_total": 10649600000, "filter_ratio": 0.2, "accesses_2": 51200000, "accesses_total": 307200000, "cache_ratio": 0.4, "bytes_2": 6553600000, "cache_entries_1": 26214, "cache_capacity_total": 8388608, "hits_1": 99711420, "hits_2": 21760720, "hitrate_total": 39.54171223958333, "cache_entries_2": 39321, "bytes_sram_2": 2785372160, "bytes_1": 4096000000, "bytes_sram_1": 1595382720, "hitrate_2": 42.50140625, "accesses_1": 256000000, "hitrate_1": 38.9497734375, "bytes_sram_total": 4380754880}