{"hits_total": 57194652, "cache_capacity_2": 6102656, "cache_entries_total": 49151, "cache_capacity_1": 23584, "bytes_total": 10649600000, "filter_ratio": 0.2, "accesses_2": 51200000, "accesses_total": 307200000, "cache_ratio": 0.03, "bytes_2": 6553600000, "cache_entries_1": 1474, "cache_capacity_total": 6291456, "hits_1": 34595524, "hits_2": 22599128, "hitrate_total": 18.61805078125, "cache_entries_2": 47677, "bytes_sram_2": 2892688384, "bytes_1": 4096000000, "bytes_sram_1": 553528384, "hitrate_2": 44.138921875, "accesses_1": 256000000, "hitrate_1": 13.5138765625, "bytes_sram_total": 3446216768}