{"hits_total": 48065636, "cache_capacity_2": 4068352, "cache_entries_total": 32767, "cache_capacity_1": 15728, "bytes_total": 10649600000, "filter_ratio": 0.2, "accesses_2": 51200000, "accesses_total": 307200000, "cache_ratio": 0.03, "bytes_2": 6553600000, "cache_entries_1": 983, "cache_capacity_total": 4194304, "hits_1": 27254880, "hits_2": 20810756, "hitrate_total": 15.646365885416667, "cache_entries_2": 31784, "bytes_sram_2": 2663776768, "bytes_1": 4096000000, "bytes_sram_1": 436078080, "hitrate_2": 40.6460078125, "accesses_1": 256000000, "hitrate_1": 10.6464375, "bytes_sram_total": 3099854848}