{"hits_total": 33257704, "cache_capacity_2": 4152320, "cache_entries_total": 32767, "cache_capacity_1": 5232, "bytes_total": 10649600000, "filter_ratio": 0.2, "accesses_2": 51200000, "accesses_total": 307200000, "cache_ratio": 0.01, "bytes_2": 6553600000, "cache_entries_1": 327, "cache_capacity_total": 4194304, "hits_1": 12355392, "hits_2": 20902312, "hitrate_total": 10.826075520833333, "cache_entries_2": 32440, "bytes_sram_2": 2675495936, "bytes_1": 4096000000, "bytes_sram_1": 197686272, "hitrate_2": 40.824828125, "accesses_1": 256000000, "hitrate_1": 4.826325, "bytes_sram_total": 2873182208}