{"hits_total": 24610456, "cache_capacity_2": 2076160, "cache_entries_total": 16383, "cache_capacity_1": 2608, "bytes_total": 10649600000, "filter_ratio": 0.2, "accesses_2": 51200000, "accesses_total": 307200000, "cache_ratio": 0.01, "bytes_2": 6553600000, "cache_entries_1": 163, "cache_capacity_total": 2097152, "hits_1": 6892744, "hits_2": 17717712, "hitrate_total": 8.011216145833334, "cache_entries_2": 16220, "bytes_sram_2": 2267867136, "bytes_1": 4096000000, "bytes_sram_1": 110283904, "hitrate_2": 34.60490625, "accesses_1": 256000000, "hitrate_1": 2.692478125, "bytes_sram_total": 2378151040}