{"hits_total": 93693940, "cache_capacity_2": 209664, "cache_entries_total": 16383, "cache_capacity_1": 235920, "bytes_total": 10649600000, "filter_ratio": 0.2, "accesses_2": 51200000, "accesses_total": 307200000, "cache_ratio": 0.9, "bytes_2": 6553600000, "cache_entries_1": 14745, "cache_capacity_total": 2097152, "hits_1": 86363436, "hits_2": 7330504, "hitrate_total": 30.49932942708333, "cache_entries_2": 1638, "bytes_sram_2": 938304512, "bytes_1": 4096000000, "bytes_sram_1": 1381814976, "hitrate_2": 14.317390625, "accesses_1": 256000000, "hitrate_1": 33.7357171875, "bytes_sram_total": 2320119488}