{"hits_total": 125741404, "cache_capacity_2": 4194304, "cache_entries_total": 65536, "cache_capacity_1": 524288, "bytes_total": 10649600000, "filter_ratio": 0.2, "accesses_2": 51200000, "accesses_total": 307200000, "cache_ratio": 0.5, "bytes_2": 6553600000, "cache_entries_1": 32768, "cache_capacity_total": 8388608, "hits_1": 104793296, "hits_2": 20948108, "hitrate_total": 40.931446614583336, "cache_entries_2": 32768, "bytes_sram_2": 2681357824, "bytes_1": 4096000000, "bytes_sram_1": 1676692736, "hitrate_2": 40.9142734375, "accesses_1": 256000000, "hitrate_1": 40.93488125, "bytes_sram_total": 4358050560}