{"hits_total": 143841300, "cache_capacity_2": 8388608, "cache_entries_total": 131072, "cache_capacity_1": 1048576, "bytes_total": 10649600000, "filter_ratio": 0.2, "accesses_2": 51200000, "accesses_total": 307200000, "cache_ratio": 0.5, "bytes_2": 6553600000, "cache_entries_1": 65536, "cache_capacity_total": 16777216, "hits_1": 119880240, "hits_2": 23961060, "hitrate_total": 46.82333984375, "cache_entries_2": 65536, "bytes_sram_2": 3067015680, "bytes_1": 4096000000, "bytes_sram_1": 1918083840, "hitrate_2": 46.7989453125, "accesses_1": 256000000, "hitrate_1": 46.82821875, "bytes_sram_total": 4985099520}