{"hits_total": 20948108, "cache_capacity_2": 4194304, "cache_entries_total": 32768, "cache_capacity_1": 0, "bytes_total": 10649600000, "filter_ratio": 0.2, "accesses_2": 51200000, "accesses_total": 307200000, "cache_ratio": 0.0, "bytes_2": 6553600000, "cache_entries_1": 0, "cache_capacity_total": 4194304, "hits_1": 0, "hits_2": 20948108, "hitrate_total": 6.819045572916667, "cache_entries_2": 32768, "bytes_sram_2": 2681357824, "bytes_1": 4096000000, "bytes_sram_1": 0, "hitrate_2": 40.9142734375, "accesses_1": 256000000, "hitrate_1": 0.0, "bytes_sram_total": 2681357824}