{"hits_total": 73074308, "cache_capacity_2": 314496, "cache_entries_total": 8191, "cache_capacity_1": 91744, "bytes_total": 10649600000, "filter_ratio": 0.2, "accesses_2": 51200000, "accesses_total": 307200000, "cache_ratio": 0.7, "bytes_2": 6553600000, "cache_entries_1": 5734, "cache_capacity_total": 1048576, "hits_1": 64077900, "hits_2": 8996408, "hitrate_total": 23.787209635416666, "cache_entries_2": 2457, "bytes_sram_2": 1151540224, "bytes_1": 4096000000, "bytes_sram_1": 1025246400, "hitrate_2": 17.571109375, "accesses_1": 256000000, "hitrate_1": 25.0304296875, "bytes_sram_total": 2176786624}