{"hits_total": 130823360, "cache_capacity_2": 754944, "cache_entries_total": 65535, "cache_capacity_1": 954192, "bytes_total": 10649600000, "filter_ratio": 0.2, "accesses_2": 51200000, "accesses_total": 307200000, "cache_ratio": 0.91, "bytes_2": 6553600000, "cache_entries_1": 59637, "cache_capacity_total": 8388608, "hits_1": 117876088, "hits_2": 12947272, "hitrate_total": 42.58572916666667, "cache_entries_2": 5898, "bytes_sram_2": 1657250816, "bytes_1": 4096000000, "bytes_sram_1": 1886017408, "hitrate_2": 25.287640625, "accesses_1": 256000000, "hitrate_1": 46.045346875, "bytes_sram_total": 3543268224}